id,text,label,label_id,split
1,今日はフィギュアスケートの道具を買い替えたい。無理なく長く続けたい。,スポーツ,3,train
2,来月に向けて、セキュリティを自作してみたい。,IT・テクノロジー,0,train
3,朝からテニスを練習している。次の試合も楽しみにしている。,スポーツ,3,test
4,最近、味噌汁がおいしかったのでメモしておいた。,食事・料理,1,train
5,セキュリティの性能を比較したい。,IT・テクノロジー,0,validation
6,今週は中央銀行が企業業績に与える影響を調べた。,金融・経済,4,train
7,トレーニングを週末に楽しんでいるので情報を集めている。,スポーツ,3,test
8,今週はランニングの結果を確認した。もっと上達する方法を探している。,スポーツ,3,train
9,昨日、唐揚げを冷凍保存したいのでメモしておいた。,食事・料理,1,train
10,朝からサラダのカロリーが気になる。家族にも好評な味にしたい。,食事・料理,1,train
11,家で新幹線へ週末に出かけるので情報を集めている。,旅行・観光,2,train
12,昨日、寺でお土産を買いたいので詳しく調べている。,旅行・観光,2,train
13,来月に向けて、ボクシングを友人とプレーした。無理なく長く続けたい。,スポーツ,3,train
14,ネットでお土産で泊まりたい。,旅行・観光,2,train
15,昨日、パスタを食べ比べたい。家族にも好評な味にしたい。,食事・料理,1,train
16,家でTOPIXが上がっている。,金融・経済,4,train
17,最近、Windowsの設定を見直したい。新しい機能も試してみたい。,IT・テクノロジー,0,test
18,仕事の合間にシーフードを昼ごはんに食べた。,食事・料理,1,test
19,昨日、Linuxを高速化したい。,IT・テクノロジー,0,train
20,友人と話していて、サッカーを観戦したい。,スポーツ,3,train
21,朝からプロ野球の道具を買い替えたい。,スポーツ,3,train
22,少し前からチームを毎週続けている。選手のプレーを参考にしたい。,スポーツ,3,train
23,ふと思って、モニターでエラーが出た。新しい機能も試してみたい。,IT・テクノロジー,0,train
24,最近、原油価格の動向に注目している！,金融・経済,4,train
25,今日は大阪へ連休に行く予定だ！,旅行・観光,2,train
26,最近、ボクシングのルールを調べているので情報を集めている。,スポーツ,3,train
27,家でファイアウォールの構成を考えている！,IT・テクノロジー,0,train
28,来月に向けて、新幹線を観光したい。移動時間をなるべく短くしたい。,旅行・観光,2,test
29,来月に向けて、モニターを接続したい。,IT・テクノロジー,0,train
30,ネットで展望台へ新幹線で行く。現地のおいしいものも楽しみたい。,旅行・観光,2,train
31,家でボクシングの戦術を分析したいので情報を集めている。,スポーツ,3,train
32,少し前からLinuxについて調べている！,IT・テクノロジー,0,train
33,休日にAIがほしい。,IT・テクノロジー,0,train
34,仕事の合間に博物館でお土産を買いたい,旅行・観光,2,train
35,休日にNBAを毎週続けているので情報を集めている。,スポーツ,3,train
36,来月に向けて、Webアプリを業務に活用したい。,IT・テクノロジー,0,train
37,今週はVS Codeでツールを作りたい。,IT・テクノロジー,0,test
38,来月に向けて、鍋料理の店を探している！,食事・料理,1,train
39,ネットでレストランを食べたい。家族にも好評な味にしたい。,食事・料理,1,train
40,資産運用について基本から学びたい。長期的な傾向を見て判断したい。,金融・経済,4,train
41,仕事の合間にネットワークのログを確認している。,IT・テクノロジー,0,train
42,休日に日本銀行の見通しを確認している。リスクとリターンの両方を考えたい。,金融・経済,4,train
43,ふと思って、資産運用を資産形成に活用したいので情報を集めている。,金融・経済,4,train
44,今週は観光地への交通費を調べている。混雑を避けて回りたい。,旅行・観光,2,validation
45,家で得点が上手くなりたい。,スポーツ,3,train
46,今週はクレジットカードについて家計への影響を確認したのが最近の関心事だ。,金融・経済,4,validation
47,休日に政策金利の予測を確認していると思っている。,金融・経済,4,train
48,ふと思って、投資信託の動向に注目している。数字の背景も理解したい。,金融・経済,4,test
49,友人と話していて、札幌で写真を撮りたいと思っている。,旅行・観光,2,train
50,友人と話していて、ホームランで記録を伸ばしたいと思っている。,スポーツ,3,train
51,ルーターでエラーが出たのが最近の関心事だ。,IT・テクノロジー,0,train
52,昨日、中央銀行を資産形成に活用したいのでメモしておいた。,金融・経済,4,train
53,少し前から広島へ新幹線で行く,旅行・観光,2,train
54,Windowsをアップデートしたい。,IT・テクノロジー,0,train
55,友人と話していて、レストランを昼ごはんに食べた。休日にゆっくり楽しみたい。,食事・料理,1,train
56,ネットでバレーの練習試合に参加した,スポーツ,3,test
57,仕事の合間にトーナメントで体を動かしたい。,スポーツ,3,train
58,ふと思って、博物館でお土産を買いたいと思っている。,旅行・観光,2,train
59,ふと思って、Linuxの使い方を知りたい。できれば使いやすいものを選びたい。,IT・テクノロジー,0,train
60,今日は卓球の試合を見たので詳しく調べている。,スポーツ,3,validation
61,昨日、デフレについて経済指標を見ている。リスクとリターンの両方を考えたい。,金融・経済,4,train
62,最近、親子丼を簡単に作りたい。休日にゆっくり楽しみたい。,食事・料理,1,train
63,朝から博物館へ一人旅したい。家族でも楽しめる場所がいい。,旅行・観光,2,train
64,少し前から水族館の宿泊費を比較している。現地のおいしいものも楽しみたい。,旅行・観光,2,train
65,休日に絶景スポットをレンタカーで巡りたい。,旅行・観光,2,train
66,今日はキャンプ場の混雑状況が気になる。宿泊先の評判も確認している。,旅行・観光,2,train
67,昨日、お土産を家族で訪れたい。混雑を避けて回りたい。,旅行・観光,2,train
68,ネットでゲーミングPCを開発している,IT・テクノロジー,0,train
69,ケーキを家族と食べたい。辛さは控えめにしたい。,食事・料理,1,train
70,朝からSQLについて学習中だ。速度と安定性を重視している。,IT・テクノロジー,0,train
71,昨日、ピザをもう一度食べたい。辛さは控えめにしたい。,食事・料理,1,train
72,魚料理を食べ比べたい！,食事・料理,1,train
73,フォームの選手を応援している,スポーツ,3,train
74,AWSを買い替えたい。仕事でも使える構成にしたい。,IT・テクノロジー,0,train
75,ネットで唐揚げを冷凍保存したい。,食事・料理,1,validation
76,今週はピザに野菜を追加したい。辛さは控えめにしたい。,食事・料理,1,train
77,最近、消費税を家計簿と一緒に確認している。長期的な傾向を見て判断したい。,金融・経済,4,train
78,朝から機械学習を業務に活用したい。新しい機能も試してみたい。,IT・テクノロジー,0,train
79,そばを手作りした。,食事・料理,1,validation
80,ふと思って、マウスを自動化に使いたい。速度と安定性を重視している。,IT・テクノロジー,0,train
81,少し前から那覇を家族で訪れたいのが最近の関心事だ。,旅行・観光,2,train
82,休日に自転車競技を週末に楽しんでいる。,スポーツ,3,train
83,昨日、刺身を注文したと考えている。,食事・料理,1,train
84,ふと思って、原油価格を家計簿と一緒に確認している。短期的な変動だけで判断しないようにしたい。,金融・経済,4,train
85,最近、マラソンの試合を見た。体力づくりにも役立てたい。,スポーツ,3,validation
86,朝からうどんを友人と食べに行くと考えている。,食事・料理,1,train
87,最近、山へ行きたい。宿泊先の評判も確認している。,旅行・観光,2,train
88,今日は企業業績が生活費に響いているのが最近の関心事だ。,金融・経済,4,train
89,サッカーの練習メニューを考えている,スポーツ,3,train
90,友人と話していて、大会のルールを調べている！,スポーツ,3,test
91,友人と話していて、観光バスから帰ってきたと思っている。,旅行・観光,2,validation
92,ネットで飛行機で食べ歩きしたい！,旅行・観光,2,train
93,来月に向けて、配当を毎日チェックしている。複数の情報源を比較している。,金融・経済,4,train
94,仕事の合間に経済ニュースの変化が気になっているので詳しく調べている。,金融・経済,4,validation
95,朝からキーボードを業務に活用したいので詳しく調べている。,IT・テクノロジー,0,train
96,ふと思って、レスリングの結果を確認したと考えている。,スポーツ,3,validation
97,今週は柔道のプロ選手を目指している。無理なく長く続けたい。,スポーツ,3,train
98,ネットでオリンピックを週末に楽しんでいると考えている。,スポーツ,3,train
99,家でバックアップを仕事で使いたい。,IT・テクノロジー,0,train
100,友人と話していて、札幌の旅行プランを作っている。家族でも楽しめる場所がいい。,旅行・観光,2,train
101,仕事の合間にサーバーの性能を比較したい。,IT・テクノロジー,0,validation
102,ふと思って、マラソンの大会をテレビで見たのでメモしておいた。,スポーツ,3,train
103,来月に向けて、大阪の旅館を予約したい,旅行・観光,2,train
104,昨日、年金の変化が気になっていると思っている。,金融・経済,4,train
105,少し前から体操の練習メニューを考えている,スポーツ,3,test
106,家で大会のプロ選手を目指している。,スポーツ,3,train
107,ネットで函館のおすすめルートを知りたい。交通費を抑えたプランにしたい。,旅行・観光,2,train
108,VS Codeを自作してみたい。新しい機能も試してみたい。,IT・テクノロジー,0,train
109,友人と話していて、試合のチームに入りたい。選手のプレーを参考にしたい。,スポーツ,3,train
110,来月に向けて、プロ野球を観戦したい。選手のプレーを参考にしたい。,スポーツ,3,train
111,ふと思って、メモリを開発している。できれば使いやすいものを選びたい。,IT・テクノロジー,0,train
112,仕事の合間にラーメンのレシピを探している。できれば簡単に作れる方法がいい。,食事・料理,1,train
113,朝から山をレンタカーで巡りたいので情報を集めている。,旅行・観光,2,train
114,昨日、水泳の大会をテレビで見たので詳しく調べている。,スポーツ,3,validation
115,今週は国内旅行で泊まりたい。家族でも楽しめる場所がいい。,旅行・観光,2,train
116,来月に向けて、株式の仕組みを知りたいので詳しく調べている。,金融・経済,4,train
117,休日に卓球を週末に楽しんでいる,スポーツ,3,train
118,ふと思って、プリンを手作りした。,食事・料理,1,train
119,レンタカーの景色を見たい,旅行・観光,2,train
120,ふと思って、餃子の材料を買ってきた。,食事・料理,1,train
121,最近、牛丼を朝食に用意した。家族にも好評な味にしたい。,食事・料理,1,train
122,休日にキャンプ場で温泉に入りたいと思っている。,旅行・観光,2,train
123,来月に向けて、レストランのおすすめを知りたい。,食事・料理,1,train
124,昨日、利益について家計への影響を確認した。,金融・経済,4,train
125,ふと思って、Copilotでエラーが出た。予算と性能のバランスも気になる。,IT・テクノロジー,0,train
126,休日にリーグ戦のプロ選手を目指している。,スポーツ,3,train
127,ふと思って、ランチをテイクアウトしたい。辛さは控えめにしたい。,食事・料理,1,train
128,家でVPNを買い替えたい。,IT・テクノロジー,0,train
129,ゲーミングPCを新しくしたい。,IT・テクノロジー,0,train
130,少し前からゲーミングPCの容量を増やしたい。,IT・テクノロジー,0,train
131,少し前から所得税の動きを確認しているので詳しく調べている。,金融・経済,4,train
132,昨日、SSDを自動化に使いたいので情報を集めている。,IT・テクノロジー,0,train
133,ふと思って、たこ焼きのおすすめを知りたい。できれば簡単に作れる方法がいい。,食事・料理,1,train
134,来月に向けて、調味料を辛めに作りたいので詳しく調べている。,食事・料理,1,test
135,休日に為替レートについて勉強している。,金融・経済,4,validation
136,朝から筋肉を練習している。基礎からフォームを見直したい。,スポーツ,3,train
137,家でうどんに合う調味料を知りたい。,食事・料理,1,train
138,昨日、PCを仕事で使いたい。新しい機能も試してみたい。,IT・テクノロジー,0,train
139,家で大会のスタジアムへ行きたいので詳しく調べている。,スポーツ,3,train
140,昨日、温泉街をレンタカーで巡りたい。,旅行・観光,2,train
141,昨日、利益についてデータを集めている。,金融・経済,4,train
142,少し前からデフレを長期的に見ていると考えている。,金融・経済,4,train
143,原油価格の仕組みを知りたい。リスクとリターンの両方を考えたい。,金融・経済,4,train
144,ネットで海外旅行の景色を見たい。,旅行・観光,2,train
145,今週は自転車競技のチームに入りたい。,スポーツ,3,train
146,昨日、そばを手作りした！,食事・料理,1,test
147,友人と話していて、デザートの店を探している。,食事・料理,1,train
148,今週はサッカーを練習している！,スポーツ,3,train
149,友人と話していて、株価について基本から学びたい！,金融・経済,4,train
150,仕事の合間に道の駅のおすすめルートを知りたい。現地のおいしいものも楽しみたい。,旅行・観光,2,train
151,今日は城で食べ歩きしたい,旅行・観光,2,train
152,ネットでレストランの作り方を覚えたい。,食事・料理,1,train
153,少し前から売上を家計簿と一緒に確認している。複数の情報源を比較している。,金融・経済,4,train
154,今週はLLMがほしい。速度と安定性を重視している。,IT・テクノロジー,0,test
155,休日に陸上を週末に楽しんでいる！,スポーツ,3,train
156,ふと思って、賃金を毎日チェックしている！,金融・経済,4,train
157,仕事の合間にケーキの店を探している。,食事・料理,1,train
158,最近、Google Cloudを仕事で使いたい。速度と安定性を重視している。,IT・テクノロジー,0,train
159,ふと思って、沖縄への旅行を計画していると思っている。,旅行・観光,2,train
160,ネットでレスリングの選手成績を調べているので詳しく調べている。,スポーツ,3,train
161,友人と話していて、金沢で写真を撮りたいと考えている。,旅行・観光,2,train
162,休日に長崎を観光したい！,旅行・観光,2,train
163,仕事の合間にGitHubについて調べている。,IT・テクノロジー,0,train
164,朝からチームのチームに入りたいのでメモしておいた。,スポーツ,3,train
165,休日に住宅ローンの仕組みを知りたい。,金融・経済,4,test
166,昨日、ローンをニュースで見た,金融・経済,4,train
167,来月に向けて、トーナメントが上手くなりたいので詳しく調べている。,スポーツ,3,validation
168,監督の練習試合に参加した。,スポーツ,3,train
169,少し前からレストランの味付けを工夫したい。,食事・料理,1,train
170,少し前から円相場について経済指標を見ているので情報を集めている。,金融・経済,4,train
171,家でSSDの容量を増やしたい。仕事でも使える構成にしたい。,IT・テクノロジー,0,train
172,最近、売上の予測を確認している。短期的な変動だけで判断しないようにしたい。,金融・経済,4,train
173,少し前からデータベースのログを確認していると考えている。,IT・テクノロジー,0,train
174,休日にサラダを家族と食べたい！,食事・料理,1,train
175,家で博物館の旅館を予約したい。,旅行・観光,2,train
176,今週は肉料理を食べ比べたい。休日にゆっくり楽しみたい。,食事・料理,1,train
177,朝からサッカーのスタジアムへ行きたい。次の試合も楽しみにしている。,スポーツ,3,train
178,昨日、iPadを高速化したい。,IT・テクノロジー,0,train
179,ネットで海外旅行の混雑状況が気になる。宿泊先の評判も確認している。,旅行・観光,2,train
180,ふと思って、利益を家計簿と一緒に確認している。,金融・経済,4,test
181,友人と話していて、天ぷらを食べたい。,食事・料理,1,train
182,ネットでテニスで汗を流したので情報を集めている。,スポーツ,3,train
183,少し前から観光地への交通費を調べている,旅行・観光,2,train
184,今日はジョギングの試合を見た。もっと上達する方法を探している。,スポーツ,3,train
185,少し前から日経平均が上がっている。,金融・経済,4,train
186,最近、住宅ローンをニュース記事で読んだ。複数の情報源を比較している。,金融・経済,4,train
187,今週は観光地で温泉に入りたい！,旅行・観光,2,train
188,ネットでPythonのログを確認しているので情報を集めている。,IT・テクノロジー,0,train
189,少し前から日経平均を比較しているのが最近の関心事だ。,金融・経済,4,train
190,来月に向けて、円相場を資産形成に活用したい。複数の情報源を比較している。,金融・経済,4,train
191,休日に所得税を家計簿と一緒に確認している。複数の情報源を比較している。,金融・経済,4,train
192,友人と話していて、セキュリティについて学習中だ。,IT・テクノロジー,0,validation
193,最近、函館を観光したい。交通費を抑えたプランにしたい。,旅行・観光,2,train
194,今週はスノーボードのプロ選手を目指している。,スポーツ,3,train
195,仕事の合間に予算の予測を確認していると考えている。,金融・経済,4,train
196,ふと思って、OSの使い方を知りたい。速度と安定性を重視している。,IT・テクノロジー,0,train
197,昨日、投資についてデータを集めている。短期的な変動だけで判断しないようにしたい。,金融・経済,4,train
198,最近、城までの行き方を調べている。家族でも楽しめる場所がいい。,旅行・観光,2,train
199,友人と話していて、モニターの容量を増やしたい。新しい機能も試してみたい。,IT・テクノロジー,0,validation
200,ふと思って、税金を比較している。リスクとリターンの両方を考えたい。,金融・経済,4,train
201,友人と話していて、AIを試してみたい。,IT・テクノロジー,0,train
202,最近、ラーメンを冷凍保存したいのでメモしておいた。,食事・料理,1,train
203,少し前から札幌を家族で訪れたいのでメモしておいた。,旅行・観光,2,test
204,今週はバックアップの使い方を知りたいと考えている。,IT・テクノロジー,0,validation
205,ふと思って、刺身のおすすめを知りたいと思っている。,食事・料理,1,train
206,家で弁当の人気店を調べている。,食事・料理,1,train
207,最近、GDPを毎日チェックしている。家計への影響も確認しておきたい。,金融・経済,4,train
208,友人と話していて、VPNを高速化したい。予算と性能のバランスも気になる。,IT・テクノロジー,0,validation
209,ネットで売上への影響を調べている。短期的な変動だけで判断しないようにしたい。,金融・経済,4,validation
210,昨日、PCを高速化したいので詳しく調べている。,IT・テクノロジー,0,train
211,仕事の合間にタブレットの最新版が気になる。初心者でも扱いやすい方法を探している。,IT・テクノロジー,0,test
212,今週はGPUについて調べている。新しい機能も試してみたい。,IT・テクノロジー,0,train
213,朝からPCを新しくしたいと思っている。,IT・テクノロジー,0,train
214,来月に向けて、函館のホテルを探している。,旅行・観光,2,train
215,家でアプリの動作が遅い。,IT・テクノロジー,0,train
216,今週はAIを接続したいので詳しく調べている。,IT・テクノロジー,0,train
217,昨日、定食のレシピを探している,食事・料理,1,train
218,家でラーメンを食べ比べたい。できれば簡単に作れる方法がいい。,食事・料理,1,train
219,朝からモニターを買い替えたい。,IT・テクノロジー,0,train
220,今日は景気のリスクを考えているのでメモしておいた。,金融・経済,4,train
221,昨日、バレーのトレーニングを始めた。基礎からフォームを見直したい。,スポーツ,3,train
222,朝から離島へ新幹線で行く。交通費を抑えたプランにしたい。,旅行・観光,2,train
223,ふと思って、温泉までの行き方を調べているので情報を集めている。,旅行・観光,2,train
224,来月に向けて、Webアプリを新しくしたい。,IT・テクノロジー,0,train
225,ふと思って、ドル円を長期的に見ているのが最近の関心事だ。,金融・経済,4,validation
226,来月に向けて、体育館の観戦チケットを取ったので詳しく調べている。,スポーツ,3,train
227,ネットで新幹線でゆっくり過ごしたいと思っている。,旅行・観光,2,train
228,少し前から株価について経済指標を見ている。長期的な傾向を見て判断したい。,金融・経済,4,train
229,生成AIでツールを作りたい。予算と性能のバランスも気になる。,IT・テクノロジー,0,train
230,シチューのレシピを探しているので詳しく調べている。,食事・料理,1,train
231,今週はホテルをレンタカーで巡りたい。混雑を避けて回りたい。,旅行・観光,2,train
232,友人と話していて、バレーの大会をテレビで見た。次の試合も楽しみにしている。,スポーツ,3,train
233,休日にレシピを簡単に作りたい。,食事・料理,1,validation
234,家でレスリングで汗を流した！,スポーツ,3,train
235,昨日、卓球を週末に楽しんでいる！,スポーツ,3,test
236,休日にコンテナのセキュリティを強化したい。予算と性能のバランスも気になる。,IT・テクノロジー,0,train
237,最近、スポーツ観戦の選手成績を調べている。もっと上達する方法を探している。,スポーツ,3,validation
238,来月に向けて、物価の変化が気になっている。,金融・経済,4,train
239,今日は調味料を辛めに作りたい。家族にも好評な味にしたい。,食事・料理,1,train
240,家で卓球で体を動かしたいので詳しく調べている。,スポーツ,3,train
241,少し前から経済成長が下がっている！,金融・経済,4,train
242,ネットで練習の大会に出たい。基礎からフォームを見直したい。,スポーツ,3,train
243,休日に投資の仕組みを知りたい。数字の背景も理解したい。,金融・経済,4,train
244,今日はメモリの容量を増やしたい。仕事でも使える構成にしたい。,IT・テクノロジー,0,test
245,今日はファイアウォールを新しくしたい。予算と性能のバランスも気になる。,IT・テクノロジー,0,train
246,筋肉の日本代表が気になる。,スポーツ,3,train
247,休日にラグビーで記録を伸ばしたい！,スポーツ,3,train
248,ネットで練習の日本代表が気になる。,スポーツ,3,validation
249,家でセキュリティでツールを作りたい！,IT・テクノロジー,0,test
250,ふと思って、LLMを新しくしたい。,IT・テクノロジー,0,train
251,仕事の合間にワールドカップの大会結果に驚いたのでメモしておいた。,スポーツ,3,test
252,休日にデスクトップPCを勉強したいので情報を集めている。,IT・テクノロジー,0,train
253,来月に向けて、ピザを食べたい。できれば簡単に作れる方法がいい。,食事・料理,1,test
254,少し前からおにぎりを作りたい。,食事・料理,1,train
255,今週はレシピの作り方を覚えたい！,食事・料理,1,train
256,来月に向けて、カフェのレシピを探している。休日にゆっくり楽しみたい。,食事・料理,1,train
257,休日に卓球を週末に楽しんでいる。もっと上達する方法を探している。,スポーツ,3,validation
258,休日に野菜を冷凍保存したいと考えている。,食事・料理,1,validation
259,仕事の合間に博物館へ一人旅したい。,旅行・観光,2,train
260,朝から市場の動きを確認している。数字の背景も理解したい。,金融・経済,4,train
261,最近、デフレをニュースで見た。数字の背景も理解したい。,金融・経済,4,train
262,ふと思って、クラウドの使い方を知りたい。,IT・テクノロジー,0,test
263,友人と話していて、VS Codeの容量を増やしたい。,IT・テクノロジー,0,validation
264,朝からラグビーのフォームを改善したい。,スポーツ,3,validation
265,来月に向けて、金利のリスクを考えている。数字の背景も理解したい。,金融・経済,4,train
266,今週はゴールの練習試合に参加した。選手のプレーを参考にしたい。,スポーツ,3,test
267,家でジョギングの得点シーンを見返した。もっと上達する方法を探している。,スポーツ,3,train
268,朝からAPIを開発していると考えている。,IT・テクノロジー,0,train
269,来月に向けて、ランチをもう一度食べたいと考えている。,食事・料理,1,train
270,来月に向けて、スマホについて調べている！,IT・テクノロジー,0,validation
271,来月に向けて、陸上を週末に楽しんでいる。選手のプレーを参考にしたい。,スポーツ,3,train
272,テニスを毎週続けている。,スポーツ,3,train
273,今週は金沢へ連休に行く予定だので詳しく調べている。,旅行・観光,2,train
274,仕事の合間に決算の仕組みを知りたい。複数の情報源を比較している。,金融・経済,4,train
275,友人と話していて、PCを自作してみたい。,IT・テクノロジー,0,train
276,今週は中央銀行について基本から学びたい。,金融・経済,4,train
277,ふと思って、プリンをさっぱり味にしたい。できれば簡単に作れる方法がいい。,食事・料理,1,train
278,休日にゴールで汗を流した。無理なく長く続けたい。,スポーツ,3,train
279,友人と話していて、マラソンの大会をテレビで見たので詳しく調べている。,スポーツ,3,test
280,定食を冷凍保存したい！,食事・料理,1,train
281,休日にジョギングの大会結果に驚いた。もっと上達する方法を探している。,スポーツ,3,train
282,家でセキュリティを自動化に使いたい。新しい機能も試してみたい。,IT・テクノロジー,0,train
283,昨日、そばに合う調味料を知りたい。近くのおいしい店も探している。,食事・料理,1,train
284,ネットで空港から帰ってきた。,旅行・観光,2,train
285,ふと思って、サッカーの試合日程を見ているので詳しく調べている。,スポーツ,3,train
286,少し前から博物館で食べ歩きしたい。宿泊先の評判も確認している。,旅行・観光,2,train
287,来月に向けて、神戸で食べ歩きしたい。移動時間をなるべく短くしたい。,旅行・観光,2,train
288,来月に向けて、おにぎりを作りたい。できれば簡単に作れる方法がいい。,食事・料理,1,train
289,昨日、カレーの作り方を覚えたい！,食事・料理,1,train
290,今日は温泉を観光したいのでメモしておいた。,旅行・観光,2,train
291,友人と話していて、ゴールの試合日程を見ている！,スポーツ,3,train
292,ふと思って、カフェのカロリーが気になる,食事・料理,1,test
293,仕事の合間にパンのおすすめを知りたい。休日にゆっくり楽しみたい。,食事・料理,1,train
294,休日に貯金をニュース記事で読んだ。家計への影響も確認しておきたい。,金融・経済,4,train
295,家で野球の戦術を分析したい。基礎からフォームを見直したい。,スポーツ,3,train
296,来月に向けて、パソコンのログを確認していると思っている。,IT・テクノロジー,0,train
297,今日は為替への影響を調べている！,金融・経済,4,train
298,朝からVPNを設定している。仕事でも使える構成にしたい。,IT・テクノロジー,0,train
299,休日にファイアウォールがほしいので情報を集めている。,IT・テクノロジー,0,train
300,ふと思って、中央銀行について基本から学びたいのが最近の関心事だ。,金融・経済,4,train
301,配当が企業業績に与える影響を調べた。,金融・経済,4,train
302,仕事の合間にハンバーグの店を探している！,食事・料理,1,train
303,最近、自転車競技の大会をテレビで見た。基礎からフォームを見直したい。,スポーツ,3,train
304,家でキーボードの容量を増やしたい。,IT・テクノロジー,0,train
305,債券を家計簿と一緒に確認しているのでメモしておいた。,金融・経済,4,train
306,家で年金について勉強しているのが最近の関心事だ。,金融・経済,4,validation
307,紅茶をお弁当に入れたい。休日にゆっくり楽しみたい。,食事・料理,1,test
308,今週はAIの動作が遅いので詳しく調べている。,IT・テクノロジー,0,train
309,来月に向けて、剣道で汗を流した。もっと上達する方法を探している。,スポーツ,3,train
310,休日に大阪への旅行を計画しているのでメモしておいた。,旅行・観光,2,train
311,ネットで牛丼の材料を買ってきたので詳しく調べている。,食事・料理,1,train
312,家でクラウドを設定していると考えている。,IT・テクノロジー,0,train
313,家で生成AIの不具合を直したい。速度と安定性を重視している。,IT・テクノロジー,0,test
314,休日にサッカーの大会結果に驚いた。もっと上達する方法を探している。,スポーツ,3,train
315,家で卓球の得点シーンを見返した。もっと上達する方法を探している。,スポーツ,3,train
316,ネットでテーマパークへ連休に行く予定だので詳しく調べている。,旅行・観光,2,train
317,昨日、日経平均について勉強している。,金融・経済,4,train
318,家で炒飯がおいしかった。値段と量のバランスも気になる。,食事・料理,1,train
319,昨日、メモリについて調べている。,IT・テクノロジー,0,train
320,ふと思って、フィギュアスケートを友人とプレーした。基礎からフォームを見直したい。,スポーツ,3,train
321,家で飛行機の旅館を予約したい,旅行・観光,2,validation
322,少し前から家族旅行への交通費を調べていると思っている。,旅行・観光,2,train
323,家でアイスを家族と食べたいと考えている。,食事・料理,1,train
324,仕事の合間に資源価格のリスクを考えている。家計への影響も確認しておきたい。,金融・経済,4,train
325,家でLLMでエラーが出た。初心者でも扱いやすい方法を探している。,IT・テクノロジー,0,train
326,休日に函館への旅行を計画している。,旅行・観光,2,train
327,朝からLinuxの設定を見直したいのが最近の関心事だ。,IT・テクノロジー,0,train
328,友人と話していて、ランニングのフォームを改善したいのでメモしておいた。,スポーツ,3,train
329,家で函館の旅館を予約したいので情報を集めている。,旅行・観光,2,train
330,今週は海の景色を見たい！,旅行・観光,2,train
331,ふと思って、ボクシングで体を動かしたい。無理なく長く続けたい。,スポーツ,3,test
332,ネットでキーボードを接続したい。予算と性能のバランスも気になる。,IT・テクノロジー,0,test
333,家でパスタを家族と食べたい。辛さは控えめにしたい。,食事・料理,1,train
334,朝からWebアプリの容量を増やしたい。予算と性能のバランスも気になる。,IT・テクノロジー,0,train
335,Jリーグが上手くなりたい。基礎からフォームを見直したい。,スポーツ,3,train
336,休日に資源価格について家計への影響を確認した。,金融・経済,4,validation
337,少し前からロードバイクの大会結果に驚いたと考えている。,スポーツ,3,train
338,最近、空港の宿泊費を比較している。現地のおいしいものも楽しみたい。,旅行・観光,2,train
339,少し前から投資の今後が気になるのが最近の関心事だ。,金融・経済,4,train
340,ふと思って、スマホでエラーが出た。,IT・テクノロジー,0,train
341,朝からデフレの推移をグラフで見ている。家計への影響も確認しておきたい。,金融・経済,4,train
342,昨日、雇用統計の変化が気になっているので情報を集めている。,金融・経済,4,train
343,休日に監督の試合を見た！,スポーツ,3,train
344,朝からトレーニングを毎週続けている。,スポーツ,3,train
345,来月に向けて、インフレが上がっている！,金融・経済,4,train
346,来月に向けて、デザートのレシピを探していると考えている。,食事・料理,1,train
347,今日はCPUを自動化に使いたい。,IT・テクノロジー,0,test
348,今週は政策金利について基本から学びたい。,金融・経済,4,train
349,昨日、Copilotを接続したい。初心者でも扱いやすい方法を探している。,IT・テクノロジー,0,validation
350,仕事の合間に温泉へ一人旅したいと思っている。,旅行・観光,2,test
351,休日にアプリの不具合を直したいと考えている。,IT・テクノロジー,0,train
352,休日にフォームの結果を確認した。次の試合も楽しみにしている。,スポーツ,3,test
353,休日にDockerを試してみたいので詳しく調べている。,IT・テクノロジー,0,train
354,家で筋肉のトレーニングを始めた。次の試合も楽しみにしている。,スポーツ,3,validation
355,今週はプログラミングの不具合を直したいと思っている。,IT・テクノロジー,0,train
356,友人と話していて、コンテナを新しくしたい。,IT・テクノロジー,0,train
357,ネットでランチを食べ比べたいので情報を集めている。,食事・料理,1,train
358,今日はランニングが上手くなりたい。無理なく長く続けたい。,スポーツ,3,train
359,少し前からネットワークの最新版が気になるので情報を集めている。,IT・テクノロジー,0,train
360,最近、税金の動向に注目している。家計への影響も確認しておきたい。,金融・経済,4,train
361,仕事の合間に資産運用の最新情報を調べている！,金融・経済,4,test
362,朝からGPUでエラーが出た。仕事でも使える構成にしたい。,IT・テクノロジー,0,train
363,最近、離島で観光案内を見ているので詳しく調べている。,旅行・観光,2,train
364,昨日、企業業績の今後が気になるのでメモしておいた。,金融・経済,4,train
365,昨日、セキュリティを自動化に使いたい。,IT・テクノロジー,0,train
366,休日にドル円の見通しを確認している。,金融・経済,4,train
367,来月に向けて、京都を一日で回りたい。,旅行・観光,2,train
368,朝からJavaScriptについて調べている。できれば使いやすいものを選びたい。,IT・テクノロジー,0,test
369,今週はお好み焼きを辛めに作りたい。,食事・料理,1,test
370,来月に向けて、インフレをニュース記事で読んだ。,金融・経済,4,test
371,今週は北海道で食べ歩きしたい！,旅行・観光,2,test
372,経済ニュースについて投資判断を考えている。短期的な変動だけで判断しないようにしたい。,金融・経済,4,train
373,来月に向けて、魚料理をテイクアウトしたい。家族にも好評な味にしたい。,食事・料理,1,train
374,那覇へ飛行機で向かう。,旅行・観光,2,train
375,来月に向けて、福岡への交通費を調べている。移動時間をなるべく短くしたい。,旅行・観光,2,train
376,少し前から海へ飛行機で向かう！,旅行・観光,2,train
377,友人と話していて、パンを友人と食べに行く。家族にも好評な味にしたい。,食事・料理,1,train
378,ボクシングが上手くなりたいのでメモしておいた。,スポーツ,3,train
379,今日はクラウドを新しくしたい。予算と性能のバランスも気になる。,IT・テクノロジー,0,train
380,景気が企業業績に与える影響を調べたと考えている。,金融・経済,4,train
381,ネットでアイスの盛り付けを工夫した。値段と量のバランスも気になる。,食事・料理,1,train
382,休日にAIをアップデートしたい！,IT・テクノロジー,0,train
383,仕事の合間に経済ニュースを資産形成に活用したい。家計への影響も確認しておきたい。,金融・経済,4,validation
384,少し前からOSの動作が遅い。予算と性能のバランスも気になる。,IT・テクノロジー,0,validation
385,最近、中央銀行の最新情報を調べているのでメモしておいた。,金融・経済,4,train
386,ネットでたこ焼きを注文したのでメモしておいた。,食事・料理,1,validation
387,最近、機械学習を仕事で使いたい。新しい機能も試してみたい。,IT・テクノロジー,0,test
388,休日にiPadでエラーが出たと思っている。,IT・テクノロジー,0,train
389,今日は野球で汗を流した。,スポーツ,3,train
390,昨日、シチューの材料を買ってきた。休日にゆっくり楽しみたい。,食事・料理,1,test
391,来月に向けて、ルーターでエラーが出た。,IT・テクノロジー,0,train
392,友人と話していて、博物館をレンタカーで巡りたい。現地のおいしいものも楽しみたい。,旅行・観光,2,train
393,朝からGPUを業務に活用したい。,IT・テクノロジー,0,test
394,朝から魚料理がおいしかった。値段と量のバランスも気になる。,食事・料理,1,train
395,友人と話していて、スキーの試合日程を見ている。,スポーツ,3,train
396,来月に向けて、展望台へ週末に出かける。移動時間をなるべく短くしたい。,旅行・観光,2,validation
397,最近、パソコンがほしい。仕事でも使える構成にしたい。,IT・テクノロジー,0,train
398,ネットでオムライスを昼ごはんに食べた。辛さは控えめにしたい。,食事・料理,1,train
399,トレーニングが上手くなりたい。選手のプレーを参考にしたい。,スポーツ,3,train
400,そばを食べ比べたいのが最近の関心事だ。,食事・料理,1,train
401,仕事の合間に試合で汗を流したので詳しく調べている。,スポーツ,3,train
402,今日はWi-Fiを業務に活用したいのが最近の関心事だ。,IT・テクノロジー,0,train
403,ふと思って、カフェをテイクアウトしたい。,食事・料理,1,validation
404,少し前からスキーの得点シーンを見返したのが最近の関心事だ。,スポーツ,3,train
405,家でアイスの店を探している。,食事・料理,1,test
406,朝からホテルで食べ歩きしたい。,旅行・観光,2,train
407,仕事の合間にジョギングの道具を買い替えたい。もっと上達する方法を探している。,スポーツ,3,train
408,今週は日本代表のトレーニングを始めた。もっと上達する方法を探している。,スポーツ,3,train
409,休日に山へ一人旅したい。,旅行・観光,2,validation
410,来月に向けて、AWSを勉強したい。,IT・テクノロジー,0,train
411,来月に向けて、カフェのカロリーが気になる。できれば簡単に作れる方法がいい。,食事・料理,1,train
412,ネットでアプリを買い替えたい。,IT・テクノロジー,0,train
413,ネットで絶景スポットでお土産を買いたい！,旅行・観光,2,validation
414,家でアイスに合う調味料を知りたい。家族にも好評な味にしたい。,食事・料理,1,train
415,ふと思って、物価を資産形成に活用したい。複数の情報源を比較している。,金融・経済,4,train
416,今週は鍋料理を家族と食べたい。家族にも好評な味にしたい。,食事・料理,1,train
417,友人と話していて、バックアップの設定を見直したい,IT・テクノロジー,0,train
418,ふと思って、大会で汗を流した。無理なく長く続けたい。,スポーツ,3,validation
419,昨日、海外旅行を家族で訪れたい。宿泊先の評判も確認している。,旅行・観光,2,train
420,少し前からTOPIXの動向に注目しているので詳しく調べている。,金融・経済,4,train
421,少し前から奈良へ行きたいので詳しく調べている。,旅行・観光,2,train
422,スポーツ観戦のスタジアムへ行きたい。,スポーツ,3,train
423,貯金の最新情報を調べていると考えている。,金融・経済,4,train
424,少し前からGoogle Cloudを自動化に使いたいと考えている。,IT・テクノロジー,0,train
425,人工知能を試してみたい！,IT・テクノロジー,0,train
426,少し前から調味料をテイクアウトしたい,食事・料理,1,train
427,ふと思って、温泉へ行きたい。,旅行・観光,2,validation
428,今週は焼肉を手作りした。できれば簡単に作れる方法がいい。,食事・料理,1,validation
429,来月に向けて、そばを休日に楽しみたいと考えている。,食事・料理,1,validation
430,昨日、札幌の観光スポットを知りたい！,旅行・観光,2,train
431,ふと思って、弁当のおすすめを知りたいと思っている。,食事・料理,1,train
432,仕事の合間に体操のプロ選手を目指していると考えている。,スポーツ,3,validation
433,ゲーミングPCを開発していると思っている。,IT・テクノロジー,0,train
434,最近、調味料に野菜を追加したいので情報を集めている。,食事・料理,1,train
435,少し前からタブレットの最新版が気になるので情報を集めている。,IT・テクノロジー,0,train
436,今週はプリンを昼ごはんに食べた。,食事・料理,1,train
437,家で所得税を家計簿と一緒に確認している。短期的な変動だけで判断しないようにしたい。,金融・経済,4,train
438,スープをさっぱり味にしたい,食事・料理,1,train
439,今週は資産運用の今後が気になる。家計への影響も確認しておきたい。,金融・経済,4,train
440,最近、夕食の人気店を調べている。,食事・料理,1,train
441,昨日、弁当を作りたいと思っている。,食事・料理,1,train
442,朝から京都でお土産を買いたい。家族でも楽しめる場所がいい。,旅行・観光,2,validation
443,友人と話していて、OSの容量を増やしたいと思っている。,IT・テクノロジー,0,test
444,今日はCopilotを業務に活用したい。初心者でも扱いやすい方法を探している。,IT・テクノロジー,0,train
445,今週はレスリングの試合を見た。,スポーツ,3,train
446,ふと思って、生成AIがほしい。できれば使いやすいものを選びたい。,IT・テクノロジー,0,train
447,コンテナの容量を増やしたいので詳しく調べている。,IT・テクノロジー,0,train
448,円相場を比較している！,金融・経済,4,validation
449,家でGitHubでエラーが出た！,IT・テクノロジー,0,train
450,今日はトーナメントの練習試合に参加したと思っている。,スポーツ,3,train
451,来月に向けて、政策金利の動きを確認している！,金融・経済,4,test
452,昨日、大阪の旅館を予約したい！,旅行・観光,2,test
453,朝からバレーのフォームを改善したいと思っている。,スポーツ,3,train
454,来月に向けて、経済ニュースについて勉強している！,金融・経済,4,train
455,休日に野菜の盛り付けを工夫した。値段と量のバランスも気になる。,食事・料理,1,validation
456,来月に向けて、神戸へ週末に出かける。,旅行・観光,2,train
457,ふと思って、ピザを注文した！,食事・料理,1,train
458,休日に利益の推移をグラフで見ている。家計への影響も確認しておきたい。,金融・経済,4,validation
459,最近、函館への交通費を調べている。,旅行・観光,2,train
460,今日はバレーボールで記録を伸ばしたいと考えている。,スポーツ,3,train
461,ネットでタブレットの設定を見直したい。,IT・テクノロジー,0,train
462,休日に温泉をレンタカーで巡りたいと思っている。,旅行・観光,2,train
463,今日はルーターの不具合を直したいので情報を集めている。,IT・テクノロジー,0,train
464,昨日、朝食を友人と食べに行く。,食事・料理,1,test
465,仕事の合間に国内旅行で観光案内を見ている。交通費を抑えたプランにしたい。,旅行・観光,2,train
466,来月に向けて、陸上を観戦したい。体力づくりにも役立てたい。,スポーツ,3,train
467,友人と話していて、原油価格をニュース記事で読んだ。,金融・経済,4,train
468,最近、アイスのおすすめを知りたい。家族にも好評な味にしたい。,食事・料理,1,train
469,今日は貯金の予測を確認している。,金融・経済,4,train
470,少し前から大会で体を動かしたい！,スポーツ,3,train
471,今週はレンタカーを家族で訪れたい。,旅行・観光,2,train
472,今週は競技場の得点シーンを見返した。,スポーツ,3,validation
473,仕事の合間にインフレが生活費に響いている。複数の情報源を比較している。,金融・経済,4,train
474,ふと思って、自転車競技を観戦したい。,スポーツ,3,train
475,ふと思って、資産運用が上がっている！,金融・経済,4,validation
476,ふと思って、野菜を食べ比べたい。,食事・料理,1,train
477,ネットでフィギュアスケートの戦術を分析したい。,スポーツ,3,train
478,家でリゾートをレンタカーで巡りたい。宿泊先の評判も確認している。,旅行・観光,2,train
479,今日は消費税について基本から学びたい。,金融・経済,4,validation
480,朝からテニスの結果を確認した！,スポーツ,3,train
481,最近、ローンの動きを確認している。家計への影響も確認しておきたい。,金融・経済,4,train
482,ネットで道の駅の混雑状況が気になる。交通費を抑えたプランにしたい。,旅行・観光,2,train
483,昨日、刺身を注文した。,食事・料理,1,train
484,旅館で食べ歩きしたい。,旅行・観光,2,validation
485,ふと思って、餃子を簡単に作りたいのでメモしておいた。,食事・料理,1,train
486,ネットで財政が上がっているのでメモしておいた。,金融・経済,4,train
487,ふと思って、天ぷらを作りたい。辛さは控えめにしたい。,食事・料理,1,train
488,家でマウスの設定を見直したい。予算と性能のバランスも気になる。,IT・テクノロジー,0,train
489,昨日、バレーボールのルールを調べているので詳しく調べている。,スポーツ,3,train
490,陸上の大会をテレビで見た。,スポーツ,3,validation
491,休日にモニターのログを確認している。,IT・テクノロジー,0,train
492,友人と話していて、保険について勉強している。家計への影響も確認しておきたい。,金融・経済,4,test
493,家でケーキを友人と食べに行く。,食事・料理,1,train
494,最近、コンテナをアップデートしたい。できれば使いやすいものを選びたい。,IT・テクノロジー,0,train
495,最近、タブレットの性能を比較したい。,IT・テクノロジー,0,train
496,ネットでそばのおすすめを知りたい。家族にも好評な味にしたい。,食事・料理,1,train
497,友人と話していて、住宅ローンをニュース記事で読んだ。,金融・経済,4,train
498,朝からモニターの最新版が気になる。仕事でも使える構成にしたい。,IT・テクノロジー,0,train
499,仕事の合間にゲーミングPCがほしい。仕事でも使える構成にしたい。,IT・テクノロジー,0,train
500,昨日、ランチを注文した。,食事・料理,1,train
501,ネットで札幌へ新幹線で行く。移動時間をなるべく短くしたい。,旅行・観光,2,train
502,最近、スキーを友人とプレーした。基礎からフォームを見直したい。,スポーツ,3,train
503,今日はゴルフの選手成績を調べている。もっと上達する方法を探している。,スポーツ,3,test
504,友人と話していて、中央銀行を資産形成に活用したい。リスクとリターンの両方を考えたい。,金融・経済,4,validation
505,昨日、チームの得点シーンを見返した。,スポーツ,3,train
506,大阪で温泉に入りたい。,旅行・観光,2,train
507,朝からうどんを作りたい。家族にも好評な味にしたい。,食事・料理,1,train
508,休日にLLMの容量を増やしたい。,IT・テクノロジー,0,test
509,ふと思って、ルーターがほしいと考えている。,IT・テクノロジー,0,train
510,朝からPCの容量を増やしたい。予算と性能のバランスも気になる。,IT・テクノロジー,0,test
511,朝から夕食の材料を買ってきた。辛さは控えめにしたい。,食事・料理,1,train
512,休日にLLMを接続したい。,IT・テクノロジー,0,train
513,お土産への交通費を調べている。,旅行・観光,2,train
514,朝から朝食を朝食に用意した。,食事・料理,1,train
515,今日は陸上を練習している。次の試合も楽しみにしている。,スポーツ,3,train
516,ふと思って、スマートフォンの構成を考えている。初心者でも扱いやすい方法を探している。,IT・テクノロジー,0,train
517,ネットで紅茶を朝食に用意した！,食事・料理,1,train
518,休日にピザの作り方を覚えたい！,食事・料理,1,train
519,家でデータベースがほしい。新しい機能も試してみたい。,IT・テクノロジー,0,train
520,最近、国内旅行へ新幹線で行く！,旅行・観光,2,train
521,最近、データベースの設定を見直したいと考えている。,IT・テクノロジー,0,train
522,今日はパスタをお弁当に入れたい。休日にゆっくり楽しみたい。,食事・料理,1,train
523,今週は預金について専門家の解説を読んだ。短期的な変動だけで判断しないようにしたい。,金融・経済,4,train
524,休日に炒飯を食べ比べたいので情報を集めている。,食事・料理,1,train
525,家で経済成長について経済指標を見ているので情報を集めている。,金融・経済,4,train
526,貯金について基本から学びたい！,金融・経済,4,train
527,レスリングの選手成績を調べていると考えている。,スポーツ,3,test
528,ふと思って、シーフードを昼ごはんに食べた！,食事・料理,1,test
529,昨日、GitHubの性能を比較したい！,IT・テクノロジー,0,train
530,朝からスポーツ観戦の試合日程を見ているので情報を集めている。,スポーツ,3,train
531,たこ焼きを簡単に作りたい。家族にも好評な味にしたい。,食事・料理,1,train
532,ネットで長崎の旅行プランを作っている。移動時間をなるべく短くしたい。,旅行・観光,2,train
533,昨日、売上が上がっている。リスクとリターンの両方を考えたい。,金融・経済,4,train
534,観光地へ新幹線で行く。移動時間をなるべく短くしたい。,旅行・観光,2,train
535,友人と話していて、沖縄の旅館を予約したい。家族でも楽しめる場所がいい。,旅行・観光,2,train
536,家でPythonがほしい。,IT・テクノロジー,0,train
537,仕事の合間にマラソンの道具を買い替えたい。体力づくりにも役立てたい。,スポーツ,3,train
538,今日はスマホを高速化したい。,IT・テクノロジー,0,train
539,今週は家計についてデータを集めているので詳しく調べている。,金融・経済,4,train
540,ふと思って、所得税について制度を調べた。複数の情報源を比較している。,金融・経済,4,train
541,最近、水泳を観戦したいので情報を集めている。,スポーツ,3,validation
542,少し前から一人旅でゆっくり過ごしたいので詳しく調べている。,旅行・観光,2,train
543,柔道のルールを調べているので情報を集めている。,スポーツ,3,train
544,ネットで旅行へ週末に出かけると考えている。,旅行・観光,2,train
545,ふと思って、美術館から帰ってきたのでメモしておいた。,旅行・観光,2,train
546,友人と話していて、弁当がおいしかったと思っている。,食事・料理,1,train
547,休日に北海道の混雑状況が気になる。現地のおいしいものも楽しみたい。,旅行・観光,2,train
548,ネットで刺身をさっぱり味にしたい。,食事・料理,1,train
549,家でテーマパークで泊まりたいのでメモしておいた。,旅行・観光,2,train
550,定食を食べ比べたい。,食事・料理,1,train
551,ネットでうどんの味付けを工夫したい。,食事・料理,1,train
552,ネットで定期預金を資産形成に活用したいので情報を集めている。,金融・経済,4,train
553,休日にGDPへの影響を調べている。リスクとリターンの両方を考えたい。,金融・経済,4,train
554,休日に定期預金について専門家の解説を読んだ。数字の背景も理解したい。,金融・経済,4,train
555,今週は税金をニュースで見たのが最近の関心事だ。,金融・経済,4,train
556,来月に向けて、筋肉の試合日程を見ているので詳しく調べている。,スポーツ,3,validation
557,今週は博物館の名所を調べている。家族でも楽しめる場所がいい。,旅行・観光,2,train
558,朝から那覇の宿泊費を比較しているのが最近の関心事だ。,旅行・観光,2,train
559,昨日、旅館の旅行プランを作っているのでメモしておいた。,旅行・観光,2,train
560,今週はネットワークを高速化したいので情報を集めている。,IT・テクノロジー,0,train
561,最近、競技場の観戦チケットを取った。もっと上達する方法を探している。,スポーツ,3,train
562,朝からケーキを注文した。,食事・料理,1,train
563,来月に向けて、経済ニュースを比較している。数字の背景も理解したい。,金融・経済,4,train
564,友人と話していて、FRBの動きを確認している！,金融・経済,4,train
565,最近、消費税について専門家の解説を読んだ！,金融・経済,4,train
566,昨日、パソコンのログを確認している。,IT・テクノロジー,0,train
567,昨日、決算を毎日チェックしている。短期的な変動だけで判断しないようにしたい。,金融・経済,4,train
568,朝からGitHubを仕事で使いたいのが最近の関心事だ。,IT・テクノロジー,0,train
569,昨日、観光バスの宿泊費を比較している。現地のおいしいものも楽しみたい。,旅行・観光,2,train
570,休日にスタジアムを週末に楽しんでいる。,スポーツ,3,train
571,来月に向けて、生成AIの不具合を直したい。できれば使いやすいものを選びたい。,IT・テクノロジー,0,train
572,休日にタブレットでツールを作りたい。新しい機能も試してみたい。,IT・テクノロジー,0,train
573,今日は為替レートのリスクを考えている。,金融・経済,4,train
574,朝からバレーの大会結果に驚いた。,スポーツ,3,train
575,家でノートパソコンについて学習中だので詳しく調べている。,IT・テクノロジー,0,train
576,家で炒飯の盛り付けを工夫したと考えている。,食事・料理,1,train
577,ネットで日本銀行の今後が気になる！,金融・経済,4,train
578,来月に向けて、プロ野球のスタジアムへ行きたい。,スポーツ,3,validation
579,今日は刺身の盛り付けを工夫した。,食事・料理,1,train
580,家で景気を毎日チェックしている。,金融・経済,4,test
581,今週は味噌汁を家族と食べたい。値段と量のバランスも気になる。,食事・料理,1,train
582,今日はリゾートを家族で訪れたい。,旅行・観光,2,train
583,ネットでカレーの材料を買ってきた。,食事・料理,1,train
584,今日は観光ルートの観光スポットを知りたい。交通費を抑えたプランにしたい。,旅行・観光,2,train
585,昨日、空港を一日で回りたい。現地のおいしいものも楽しみたい。,旅行・観光,2,train
586,朝からプログラミングについて学習中だ。速度と安定性を重視している。,IT・テクノロジー,0,train
587,朝からチャットボットを買い替えたい！,IT・テクノロジー,0,test
588,今週はPythonを新しくしたい,IT・テクノロジー,0,train
589,今週はチームの結果を確認したのでメモしておいた。,スポーツ,3,train
590,休日にランチを注文した。家族にも好評な味にしたい。,食事・料理,1,validation
591,休日にコーヒーの材料を買ってきたと考えている。,食事・料理,1,train
592,休日に北海道へ連休に行く予定だのでメモしておいた。,旅行・観光,2,train
593,家でVS Codeを勉強したい。予算と性能のバランスも気になる。,IT・テクノロジー,0,test
594,朝からJavaScriptを試してみたいと考えている。,IT・テクノロジー,0,validation
595,ふと思って、水泳の戦術を分析したい。基礎からフォームを見直したい。,スポーツ,3,train
596,今週はおにぎりを昼ごはんに食べたと思っている。,食事・料理,1,validation
597,ネットで機械学習について学習中だ！,IT・テクノロジー,0,train
598,来月に向けて、サラダを手作りした。家族にも好評な味にしたい。,食事・料理,1,train
599,SSDを試してみたいので詳しく調べている。,IT・テクノロジー,0,train
600,昨日、たこ焼きをさっぱり味にしたい。できれば簡単に作れる方法がいい。,食事・料理,1,train
601,仕事の合間に体操の大会をテレビで見た。,スポーツ,3,train
602,朝から利益の最新情報を調べているのが最近の関心事だ。,金融・経済,4,train
603,休日にキャンプ場までの行き方を調べているので詳しく調べている。,旅行・観光,2,train
604,友人と話していて、監督の選手成績を調べている。,スポーツ,3,train
605,友人と話していて、デフレが上がっているので情報を集めている。,金融・経済,4,test
606,ランチの人気店を調べている。休日にゆっくり楽しみたい。,食事・料理,1,train
607,ネットで剣道の日本代表が気になる。,スポーツ,3,train
608,体操で汗を流したと思っている。,スポーツ,3,train
609,今週はサンドイッチを注文した。辛さは控えめにしたい。,食事・料理,1,train
610,ふと思って、陸上を友人とプレーしたので詳しく調べている。,スポーツ,3,train
611,朝から親子丼のおすすめを知りたい。値段と量のバランスも気になる。,食事・料理,1,validation
612,朝から北海道を家族で訪れたい。,旅行・観光,2,train
613,来月に向けて、ローンの動向に注目している。,金融・経済,4,train
614,仕事の合間にAPIを高速化したい。,IT・テクノロジー,0,train
615,今日は牛丼に野菜を追加したい！,食事・料理,1,train
616,ノートパソコンを購入したい。,IT・テクノロジー,0,test
617,今週は親子丼を家族と食べたい。,食事・料理,1,test
618,昨日、函館の景色を見たいのでメモしておいた。,旅行・観光,2,train
619,来月に向けて、ホテルでお土産を買いたい,旅行・観光,2,train
620,昨日、大会の選手成績を調べている。,スポーツ,3,train
621,来月に向けて、チャットボットを開発している。新しい機能も試してみたい。,IT・テクノロジー,0,test
622,少し前から仙台へ連休に行く予定だ。現地のおいしいものも楽しみたい。,旅行・観光,2,train
623,ふと思って、メモリを開発していると思っている。,IT・テクノロジー,0,test
624,少し前から資源価格をニュースで見た。,金融・経済,4,train
625,最近、大阪の景色を見たいので情報を集めている。,旅行・観光,2,train
626,今日は旅館で温泉に入りたい。移動時間をなるべく短くしたい。,旅行・観光,2,train
627,昨日、貯金を資産形成に活用したい。数字の背景も理解したい。,金融・経済,4,validation
628,友人と話していて、機械学習の設定を見直したい。,IT・テクノロジー,0,train
629,今日は観光ルートへの交通費を調べている。現地のおいしいものも楽しみたい。,旅行・観光,2,train
630,休日に金融政策が上がっている。家計への影響も確認しておきたい。,金融・経済,4,train
631,朝からノートパソコンを試してみたい！,IT・テクノロジー,0,train
632,少し前からハンバーグを朝食に用意した。,食事・料理,1,test
633,休日にPCを設定している。,IT・テクノロジー,0,train
634,ふと思って、ルーターを新しくしたい！,IT・テクノロジー,0,train
635,今日はWi-Fiを高速化したい。,IT・テクノロジー,0,train
636,ふと思って、Jリーグの選手成績を調べていると思っている。,スポーツ,3,test
637,来月に向けて、神戸の旅館を予約したい。移動時間をなるべく短くしたい。,旅行・観光,2,train
638,来月に向けて、ネットワークを接続したい。,IT・テクノロジー,0,validation
639,仕事の合間に株式が生活費に響いている。,金融・経済,4,test
640,最近、焼肉を辛めに作りたいと考えている。,食事・料理,1,validation
641,来月に向けて、クラウドの動作が遅いと考えている。,IT・テクノロジー,0,train
642,仕事の合間にGoogle Cloudの構成を考えている。,IT・テクノロジー,0,test
643,今日はJavaScriptをアップデートしたいと考えている。,IT・テクノロジー,0,train
644,休日に温泉街の旅行プランを作っているのが最近の関心事だ。,旅行・観光,2,validation
645,今日は道の駅を家族で訪れたい。,旅行・観光,2,train
646,少し前から天ぷらを昼ごはんに食べたと考えている。,食事・料理,1,train
647,休日にゲーミングPCの最新版が気になる。仕事でも使える構成にしたい。,IT・テクノロジー,0,test
648,昨日、水泳のチームに入りたい。体力づくりにも役立てたい。,スポーツ,3,train
649,朝からWebアプリの動作が遅い。予算と性能のバランスも気になる。,IT・テクノロジー,0,test
650,来月に向けて、鍋料理をお弁当に入れたいので情報を集めている。,食事・料理,1,train
651,昨日、ゲーミングPCを買い替えたい。できれば使いやすいものを選びたい。,IT・テクノロジー,0,validation
652,今日は北海道のおすすめルートを知りたい！,旅行・観光,2,train
653,来月に向けて、ハンバーグの人気店を調べている。,食事・料理,1,test
654,今日は保険が生活費に響いている。,金融・経済,4,train
655,友人と話していて、アプリの設定を見直したい。,IT・テクノロジー,0,train
656,最近、ゲーミングPCを新しくしたい。,IT・テクノロジー,0,train
657,最近、APIを設定している。,IT・テクノロジー,0,train
658,昨日、テーマパークの旅行プランを作っている！,旅行・観光,2,train
659,仕事の合間に寿司を朝食に用意した。,食事・料理,1,train
660,今週はクレジットカードをニュースで見た！,金融・経済,4,train
661,今週はパンを食べ比べたい！,食事・料理,1,train
662,来月に向けて、水泳の試合日程を見ているのでメモしておいた。,スポーツ,3,train
663,休日に家計を資産形成に活用したい,金融・経済,4,train
664,休日に福岡へ週末に出かけると考えている。,旅行・観光,2,test
665,仕事の合間にケーキを友人と食べに行くと思っている。,食事・料理,1,train
666,最近、経済成長が下がっているので詳しく調べている。,金融・経済,4,train
667,仕事の合間に雇用統計について投資判断を考えている。リスクとリターンの両方を考えたい。,金融・経済,4,train
668,最近、キーボードの性能を比較したい。,IT・テクノロジー,0,train
669,城を家族で訪れたい。混雑を避けて回りたい。,旅行・観光,2,train
670,ふと思って、VPNを勉強したい。,IT・テクノロジー,0,train
671,来月に向けて、オムライスの味付けを工夫したい。,食事・料理,1,train
672,仕事の合間に定食のカロリーが気になるので詳しく調べている。,食事・料理,1,validation
673,SSDを導入したいので情報を集めている。,IT・テクノロジー,0,train
674,家でバックアップを新しくしたいと考えている。,IT・テクノロジー,0,train
675,仕事の合間に夕食を作りたい,食事・料理,1,train
676,休日に売上をニュース記事で読んだ。複数の情報源を比較している。,金融・経済,4,train
677,サッカーの選手成績を調べている。,スポーツ,3,train
678,仕事の合間に焼肉のカロリーが気になる！,食事・料理,1,train
679,今日は為替の推移をグラフで見ている。数字の背景も理解したい。,金融・経済,4,train
680,ふと思って、一人旅でお土産を買いたいので情報を集めている。,旅行・観光,2,train
681,仕事の合間にピザの店を探しているのが最近の関心事だ。,食事・料理,1,train
682,今日はラグビーの大会をテレビで見たので詳しく調べている。,スポーツ,3,validation
683,仕事の合間に金沢の宿泊費を比較している。混雑を避けて回りたい。,旅行・観光,2,validation
684,朝から味噌汁の人気店を調べている。できれば簡単に作れる方法がいい。,食事・料理,1,train
685,少し前からシーフードのカロリーが気になるのが最近の関心事だ。,食事・料理,1,validation
686,金沢への旅行を計画している,旅行・観光,2,train
687,ネットで所得税の変化が気になっているのが最近の関心事だ。,金融・経済,4,train
688,休日にパスタを昼ごはんに食べた。近くのおいしい店も探している。,食事・料理,1,train
689,友人と話していて、フィギュアスケートで汗を流した！,スポーツ,3,train
690,朝からAIについて調べている！,IT・テクノロジー,0,train
691,家でAzureを高速化したい！,IT・テクノロジー,0,train
692,今日はジョギングの道具を買い替えたい。,スポーツ,3,train
693,シチューの店を探している。,食事・料理,1,train
694,今週はGPUを開発している。予算と性能のバランスも気になる。,IT・テクノロジー,0,train
695,仕事の合間にリゾートへ一人旅したい。混雑を避けて回りたい。,旅行・観光,2,train
696,家で天ぷらを辛めに作りたい。,食事・料理,1,train
697,ふと思って、温泉街の景色を見たいのでメモしておいた。,旅行・観光,2,train
698,ふと思って、レシピをさっぱり味にしたい。,食事・料理,1,train
699,最近、神社で泊まりたい！,旅行・観光,2,train
700,今週は温泉街でお土産を買いたいのが最近の関心事だ。,旅行・観光,2,train
701,仕事の合間にうどんを食べ比べたい！,食事・料理,1,train
702,ふと思って、ドル円を毎日チェックしている。リスクとリターンの両方を考えたい。,金融・経済,4,train
703,最近、人工知能の最新版が気になる。,IT・テクノロジー,0,validation
704,今週は家計を資産形成に活用したい。長期的な傾向を見て判断したい。,金融・経済,4,test
705,ネットで金融政策の仕組みを知りたい。複数の情報源を比較している。,金融・経済,4,train
706,少し前から離島の混雑状況が気になる！,旅行・観光,2,train
707,少し前から市場について家計への影響を確認した。リスクとリターンの両方を考えたい。,金融・経済,4,validation
708,ふと思って、雇用統計について経済指標を見ている。長期的な傾向を見て判断したい。,金融・経済,4,train
709,最近、ゴールのフォームを改善したい。,スポーツ,3,train
710,今週は投資について経済指標を見ている。,金融・経済,4,train
711,ネットでトレーニングの練習試合に参加した。,スポーツ,3,train
712,少し前から観光バスをレンタカーで巡りたい。交通費を抑えたプランにしたい。,旅行・観光,2,train
713,今週は定食に野菜を追加したい。,食事・料理,1,train
714,ふと思って、クレジットカードを比較している。リスクとリターンの両方を考えたい。,金融・経済,4,train
715,友人と話していて、ローンの動きを確認している。,金融・経済,4,train
716,来月に向けて、Google Cloudの動作が遅い。予算と性能のバランスも気になる。,IT・テクノロジー,0,train
717,仕事の合間にプリンを夕食に作る。辛さは控えめにしたい。,食事・料理,1,train
718,朝から競技場の戦術を分析したい。,スポーツ,3,train
719,来月に向けて、キーボードをアップデートしたい。新しい機能も試してみたい。,IT・テクノロジー,0,test
720,来月に向けて、天ぷらを昼ごはんに食べたのが最近の関心事だ。,食事・料理,1,train
721,ふと思って、FRBが生活費に響いているので情報を集めている。,金融・経済,4,train
722,ふと思って、札幌を家族で訪れたい。交通費を抑えたプランにしたい。,旅行・観光,2,train
723,唐揚げの人気店を調べていると考えている。,食事・料理,1,train
724,今日は機械学習のログを確認している。,IT・テクノロジー,0,train
725,仕事の合間に野球が上手くなりたいのが最近の関心事だ。,スポーツ,3,test
726,ふと思って、東京へ一人旅したい。家族でも楽しめる場所がいい。,旅行・観光,2,test
727,今日はAPIの最新版が気になる。,IT・テクノロジー,0,test
728,仕事の合間に温泉街への交通費を調べている,旅行・観光,2,train
729,ネットでLinuxを勉強したい。初心者でも扱いやすい方法を探している。,IT・テクノロジー,0,train
730,仕事の合間にVS Codeでツールを作りたい。,IT・テクノロジー,0,train
731,仕事の合間にオムライスの味付けを工夫したいと思っている。,食事・料理,1,test
732,天ぷらを辛めに作りたい！,食事・料理,1,train
733,仕事の合間にAzureの性能を比較したい。速度と安定性を重視している。,IT・テクノロジー,0,validation
734,最近、ジョギングの観戦チケットを取ったので詳しく調べている。,スポーツ,3,train
735,少し前から那覇の混雑状況が気になる。,旅行・観光,2,train
736,家でインフレについて専門家の解説を読んだ。,金融・経済,4,train
737,朝から保険の動向に注目している。家計への影響も確認しておきたい。,金融・経済,4,train
738,少し前から日経平均について経済指標を見ている,金融・経済,4,train
739,ふと思って、利益をニュースで見た！,金融・経済,4,train
740,休日に旅行費用の旅館を予約したい。,旅行・観光,2,train
741,仕事の合間にTOPIXをニュースで見た。数字の背景も理解したい。,金融・経済,4,validation
742,今日は唐揚げを食べ比べたいと思っている。,食事・料理,1,train
743,ふと思って、うどんを簡単に作りたい。近くのおいしい店も探している。,食事・料理,1,validation
744,今週はセキュリティの最新版が気になるので情報を集めている。,IT・テクノロジー,0,train
745,朝からそばを食べたい。,食事・料理,1,train
746,ネットでロードバイクの大会に出たい。,スポーツ,3,train
747,ワールドカップの練習メニューを考えている。選手のプレーを参考にしたい。,スポーツ,3,validation
748,ふと思って、テーマパークへの旅行を計画している。交通費を抑えたプランにしたい。,旅行・観光,2,train
749,ドル円の動向に注目していると思っている。,金融・経済,4,train
750,昨日、スノーボードの道具を買い替えたい。次の試合も楽しみにしている。,スポーツ,3,validation
751,ネットで城へ連休に行く予定だ。交通費を抑えたプランにしたい。,旅行・観光,2,train
752,旅行で食べ歩きしたいのでメモしておいた。,旅行・観光,2,train
753,家でランチを食べたい。近くのおいしい店も探している。,食事・料理,1,train
754,友人と話していて、ネットワークの使い方を知りたい。,IT・テクノロジー,0,train
755,ネットで資産運用を家計簿と一緒に確認している！,金融・経済,4,train
756,少し前から観光地の旅行プランを作っているのが最近の関心事だ。,旅行・観光,2,train
757,少し前からスポーツ観戦の試合を見た。,スポーツ,3,train
758,ふと思って、マラソンの道具を買い替えたい。無理なく長く続けたい。,スポーツ,3,train
759,来月に向けて、餃子のレシピを探していると考えている。,食事・料理,1,train
760,友人と話していて、フォームで体を動かしたい。,スポーツ,3,train
761,仕事の合間にケーキがおいしかった,食事・料理,1,test
762,少し前から物価の今後が気になる。リスクとリターンの両方を考えたい。,金融・経済,4,train
763,今日はラグビーの試合日程を見ている,スポーツ,3,train
764,スマートフォンを接続したいのが最近の関心事だ。,IT・テクノロジー,0,train
765,最近、うどんに野菜を追加したい,食事・料理,1,validation
766,朝からVPNを導入したい。,IT・テクノロジー,0,test
767,最近、旅行費用を家族で訪れたい！,旅行・観光,2,train
768,ネットでモニターを高速化したい,IT・テクノロジー,0,train
769,来月に向けて、ステーキを冷凍保存したい。休日にゆっくり楽しみたい。,食事・料理,1,train
770,朝からサンドイッチを辛めに作りたい。,食事・料理,1,test
771,家で賃金が上がっているので情報を集めている。,金融・経済,4,train
772,今週はパソコンについて調べている！,IT・テクノロジー,0,train
773,友人と話していて、東京をレンタカーで巡りたい！,旅行・観光,2,train
774,友人と話していて、雇用統計について制度を調べたと思っている。,金融・経済,4,train
775,ネットでSSDについて調べているのが最近の関心事だ。,IT・テクノロジー,0,train
776,ネットで福岡へ行きたい。,旅行・観光,2,train
777,少し前からPythonを仕事で使いたい！,IT・テクノロジー,0,train
778,NBAの試合を見た。,スポーツ,3,train
779,ふと思って、大阪の旅館を予約したいので情報を集めている。,旅行・観光,2,train
780,最近、炒飯を友人と食べに行く。,食事・料理,1,train
781,今日は試合の得点シーンを見返した。,スポーツ,3,test
782,来月に向けて、ラーメンを家族と食べたい。,食事・料理,1,train
783,今週は唐揚げのレシピを探しているのでメモしておいた。,食事・料理,1,train
784,朝からiPadを自作してみたいと思っている。,IT・テクノロジー,0,train
785,友人と話していて、旅行費用へ一人旅したい。,旅行・観光,2,train
786,来月に向けて、お土産へ一人旅したい。混雑を避けて回りたい。,旅行・観光,2,train
787,少し前からGPUの動作が遅いと考えている。,IT・テクノロジー,0,train
788,最近、国内旅行の旅館を予約したい。移動時間をなるべく短くしたい。,旅行・観光,2,train
789,ネットで筋トレのルールを調べているので詳しく調べている。,スポーツ,3,train
790,最近、Windowsについて調べている。初心者でも扱いやすい方法を探している。,IT・テクノロジー,0,train
791,今週は定期預金を比較している。,金融・経済,4,train
792,ふと思って、水泳を友人とプレーした。,スポーツ,3,validation
793,家で剣道を毎週続けているのが最近の関心事だ。,スポーツ,3,validation
794,ふと思って、得点のプロ選手を目指している。,スポーツ,3,train
795,魚料理の店を探しているので詳しく調べている。,食事・料理,1,train
796,少し前から年金の動きを確認している。,金融・経済,4,train
797,ふと思って、飛行機へ新幹線で行く。,旅行・観光,2,train
798,ふと思って、TOPIXが上がっている！,金融・経済,4,train
799,家でNBAのチームに入りたい,スポーツ,3,test
800,休日にロードバイクの練習メニューを考えているのでメモしておいた。,スポーツ,3,train
801,今週は利益について専門家の解説を読んだのでメモしておいた。,金融・経済,4,train
802,仕事の合間に家計の動向に注目している。家計への影響も確認しておきたい。,金融・経済,4,train
803,iPadの性能を比較したい。,IT・テクノロジー,0,train
804,仕事の合間にAWSを導入したい！,IT・テクノロジー,0,train
805,朝から競技場の戦術を分析したい。無理なく長く続けたい。,スポーツ,3,train
806,ネットで日本銀行の最新情報を調べている。複数の情報源を比較している。,金融・経済,4,validation
807,最近、シチューを夕食に作る。近くのおいしい店も探している。,食事・料理,1,train
808,ネットでパンを簡単に作りたい。近くのおいしい店も探している。,食事・料理,1,train
809,最近、クレジットカードの動きを確認している。,金融・経済,4,train
810,朝からPythonを導入したいと考えている。,IT・テクノロジー,0,train
811,友人と話していて、函館の旅館を予約したい！,旅行・観光,2,train
812,今週はバスケットボールの選手を応援している！,スポーツ,3,train
813,ふと思って、柔道の大会結果に驚いたと考えている。,スポーツ,3,train
814,休日にプログラミングを自作してみたい。仕事でも使える構成にしたい。,IT・テクノロジー,0,train
815,友人と話していて、沖縄への交通費を調べている。混雑を避けて回りたい。,旅行・観光,2,train
816,城を一日で回りたい。交通費を抑えたプランにしたい。,旅行・観光,2,test
817,来月に向けて、天ぷらをお弁当に入れたいと思っている。,食事・料理,1,test
818,最近、野菜を冷凍保存したいので詳しく調べている。,食事・料理,1,train
819,仕事の合間に居酒屋を辛めに作りたい。家族にも好評な味にしたい。,食事・料理,1,train
820,休日にOSを買い替えたい,IT・テクノロジー,0,train
821,ネットで大会の道具を買い替えたい！,スポーツ,3,train
822,ネットでWebアプリを設定しているのが最近の関心事だ。,IT・テクノロジー,0,train
823,今週はバレーの戦術を分析したい！,スポーツ,3,train
824,仕事の合間にデザートをお弁当に入れたい。,食事・料理,1,validation
825,ゴルフの選手成績を調べている,スポーツ,3,train
826,LLMをインストールした。,IT・テクノロジー,0,validation
827,休日に広島のホテルを探している。移動時間をなるべく短くしたい。,旅行・観光,2,train
828,少し前から大阪のおすすめルートを知りたい。,旅行・観光,2,test
829,家でたこ焼きがおいしかった,食事・料理,1,validation
830,家で道の駅の宿泊費を比較している。,旅行・観光,2,train
831,友人と話していて、焼き魚を食べたい！,食事・料理,1,validation
832,セキュリティを勉強したい,IT・テクノロジー,0,train
833,昨日、アプリを勉強したい。新しい機能も試してみたい。,IT・テクノロジー,0,validation
834,少し前から生成AIをインストールしたと思っている。,IT・テクノロジー,0,train
835,休日にオムライスのレシピを探している。できれば簡単に作れる方法がいい。,食事・料理,1,train
836,少し前から沖縄の名所を調べていると思っている。,旅行・観光,2,train
837,今週は飛行機の旅行プランを作っているのが最近の関心事だ。,旅行・観光,2,test
838,休日に観光ルートへ連休に行く予定だ。,旅行・観光,2,train
839,仕事の合間にメモリを設定している,IT・テクノロジー,0,train
840,ふと思って、日経平均について基本から学びたいと考えている。,金融・経済,4,test
841,国債が生活費に響いている！,金融・経済,4,train
842,少し前から機械学習を開発している。初心者でも扱いやすい方法を探している。,IT・テクノロジー,0,train
843,家で北海道の混雑状況が気になる！,旅行・観光,2,train
844,今日はバドミントンで体を動かしたい。無理なく長く続けたい。,スポーツ,3,train
845,友人と話していて、ドル円の動きを確認していると思っている。,金融・経済,4,train
846,来月に向けて、炒飯の作り方を覚えたいと考えている。,食事・料理,1,train
847,ふと思って、餃子を食べ比べたい。,食事・料理,1,validation
848,ふと思って、一人旅を観光したい,旅行・観光,2,test
849,来月に向けて、機械学習の不具合を直したいと思っている。,IT・テクノロジー,0,test
850,家でPythonを導入したい。,IT・テクノロジー,0,train
851,友人と話していて、味噌汁を注文した。できれば簡単に作れる方法がいい。,食事・料理,1,train
852,ふと思って、コーヒーの材料を買ってきた。,食事・料理,1,train
853,昨日、奈良を家族で訪れたい。現地のおいしいものも楽しみたい。,旅行・観光,2,train
854,今日は中央銀行への影響を調べている。複数の情報源を比較している。,金融・経済,4,train
855,来月に向けて、政策金利の仕組みを知りたい,金融・経済,4,train
856,仕事の合間に投資信託を長期的に見ている。数字の背景も理解したい。,金融・経済,4,train
857,朝からバドミントンで記録を伸ばしたい。選手のプレーを参考にしたい。,スポーツ,3,validation
858,今週はケーキがおいしかったのでメモしておいた。,食事・料理,1,train
859,友人と話していて、中央銀行の今後が気になる。家計への影響も確認しておきたい。,金融・経済,4,train
860,友人と話していて、自転車競技を観戦したい。無理なく長く続けたい。,スポーツ,3,train
861,来月に向けて、キーボードを導入したいので情報を集めている。,IT・テクノロジー,0,train
862,ネットでJavaScriptを新しくしたい。予算と性能のバランスも気になる。,IT・テクノロジー,0,train
863,フィギュアスケートが上手くなりたい。選手のプレーを参考にしたい。,スポーツ,3,train
864,昨日、福岡でゆっくり過ごしたい,旅行・観光,2,train
865,家で投資信託の予測を確認している。,金融・経済,4,test
866,ネットで生成AIを試してみたい,IT・テクノロジー,0,train
867,ネットでジョギングの試合を見たのが最近の関心事だ。,スポーツ,3,train
868,来月に向けて、体育館の道具を買い替えたいのでメモしておいた。,スポーツ,3,train
869,朝から貯金について経済指標を見ている。,金融・経済,4,train
870,唐揚げを簡単に作りたいので情報を集めている。,食事・料理,1,test
871,最近、経済成長をニュース記事で読んだと思っている。,金融・経済,4,train
872,休日にサンドイッチを作りたい。,食事・料理,1,train
873,友人と話していて、税金について投資判断を考えている！,金融・経済,4,train
874,少し前から機械学習を導入したい。,IT・テクノロジー,0,validation
875,朝からカフェを食べたい。休日にゆっくり楽しみたい。,食事・料理,1,train
876,朝からオムライスを朝食に用意した。,食事・料理,1,train
877,新しいPCがほしい。,IT・テクノロジー,0,train
878,今日はスノーボードのルールを調べている。,スポーツ,3,train
879,ネットで景気が生活費に響いている！,金融・経済,4,train
880,昨日、旅行への旅行を計画している。交通費を抑えたプランにしたい。,旅行・観光,2,train
881,バレーボールの大会結果に驚いたのでメモしておいた。,スポーツ,3,train
882,仕事の合間に絶景スポットで食べ歩きしたいと考えている。,旅行・観光,2,train
883,昨日、資源価格を毎日チェックしている。家計への影響も確認しておきたい。,金融・経済,4,test
884,昨日、FRBの予測を確認しているのが最近の関心事だ。,金融・経済,4,train
885,朝食に合う調味料を知りたいので詳しく調べている。,食事・料理,1,test
886,休日にホテルの旅館を予約したい。混雑を避けて回りたい。,旅行・観光,2,train
887,今週は朝食の作り方を覚えたいので情報を集めている。,食事・料理,1,train
888,ネットでプロ野球を練習している！,スポーツ,3,train
889,デスクトップPCをインストールした。予算と性能のバランスも気になる。,IT・テクノロジー,0,train
890,レシピを夕食に作る。,食事・料理,1,train
891,今日は海外旅行の旅館を予約したい,旅行・観光,2,test
892,来月に向けて、オリンピックで記録を伸ばしたい。無理なく長く続けたい。,スポーツ,3,train
893,来月に向けて、投資の最新情報を調べているのでメモしておいた。,金融・経済,4,train
894,ふと思って、株価について専門家の解説を読んだと思っている。,金融・経済,4,train
895,今日は年金をニュースで見たので情報を集めている。,金融・経済,4,train
896,仕事の合間に北海道で観光案内を見ている,旅行・観光,2,test
897,今日は柔道の試合を見た。無理なく長く続けたい。,スポーツ,3,train
898,ふと思って、一人旅へ連休に行く予定だ。現地のおいしいものも楽しみたい。,旅行・観光,2,train
899,今日は旅行の観光スポットを知りたい！,旅行・観光,2,test
900,ふと思って、貯金について投資判断を考えている。,金融・経済,4,train
901,来月に向けて、スマホを業務に活用したい。,IT・テクノロジー,0,train
902,最近、AWSのセキュリティを強化したい！,IT・テクノロジー,0,train
903,ネットで家計の動きを確認している！,金融・経済,4,train
904,仕事の合間に物価の最新情報を調べている！,金融・経済,4,train
905,朝からサッカーで記録を伸ばしたい。基礎からフォームを見直したい。,スポーツ,3,train
906,来月に向けて、メモリのセキュリティを強化したい。予算と性能のバランスも気になる。,IT・テクノロジー,0,validation
907,家でテニスのルールを調べている！,スポーツ,3,train
908,昨日、Linuxについて学習中だ。速度と安定性を重視している。,IT・テクノロジー,0,validation
909,ステーキの作り方を覚えたい。,食事・料理,1,train
910,来月に向けて、野球のトレーニングを始めた。無理なく長く続けたい。,スポーツ,3,train
911,友人と話していて、野球の選手成績を調べているので情報を集めている。,スポーツ,3,train
912,仕事の合間に天ぷらをさっぱり味にしたい。近くのおいしい店も探している。,食事・料理,1,train
913,サーバーについて調べている。,IT・テクノロジー,0,train
914,休日にデスクトップPCの設定を見直したい。初心者でも扱いやすい方法を探している。,IT・テクノロジー,0,test
915,昨日、水族館で食べ歩きしたいので情報を集めている。,旅行・観光,2,train
916,今週は体育館の試合を見たと考えている。,スポーツ,3,train
917,友人と話していて、体操のフォームを改善したい。次の試合も楽しみにしている。,スポーツ,3,train
918,ネットでレスリングで汗を流した。,スポーツ,3,train
919,休日にファイアウォールの不具合を直したいのでメモしておいた。,IT・テクノロジー,0,train
920,家で炒飯のレシピを探している。値段と量のバランスも気になる。,食事・料理,1,train
921,友人と話していて、飛行機でゆっくり過ごしたい！,旅行・観光,2,train
922,仕事の合間にステーキに野菜を追加したい。家族にも好評な味にしたい。,食事・料理,1,train
923,家で経済成長を家計簿と一緒に確認している。,金融・経済,4,train
924,仕事の合間に飛行機の名所を調べている。,旅行・観光,2,train
925,今週は筋トレの大会に出たいのでメモしておいた。,スポーツ,3,test
926,家で資産運用の変化が気になっているので情報を集めている。,金融・経済,4,train
927,昨日、道の駅でゆっくり過ごしたい,旅行・観光,2,test
928,今日はインフレが企業業績に与える影響を調べた。,金融・経済,4,train
929,家でCPUの構成を考えている。,IT・テクノロジー,0,train
930,仕事の合間に長崎で観光案内を見ている！,旅行・観光,2,train
931,レスリングを週末に楽しんでいると思っている。,スポーツ,3,train
932,少し前から観光ルートをレンタカーで巡りたい。,旅行・観光,2,validation
933,家でパスタを家族と食べたい。,食事・料理,1,test
934,最近、インフレについて専門家の解説を読んだ！,金融・経済,4,train
935,ふと思って、レシピの店を探している。家族にも好評な味にしたい。,食事・料理,1,train
936,今週は朝食の材料を買ってきた。できれば簡単に作れる方法がいい。,食事・料理,1,train
937,仕事の合間にCopilotの不具合を直したい。,IT・テクノロジー,0,train
938,休日に宿泊を観光したいので情報を集めている。,旅行・観光,2,validation
939,少し前から家計について専門家の解説を読んだと考えている。,金融・経済,4,train
940,ふと思って、ホテルの旅行プランを作っている,旅行・観光,2,test
941,休日に体育館を友人とプレーした。体力づくりにも役立てたい。,スポーツ,3,test
942,仕事の合間にWindowsを導入したい。新しい機能も試してみたい。,IT・テクノロジー,0,train
943,ネットでプログラミングを仕事で使いたい。,IT・テクノロジー,0,train
944,昨日、スキーの練習試合に参加した！,スポーツ,3,validation
945,来月に向けて、旅館で泊まりたいと考えている。,旅行・観光,2,train
946,今日はWebアプリの使い方を知りたい！,IT・テクノロジー,0,train
947,来月に向けて、スノーボードのトレーニングを始めたと思っている。,スポーツ,3,train
948,練習で汗を流した。,スポーツ,3,train
949,最近、国内旅行をレンタカーで巡りたい。家族でも楽しめる場所がいい。,旅行・観光,2,train
950,今日は絶景スポットの観光スポットを知りたいので詳しく調べている。,旅行・観光,2,train
951,仕事の合間にランニングで汗を流した。,スポーツ,3,train
952,ふと思って、海から帰ってきた。家族でも楽しめる場所がいい。,旅行・観光,2,train
953,ネットで債券が上がっているので詳しく調べている。,金融・経済,4,train
954,仕事の合間にゴルフのプロ選手を目指している。,スポーツ,3,train
955,最近、居酒屋を辛めに作りたい。,食事・料理,1,train
956,友人と話していて、京都で食べ歩きしたい。混雑を避けて回りたい。,旅行・観光,2,train
957,昨日、水泳の練習試合に参加した。選手のプレーを参考にしたい。,スポーツ,3,train
958,昨日、GitHubを自動化に使いたい。速度と安定性を重視している。,IT・テクノロジー,0,train
959,最近、市場について家計への影響を確認したので詳しく調べている。,金融・経済,4,validation
960,ネットで保険をニュース記事で読んだ。リスクとリターンの両方を考えたい。,金融・経済,4,train
961,ネットでスマホのセキュリティを強化したい。,IT・テクノロジー,0,train
962,今週はNBAを観戦したい！,スポーツ,3,train
963,友人と話していて、神社で温泉に入りたいのが最近の関心事だ。,旅行・観光,2,train
964,来月に向けて、住宅ローンへの影響を調べている。数字の背景も理解したい。,金融・経済,4,train
965,Windowsを接続したい。,IT・テクノロジー,0,train
966,昨日、バレーボールのスタジアムへ行きたい。,スポーツ,3,validation
967,来月に向けて、魚料理を辛めに作りたいのが最近の関心事だ。,食事・料理,1,train
968,ファイアウォールを試してみたい。速度と安定性を重視している。,IT・テクノロジー,0,train
969,来月に向けて、インフレが生活費に響いている,金融・経済,4,train
970,今週はトーナメントを観戦したい。次の試合も楽しみにしている。,スポーツ,3,validation
971,今週はチャットボットを導入したい。新しい機能も試してみたい。,IT・テクノロジー,0,train
972,朝からプロ野球のチームに入りたい,スポーツ,3,train
973,最近、筋トレの練習試合に参加した。,スポーツ,3,train
974,ネットでJavaScriptの容量を増やしたいと思っている。,IT・テクノロジー,0,train
975,今日は長崎の景色を見たい。交通費を抑えたプランにしたい。,旅行・観光,2,train
976,家で売上について経済指標を見ている。,金融・経済,4,train
977,仕事の合間に国債を毎日チェックしている。長期的な傾向を見て判断したい。,金融・経済,4,train
978,今日は動物園へ行きたい。,旅行・観光,2,train
979,友人と話していて、オリンピックの日本代表が気になる。無理なく長く続けたい。,スポーツ,3,validation
980,少し前からSQLの設定を見直したい。,IT・テクノロジー,0,train
981,今週は売上の見通しを確認している。,金融・経済,4,train
982,来月に向けて、天ぷらを食べ比べたいので情報を集めている。,食事・料理,1,train
983,昨日、Jリーグの練習メニューを考えている。基礎からフォームを見直したい。,スポーツ,3,train
984,トーナメントの試合を見たと考えている。,スポーツ,3,validation
985,来月に向けて、スパイスを食べ比べたい。近くのおいしい店も探している。,食事・料理,1,train
986,仕事の合間におにぎりの材料を買ってきた,食事・料理,1,train
987,今週は那覇の景色を見たいので詳しく調べている。,旅行・観光,2,train
988,今日は賃金が下がっている。,金融・経済,4,train
989,博物館で観光案内を見ている。,旅行・観光,2,train
990,最近、Pythonをインストールした。新しい機能も試してみたい。,IT・テクノロジー,0,train
991,休日に夕食をもう一度食べたいので詳しく調べている。,食事・料理,1,train
992,仕事の合間にお好み焼きに野菜を追加したいのが最近の関心事だ。,食事・料理,1,train
993,ふと思って、神戸へ飛行機で向かう。,旅行・観光,2,train
994,来月に向けて、企業業績について投資判断を考えている。短期的な変動だけで判断しないようにしたい。,金融・経済,4,train
995,新しいGPUがほしい。,IT・テクノロジー,0,train
996,ネットでホームランの大会に出たい。無理なく長く続けたい。,スポーツ,3,train
997,ふと思って、ラグビーを週末に楽しんでいるので情報を集めている。,スポーツ,3,train
998,今週は予算をニュースで見た。,金融・経済,4,train
999,朝から家族旅行の景色を見たい。交通費を抑えたプランにしたい。,旅行・観光,2,validation
1000,今週は調味料を家族と食べたい,食事・料理,1,train
1001,仕事の合間にフィギュアスケートで汗を流した！,スポーツ,3,validation
1002,来月に向けて、定食の作り方を覚えたいと考えている。,食事・料理,1,train
1003,ネットで大阪の混雑状況が気になる。,旅行・観光,2,train
1004,朝からデフレについて制度を調べた！,金融・経済,4,train
1005,ネットで刺身を朝食に用意した,食事・料理,1,train
1006,最近、APIの不具合を直したいのが最近の関心事だ。,IT・テクノロジー,0,train
1007,友人と話していて、市場が下がっていると考えている。,金融・経済,4,train
1008,家で展望台をレンタカーで巡りたい。家族でも楽しめる場所がいい。,旅行・観光,2,test
1009,ローンが生活費に響いている！,金融・経済,4,train
1010,友人と話していて、動物園の旅館を予約したい！,旅行・観光,2,train
1011,仕事の合間に為替レートの見通しを確認している。,金融・経済,4,train
1012,ネットでWindowsを新しくしたいので詳しく調べている。,IT・テクノロジー,0,train
1013,今週はGDPの推移をグラフで見ている。家計への影響も確認しておきたい。,金融・経済,4,train
1014,鍋料理のおすすめを知りたい！,食事・料理,1,train
1015,休日にGitHubを高速化したい。速度と安定性を重視している。,IT・テクノロジー,0,train
1016,今週はCPUでエラーが出た。,IT・テクノロジー,0,train
1017,家でクレジットカードの動向に注目していると考えている。,金融・経済,4,train
1018,来月に向けて、陸上で汗を流した。,スポーツ,3,train
1019,来月に向けて、ボクシングのトレーニングを始めたので詳しく調べている。,スポーツ,3,train
1020,朝からケーキの人気店を調べている。,食事・料理,1,train
1021,最近、競技場を毎週続けている。,スポーツ,3,train
1022,最近、調味料を冷凍保存したいのでメモしておいた。,食事・料理,1,train
1023,来月に向けて、お土産を家族で訪れたい！,旅行・観光,2,validation
1024,来月に向けて、バレーボールの大会結果に驚いた。選手のプレーを参考にしたい。,スポーツ,3,validation
1025,ネットで東京への交通費を調べている。混雑を避けて回りたい。,旅行・観光,2,test
1026,今週は博物館までの行き方を調べている。家族でも楽しめる場所がいい。,旅行・観光,2,train
1027,コーヒーをもう一度食べたい。,食事・料理,1,validation
1028,朝から居酒屋をお弁当に入れたいので情報を集めている。,食事・料理,1,train
1029,昨日、そばをテイクアウトしたい。,食事・料理,1,train
1030,ネットでそばのカロリーが気になるのが最近の関心事だ。,食事・料理,1,train
1031,最近、所得税の予測を確認している。,金融・経済,4,train
1032,最近、アプリを新しくしたい。予算と性能のバランスも気になる。,IT・テクノロジー,0,train
1033,今日は財政について家計への影響を確認した！,金融・経済,4,test
1034,来月に向けて、ラグビーの大会に出たい。,スポーツ,3,train
1035,家で財政を家計簿と一緒に確認しているので詳しく調べている。,金融・経済,4,train
1036,ロードバイクの練習試合に参加した。,スポーツ,3,train
1037,今週はキャンプ場への交通費を調べている。,旅行・観光,2,train
1038,今週は寺を一日で回りたいのが最近の関心事だ。,旅行・観光,2,train
1039,サーバーでエラーが出た！,IT・テクノロジー,0,train
1040,那覇へ飛行機で向かう。宿泊先の評判も確認している。,旅行・観光,2,train
1041,家でモニターのログを確認している。速度と安定性を重視している。,IT・テクノロジー,0,train
1042,最近、債券が上がっている。,金融・経済,4,train
1043,ふと思って、フォームの大会に出たい,スポーツ,3,train
1044,仕事の合間に炒飯のおすすめを知りたい。,食事・料理,1,train
1045,仕事の合間にコンテナを接続したい。予算と性能のバランスも気になる。,IT・テクノロジー,0,train
1046,友人と話していて、仙台へ一人旅したい,旅行・観光,2,validation
1047,ネットでレンタカーをレンタカーで巡りたい。,旅行・観光,2,train
1048,少し前から年金について制度を調べた！,金融・経済,4,train
1049,友人と話していて、お好み焼きを冷凍保存したい。近くのおいしい店も探している。,食事・料理,1,train
1050,今日はパンを注文した。できれば簡単に作れる方法がいい。,食事・料理,1,train
1051,TOPIXの動向に注目している。,金融・経済,4,train
1052,家でスノーボードを週末に楽しんでいる。無理なく長く続けたい。,スポーツ,3,train
1053,昨日、焼き魚を作りたい！,食事・料理,1,train
1054,仕事の合間に水泳の道具を買い替えたいので詳しく調べている。,スポーツ,3,train
1055,少し前から紅茶を食べ比べたい！,食事・料理,1,train
1056,ふと思って、動物園を観光したい。,旅行・観光,2,train
1057,友人と話していて、クラウドがほしい。,IT・テクノロジー,0,train
1058,休日にDockerについて学習中だ。速度と安定性を重視している。,IT・テクノロジー,0,train
1059,ネットで貯金について経済指標を見ていると考えている。,金融・経済,4,train
1060,休日に筋トレが上手くなりたい。,スポーツ,3,train
1061,今日は利益についてデータを集めている。,金融・経済,4,train
1062,昨日、円相場を家計簿と一緒に確認している。,金融・経済,4,train
1063,友人と話していて、資産運用が下がっている。複数の情報源を比較している。,金融・経済,4,train
1064,ネットでチャットボットの不具合を直したいと考えている。,IT・テクノロジー,0,validation
1065,家で温泉街のおすすめルートを知りたい。,旅行・観光,2,train
1066,仕事の合間に景気についてデータを集めている。,金融・経済,4,train
1067,家でテーマパークへ一人旅したい。,旅行・観光,2,train
1068,家でたこ焼きをテイクアウトしたい。辛さは控えめにしたい。,食事・料理,1,train
1069,朝から神戸をレンタカーで巡りたい。,旅行・観光,2,train
1070,今週はアイスをもう一度食べたいので情報を集めている。,食事・料理,1,train
1071,今週は株式の最新情報を調べている。,金融・経済,4,train
1072,今週はAzureの使い方を知りたい。新しい機能も試してみたい。,IT・テクノロジー,0,train
1073,来月に向けて、JavaScriptを新しくしたい。新しい機能も試してみたい。,IT・テクノロジー,0,train
1074,来月に向けて、陸上のフォームを改善したいので情報を集めている。,スポーツ,3,validation
1075,最近、ゴールの大会結果に驚いた。,スポーツ,3,train
1076,仕事の合間に円相場の推移をグラフで見ている。,金融・経済,4,train
1077,朝からWindowsを接続したい。,IT・テクノロジー,0,train
1078,朝から住宅ローンについて勉強している！,金融・経済,4,test
1079,来月に向けて、保険が企業業績に与える影響を調べたので詳しく調べている。,金融・経済,4,validation
1080,今日は税金についてデータを集めている！,金融・経済,4,train
1081,ネットで住宅ローンの予測を確認していると考えている。,金融・経済,4,train
1082,最近、データベースを高速化したい。速度と安定性を重視している。,IT・テクノロジー,0,train
1083,少し前から広島への旅行を計画している。交通費を抑えたプランにしたい。,旅行・観光,2,test
1084,今日はパソコンの構成を考えている。,IT・テクノロジー,0,train
1085,友人と話していて、iPadをインストールした。新しい機能も試してみたい。,IT・テクノロジー,0,train
1086,今週はCPUを設定している。,IT・テクノロジー,0,test
1087,ネットでメモリの動作が遅い。,IT・テクノロジー,0,test
1088,少し前からデフレのリスクを考えている。,金融・経済,4,train
1089,ふと思って、福岡で温泉に入りたい。,旅行・観光,2,train
1090,友人と話していて、バスケットボールを友人とプレーした！,スポーツ,3,train
1091,ふと思って、日経平均の動向に注目している。,金融・経済,4,train
1092,定食の人気店を調べていると思っている。,食事・料理,1,train
1093,友人と話していて、バレーで記録を伸ばしたい。無理なく長く続けたい。,スポーツ,3,train
1094,ネットでホテルへの交通費を調べている。現地のおいしいものも楽しみたい。,旅行・観光,2,train
1095,来月に向けて、利益を資産形成に活用したいと思っている。,金融・経済,4,test
1096,友人と話していて、オリンピックのプロ選手を目指している。,スポーツ,3,train
1097,昨日、家族旅行へ連休に行く予定だのでメモしておいた。,旅行・観光,2,train
1098,今週は東京へ連休に行く予定だのでメモしておいた。,旅行・観光,2,train
1099,今日は広島を観光したい！,旅行・観光,2,train
1100,バレーボールの大会をテレビで見た。,スポーツ,3,train
1101,朝からスタジアムで体を動かしたいのが最近の関心事だ。,スポーツ,3,train
1102,ネットでうどんのレシピを探している。家族にも好評な味にしたい。,食事・料理,1,train
1103,友人と話していて、お土産へ連休に行く予定だ。,旅行・観光,2,train
1104,最近、レンタカーのおすすめルートを知りたい！,旅行・観光,2,train
1105,ふと思って、海外旅行の宿泊費を比較していると思っている。,旅行・観光,2,train
1106,仕事の合間にモニターの使い方を知りたい。速度と安定性を重視している。,IT・テクノロジー,0,train
1107,仕事の合間に監督のチームに入りたい。体力づくりにも役立てたい。,スポーツ,3,train
1108,今日はファイアウォールがほしい。,IT・テクノロジー,0,validation
1109,最近、城の観光スポットを知りたい。,旅行・観光,2,train
1110,最近、弁当の人気店を調べているのでメモしておいた。,食事・料理,1,train
1111,休日に夕食を朝食に用意したのでメモしておいた。,食事・料理,1,train
1112,ネットでFRBをニュース記事で読んだので情報を集めている。,金融・経済,4,train
1113,投資の仕組みを知りたい。数字の背景も理解したい。,金融・経済,4,train
1114,今日は夕食を朝食に用意した。,食事・料理,1,train
1115,昨日、札幌の混雑状況が気になる。,旅行・観光,2,train
1116,来月に向けて、仙台への旅行を計画している。,旅行・観光,2,train
1117,最近、スマートフォンについて学習中だのでメモしておいた。,IT・テクノロジー,0,train
1118,今日はおにぎりをさっぱり味にしたい。辛さは控えめにしたい。,食事・料理,1,validation
1119,少し前からTOPIXについて投資判断を考えていると考えている。,金融・経済,4,train
1120,展望台を観光したい。交通費を抑えたプランにしたい。,旅行・観光,2,train
1121,来月に向けて、キャンプ場のおすすめルートを知りたい。家族でも楽しめる場所がいい。,旅行・観光,2,train
1122,ふと思って、オリンピックのチームに入りたい！,スポーツ,3,train
1123,今日は年金を毎日チェックしていると思っている。,金融・経済,4,train
1124,今日はレストランの人気店を調べていると思っている。,食事・料理,1,test
1125,仕事の合間に野菜をさっぱり味にしたい！,食事・料理,1,test
1126,休日にサンドイッチを食べ比べたい！,食事・料理,1,train
1127,休日に肉料理を昼ごはんに食べた,食事・料理,1,train
1128,今日は定食を作りたい！,食事・料理,1,train
1129,ネットでプロ野球を毎週続けている。選手のプレーを参考にしたい。,スポーツ,3,validation
1130,家でファイアウォールを導入したいと考えている。,IT・テクノロジー,0,train
1131,今日はスパイスのレシピを探していると思っている。,食事・料理,1,train
1132,友人と話していて、コーヒーをテイクアウトしたい。,食事・料理,1,validation
1133,サーバーを構築してみたい。,IT・テクノロジー,0,train
1134,仕事の合間にSQLをアップデートしたいのが最近の関心事だ。,IT・テクノロジー,0,train
1135,パソコンの性能を比較したい。,IT・テクノロジー,0,validation
1136,昨日、フォームで記録を伸ばしたいと考えている。,スポーツ,3,train
1137,国内旅行へ新幹線で行く。交通費を抑えたプランにしたい。,旅行・観光,2,train
1138,友人と話していて、ロードバイクが上手くなりたい。,スポーツ,3,train
1139,ふと思って、AIをアップデートしたいと思っている。,IT・テクノロジー,0,test
1140,最近、ノートパソコンについて調べているので詳しく調べている。,IT・テクノロジー,0,train
1141,今日はスノーボードの選手を応援している,スポーツ,3,train
1142,来月に向けて、金沢の旅館を予約したい。交通費を抑えたプランにしたい。,旅行・観光,2,train
1143,最近、金利について勉強している。長期的な傾向を見て判断したい。,金融・経済,4,train
1144,ふと思って、トレーニングを友人とプレーした。,スポーツ,3,train
1145,友人と話していて、チームの試合日程を見ている。,スポーツ,3,train
1146,来月に向けて、ネットワークを業務に活用したい。仕事でも使える構成にしたい。,IT・テクノロジー,0,train
1147,休日に自転車競技のプロ選手を目指している！,スポーツ,3,test
1148,少し前からiPadのセキュリティを強化したい。できれば使いやすいものを選びたい。,IT・テクノロジー,0,train
1149,最近、魚料理に合う調味料を知りたい。,食事・料理,1,train
1150,少し前からクレジットカードを長期的に見ている。,金融・経済,4,train
1151,仕事の合間にOSのログを確認している。初心者でも扱いやすい方法を探している。,IT・テクノロジー,0,train
1152,ふと思って、ピザの味付けを工夫したい。,食事・料理,1,train
1153,昨日、利益の予測を確認している。複数の情報源を比較している。,金融・経済,4,train
1154,来月に向けて、魚料理のカロリーが気になる。,食事・料理,1,train
1155,今週は親子丼を辛めに作りたいと思っている。,食事・料理,1,train
1156,今日は国債が企業業績に与える影響を調べた。,金融・経済,4,train
1157,来月に向けて、そばを作りたい。値段と量のバランスも気になる。,食事・料理,1,train
1158,少し前から海外旅行で写真を撮りたい。現地のおいしいものも楽しみたい。,旅行・観光,2,train
1159,来月に向けて、ラーメンをもう一度食べたいのでメモしておいた。,食事・料理,1,validation
1160,今日はPCを接続したい。できれば使いやすいものを選びたい。,IT・テクノロジー,0,test
1161,朝から東京を観光したい！,旅行・観光,2,train
1162,朝からルーターでエラーが出たと思っている。,IT・テクノロジー,0,train
1163,朝から選手を友人とプレーした,スポーツ,3,train
1164,友人と話していて、焼き魚を休日に楽しみたいと思っている。,食事・料理,1,train
1165,今週はバレーの練習試合に参加した。,スポーツ,3,train
1166,ネットでテーマパークを観光したい。現地のおいしいものも楽しみたい。,旅行・観光,2,train
1167,家で美術館でゆっくり過ごしたい。宿泊先の評判も確認している。,旅行・観光,2,train
1168,休日にフィギュアスケートの練習試合に参加した！,スポーツ,3,train
1169,少し前から円相場の最新情報を調べている。,金融・経済,4,train
1170,今週は投資信託の変化が気になっていると考えている。,金融・経済,4,train
1171,日経平均について経済指標を見ている。家計への影響も確認しておきたい。,金融・経済,4,train
1172,来月に向けて、函館のおすすめルートを知りたい。家族でも楽しめる場所がいい。,旅行・観光,2,train
1173,ふと思って、年金の見通しを確認している。,金融・経済,4,validation
1174,Windowsを導入したい。予算と性能のバランスも気になる。,IT・テクノロジー,0,train
1175,少し前からAWSの不具合を直したい。,IT・テクノロジー,0,train
1176,今週は国内旅行へ一人旅したい。移動時間をなるべく短くしたい。,旅行・観光,2,test
1177,プロ野球の大会をテレビで見た。,スポーツ,3,train
1178,家で観光地の宿泊費を比較している。混雑を避けて回りたい。,旅行・観光,2,train
1179,仕事の合間にテーマパークへ週末に出かける。家族でも楽しめる場所がいい。,旅行・観光,2,train
1180,今週は福岡の名所を調べている！,旅行・観光,2,train
1181,来月に向けて、カレーを手作りした。できれば簡単に作れる方法がいい。,食事・料理,1,train
1182,朝から博物館の宿泊費を比較している。宿泊先の評判も確認している。,旅行・観光,2,train
1183,友人と話していて、パスタをもう一度食べたい。,食事・料理,1,train
1184,仕事の合間に剣道の日本代表が気になる。,スポーツ,3,train
1185,今週はシチューをもう一度食べたい！,食事・料理,1,train
1186,仕事の合間にWindowsでツールを作りたい。予算と性能のバランスも気になる。,IT・テクノロジー,0,train
1187,生成AIを仕事で使いたい。,IT・テクノロジー,0,train
1188,朝から観光地を一日で回りたいのでメモしておいた。,旅行・観光,2,train
1189,今日はプロ野球を週末に楽しんでいる！,スポーツ,3,train
1190,少し前からラグビーが上手くなりたい。,スポーツ,3,train
1191,今週はVS Codeを買い替えたい。予算と性能のバランスも気になる。,IT・テクノロジー,0,train
1192,家で剣道の選手を応援している。,スポーツ,3,train
1193,朝から金沢をレンタカーで巡りたいと考えている。,旅行・観光,2,train
1194,家でロードバイクの大会に出たい。体力づくりにも役立てたい。,スポーツ,3,train
1195,ふと思って、大会の選手成績を調べている。,スポーツ,3,train
1196,最近、ハンバーグのおすすめを知りたい。,食事・料理,1,test
1197,休日にクラウドの容量を増やしたい！,IT・テクノロジー,0,train
1198,ふと思って、卓球の大会をテレビで見た。,スポーツ,3,train
1199,休日にワールドカップが上手くなりたい。体力づくりにも役立てたい。,スポーツ,3,train
1200,昨日、インフレを長期的に見ている。,金融・経済,4,train
1201,昨日、市場について家計への影響を確認した。複数の情報源を比較している。,金融・経済,4,train
1202,来月に向けて、焼き魚をお弁当に入れたい。値段と量のバランスも気になる。,食事・料理,1,train
1203,最近、筋肉の試合を見た。無理なく長く続けたい。,スポーツ,3,train
1204,今日は財政への影響を調べている。,金融・経済,4,train
1205,自転車競技の観戦チケットを取ったのでメモしておいた。,スポーツ,3,train
1206,朝から大阪のホテルを探している。,旅行・観光,2,train
1207,家でスタジアムの大会に出たい。次の試合も楽しみにしている。,スポーツ,3,train
1208,来月に向けて、剣道の結果を確認したと考えている。,スポーツ,3,train
1209,昨日、サラダを朝食に用意したのが最近の関心事だ。,食事・料理,1,test
1210,昨日、海外旅行の観光スポットを知りたい。,旅行・観光,2,train
1211,昨日、うどんを朝食に用意した！,食事・料理,1,train
1212,昨日、トレーニングのルールを調べているので情報を集めている。,スポーツ,3,train
1213,家で温泉街へ連休に行く予定だ。,旅行・観光,2,train
1214,少し前から美術館へ週末に出かける！,旅行・観光,2,train
1215,来月に向けて、札幌で写真を撮りたいのが最近の関心事だ。,旅行・観光,2,train
1216,昨日、那覇へ行きたい。交通費を抑えたプランにしたい。,旅行・観光,2,validation
1217,朝から体育館の練習メニューを考えている。,スポーツ,3,train
1218,ゴルフで体を動かしたい。もっと上達する方法を探している。,スポーツ,3,validation
1219,新しいパソコンがほしい。,IT・テクノロジー,0,train
1220,昨日、神戸の混雑状況が気になるのでメモしておいた。,旅行・観光,2,train
1221,今週はテーマパークへ新幹線で行くのでメモしておいた。,旅行・観光,2,train
1222,休日に試合のルールを調べている。体力づくりにも役立てたい。,スポーツ,3,train
1223,昨日、金利について制度を調べた！,金融・経済,4,test
1224,最近、自転車競技の得点シーンを見返した。体力づくりにも役立てたい。,スポーツ,3,test
1225,最近、キャンプ場の観光スポットを知りたい。,旅行・観光,2,test
1226,ふと思って、神社を家族で訪れたい。移動時間をなるべく短くしたい。,旅行・観光,2,train
1227,最近、保険について制度を調べた！,金融・経済,4,train
1228,友人と話していて、CPUについて調べている。初心者でも扱いやすい方法を探している。,IT・テクノロジー,0,train
1229,少し前からDockerを仕事で使いたい。,IT・テクノロジー,0,train
1230,来月に向けて、キャンプ場で食べ歩きしたい！,旅行・観光,2,train
1231,少し前からFRBの予測を確認していると思っている。,金融・経済,4,train
1232,来月に向けて、神社を観光したい。混雑を避けて回りたい。,旅行・観光,2,train
1233,ふと思って、うどんの作り方を覚えたい。,食事・料理,1,train
1234,休日にお土産の旅館を予約したいと考えている。,旅行・観光,2,test
1235,少し前から機械学習を設定している。できれば使いやすいものを選びたい。,IT・テクノロジー,0,test
1236,家でリゾートまでの行き方を調べている。宿泊先の評判も確認している。,旅行・観光,2,train
1237,友人と話していて、チームが上手くなりたい。選手のプレーを参考にしたい。,スポーツ,3,train
1238,最近、VPNの使い方を知りたい。,IT・テクノロジー,0,train
1239,今日はレンタカーで観光案内を見ている。移動時間をなるべく短くしたい。,旅行・観光,2,train
1240,来月に向けて、東京で写真を撮りたい。交通費を抑えたプランにしたい。,旅行・観光,2,test
1241,朝からクラウドの構成を考えている。,IT・テクノロジー,0,train
1242,家でスマートフォンの動作が遅い。初心者でも扱いやすい方法を探している。,IT・テクノロジー,0,validation
1243,来月に向けて、Linuxを導入したい。仕事でも使える構成にしたい。,IT・テクノロジー,0,validation
1244,来月に向けて、ケーキを食べ比べたい。,食事・料理,1,train
1245,ネットでスタジアムの試合を見た。無理なく長く続けたい。,スポーツ,3,train
1246,休日にサンドイッチがおいしかった！,食事・料理,1,train
1247,ふと思って、美術館のホテルを探しているのでメモしておいた。,旅行・観光,2,validation
1248,年金の動きを確認しているのが最近の関心事だ。,金融・経済,4,validation
1249,来月に向けて、テーマパークの宿泊費を比較している。宿泊先の評判も確認している。,旅行・観光,2,train
1250,休日に宿泊までの行き方を調べている。宿泊先の評判も確認している。,旅行・観光,2,train
1251,昨日、経済成長について制度を調べた。,金融・経済,4,train
1252,家で資産運用の動向に注目していると考えている。,金融・経済,4,train
1253,来月に向けて、プリンの店を探している。値段と量のバランスも気になる。,食事・料理,1,validation
1254,昨日、試合を練習している。,スポーツ,3,train
1255,少し前から所得税を長期的に見ている！,金融・経済,4,train
1256,来月に向けて、コンテナでツールを作りたい。新しい機能も試してみたい。,IT・テクノロジー,0,train
1257,昨日、ランニングの日本代表が気になるので情報を集めている。,スポーツ,3,train
1258,朝からデザートのレシピを探している。,食事・料理,1,train
1259,友人と話していて、日本銀行の仕組みを知りたいのが最近の関心事だ。,金融・経済,4,train
1260,休日に景気が下がっている。,金融・経済,4,train
1261,家でプリンに合う調味料を知りたいのでメモしておいた。,食事・料理,1,train
1262,少し前から牛丼に野菜を追加したい。,食事・料理,1,train
1263,今週は景気を毎日チェックしている。,金融・経済,4,train
1264,フィギュアスケートで体を動かしたい。,スポーツ,3,train
1265,昨日、為替の変化が気になっている。長期的な傾向を見て判断したい。,金融・経済,4,train
1266,休日に北海道でお土産を買いたい。,旅行・観光,2,train
1267,今週はiPadの設定を見直したい。初心者でも扱いやすい方法を探している。,IT・テクノロジー,0,train
1268,友人と話していて、市場について家計への影響を確認した！,金融・経済,4,train
1269,仕事の合間に唐揚げのカロリーが気になる,食事・料理,1,train
1270,少し前からスポーツ観戦で記録を伸ばしたいのが最近の関心事だ。,スポーツ,3,train
1271,朝から経済ニュースの見通しを確認している。,金融・経済,4,train
1272,朝からモニターの容量を増やしたいので情報を集めている。,IT・テクノロジー,0,train
1273,今週は金融政策について家計への影響を確認した。,金融・経済,4,train
1274,休日にパソコンを買い替えたい。,IT・テクノロジー,0,train
1275,ふと思って、ファイアウォールのセキュリティを強化したい。新しい機能も試してみたい。,IT・テクノロジー,0,validation
1276,最近、おにぎりをさっぱり味にしたい！,食事・料理,1,train
1277,朝からクレジットカードについて経済指標を見ている。,金融・経済,4,train
1278,家で旅館の混雑状況が気になる！,旅行・観光,2,train
1279,家でデフレの今後が気になる！,金融・経済,4,test
1280,今週はAIがほしい。仕事でも使える構成にしたい。,IT・テクノロジー,0,train
1281,今日は売上をニュースで見たので情報を集めている。,金融・経済,4,train
1282,家で利益について経済指標を見ている。,金融・経済,4,train
1283,今日は機械学習について学習中だ。,IT・テクノロジー,0,train
1284,ネットでAPIの容量を増やしたい。仕事でも使える構成にしたい。,IT・テクノロジー,0,train
1285,朝から配当をニュース記事で読んだ！,金融・経済,4,train
1286,少し前からトーナメントのプロ選手を目指していると考えている。,スポーツ,3,train
1287,昨日、TOPIXへの影響を調べている。,金融・経済,4,train
1288,家でおにぎりを注文した！,食事・料理,1,train
1289,人工知能のログを確認しているのが最近の関心事だ。,IT・テクノロジー,0,test
1290,少し前からランニングの大会に出たい。次の試合も楽しみにしている。,スポーツ,3,train
1291,今日はアプリを新しくしたい。初心者でも扱いやすい方法を探している。,IT・テクノロジー,0,train
1292,昨日、ランニングの試合を見た。次の試合も楽しみにしている。,スポーツ,3,test
1293,仕事の合間にピザを簡単に作りたい。値段と量のバランスも気になる。,食事・料理,1,train
1294,家でランニングの大会結果に驚いたと思っている。,スポーツ,3,train
1295,今週は株価について家計への影響を確認した。長期的な傾向を見て判断したい。,金融・経済,4,test
1296,少し前からサーバーを新しくしたい。,IT・テクノロジー,0,train
1297,友人と話していて、チャットボットについて調べている。速度と安定性を重視している。,IT・テクノロジー,0,train
1298,今日はボクシングの大会をテレビで見た。,スポーツ,3,train
1299,ネットで原油価格を毎日チェックしている。リスクとリターンの両方を考えたい。,金融・経済,4,validation
1300,ふと思って、親子丼を手作りした。,食事・料理,1,validation
1301,少し前から資源価格について専門家の解説を読んだ。,金融・経済,4,train
1302,朝から夕食がおいしかった！,食事・料理,1,train
1303,友人と話していて、大会を観戦したいのでメモしておいた。,スポーツ,3,train
1304,ふと思って、鍋料理の盛り付けを工夫した。,食事・料理,1,test
1305,来月に向けて、予算を資産形成に活用したいので詳しく調べている。,金融・経済,4,train
1306,家でバレーの試合日程を見ている。次の試合も楽しみにしている。,スポーツ,3,test
1307,朝からスキーを観戦したい。もっと上達する方法を探している。,スポーツ,3,train
1308,少し前からWi-Fiの最新版が気になる。,IT・テクノロジー,0,train
1309,来月に向けて、サンドイッチを食べ比べたい。,食事・料理,1,validation
1310,今週はJリーグのルールを調べている。次の試合も楽しみにしている。,スポーツ,3,train
1311,仕事の合間にメモリでエラーが出た。,IT・テクノロジー,0,train
1312,フォームのスタジアムへ行きたい。体力づくりにも役立てたい。,スポーツ,3,train
1313,家でお好み焼きをさっぱり味にしたい。できれば簡単に作れる方法がいい。,食事・料理,1,validation
1314,今週は唐揚げに合う調味料を知りたい。できれば簡単に作れる方法がいい。,食事・料理,1,train
1315,最近、メモリのセキュリティを強化したい。初心者でも扱いやすい方法を探している。,IT・テクノロジー,0,validation
1316,仕事の合間にファイアウォールでエラーが出た。,IT・テクノロジー,0,train
1317,仕事の合間にプログラミングをインストールしたので情報を集めている。,IT・テクノロジー,0,train
1318,GDPの動きを確認している。,金融・経済,4,train
1319,家で離島で写真を撮りたい。現地のおいしいものも楽しみたい。,旅行・観光,2,train
1320,昨日、ラーメンをお弁当に入れたい。近くのおいしい店も探している。,食事・料理,1,train
1321,家で福岡で温泉に入りたい。,旅行・観光,2,train
1322,少し前からメモリの使い方を知りたい！,IT・テクノロジー,0,test
1323,今週はバレーボールの大会結果に驚いた。もっと上達する方法を探している。,スポーツ,3,train
1324,今日はTOPIXについて経済指標を見ている。,金融・経済,4,train
1325,ふと思って、城の景色を見たいと考えている。,旅行・観光,2,train
1326,来月に向けて、水泳のスタジアムへ行きたい。無理なく長く続けたい。,スポーツ,3,test
1327,友人と話していて、クラウドについて学習中だと思っている。,IT・テクノロジー,0,train
1328,友人と話していて、スノーボードの観戦チケットを取った。体力づくりにも役立てたい。,スポーツ,3,test
1329,昨日、レスリングで記録を伸ばしたい,スポーツ,3,train
1330,友人と話していて、剣道のチームに入りたいので詳しく調べている。,スポーツ,3,train
1331,ふと思って、デスクトップPCの使い方を知りたいので詳しく調べている。,IT・テクノロジー,0,validation
1332,休日にトーナメントのスタジアムへ行きたい。,スポーツ,3,train
1333,朝から景気を家計簿と一緒に確認している。,金融・経済,4,train
1334,ふと思って、旅行費用の旅行プランを作っているのが最近の関心事だ。,旅行・観光,2,train
1335,ネットで奈良へ週末に出かける。家族でも楽しめる場所がいい。,旅行・観光,2,train
1336,昨日、経済成長の動きを確認している。短期的な変動だけで判断しないようにしたい。,金融・経済,4,train
1337,利益のリスクを考えている。長期的な傾向を見て判断したい。,金融・経済,4,train
1338,休日にフォームの観戦チケットを取った。基礎からフォームを見直したい。,スポーツ,3,train
1339,朝からLinuxについて調べている。新しい機能も試してみたい。,IT・テクノロジー,0,train
1340,ふと思って、預金の見通しを確認しているのが最近の関心事だ。,金融・経済,4,train
1341,仕事の合間にPCを設定しているので詳しく調べている。,IT・テクノロジー,0,test
1342,タブレットについて調べている,IT・テクノロジー,0,train
1343,ふと思って、投資のリスクを考えている,金融・経済,4,train
1344,友人と話していて、ピザがおいしかった。値段と量のバランスも気になる。,食事・料理,1,train
1345,友人と話していて、CPUの動作が遅いのでメモしておいた。,IT・テクノロジー,0,train
1346,最近、空港へ連休に行く予定だと思っている。,旅行・観光,2,train
1347,今週はセキュリティをインストールしたと思っている。,IT・テクノロジー,0,train
1348,ネットで美術館を観光したい。,旅行・観光,2,train
1349,ふと思って、タブレットを買い替えたい！,IT・テクノロジー,0,train
1350,少し前からコーヒーの味付けを工夫したいのが最近の関心事だ。,食事・料理,1,train
1351,休日にアイスを休日に楽しみたい。,食事・料理,1,train
1352,友人と話していて、ホームランを毎週続けている。基礎からフォームを見直したい。,スポーツ,3,test
1353,休日にPythonを勉強したい！,IT・テクノロジー,0,validation
1354,昨日、ホテルへ行きたいのでメモしておいた。,旅行・観光,2,train
1355,仕事の合間にPCを高速化したい。,IT・テクノロジー,0,train
1356,最近、神社へ週末に出かける。,旅行・観光,2,train
1357,仕事の合間にオムライスをさっぱり味にしたいので詳しく調べている。,食事・料理,1,train
1358,家で企業業績の変化が気になっている。,金融・経済,4,train
1359,昨日、陸上の観戦チケットを取った！,スポーツ,3,train
1360,ふと思って、レスリングを週末に楽しんでいる。,スポーツ,3,train
1361,ふと思って、金利について家計への影響を確認した！,金融・経済,4,validation
1362,ネットでステーキを昼ごはんに食べた！,食事・料理,1,train
1363,家で焼肉をテイクアウトしたい！,食事・料理,1,test
1364,家で預金の見通しを確認していると考えている。,金融・経済,4,validation
1365,今日は年金の今後が気になる。リスクとリターンの両方を考えたい。,金融・経済,4,train
1366,最近、キーボードがほしい！,IT・テクノロジー,0,test
1367,友人と話していて、経済ニュースについて勉強している。長期的な傾向を見て判断したい。,金融・経済,4,train
1368,昨日、ラーメンを冷凍保存したい。,食事・料理,1,validation
1369,休日にシーフードを朝食に用意した！,食事・料理,1,train
1370,来月に向けて、資源価格の変化が気になっていると考えている。,金融・経済,4,train
1371,友人と話していて、弁当を冷凍保存したい。近くのおいしい店も探している。,食事・料理,1,train
1372,旅行の名所を調べていると考えている。,旅行・観光,2,train
1373,ネットで市場についてデータを集めている！,金融・経済,4,train
1374,少し前からカレーを簡単に作りたい。,食事・料理,1,train
1375,来月に向けて、Jリーグの道具を買い替えたいと考えている。,スポーツ,3,train
1376,仕事の合間にFRBの最新情報を調べている。長期的な傾向を見て判断したい。,金融・経済,4,train
1377,ネットでゴルフのプロ選手を目指している。無理なく長く続けたい。,スポーツ,3,test
1378,家でマウスの使い方を知りたい。,IT・テクノロジー,0,train
1379,最近、デスクトップPCを設定している。,IT・テクノロジー,0,train
1380,最近、サンドイッチを手作りした。,食事・料理,1,train
1381,朝からWi-Fiがほしいと考えている。,IT・テクノロジー,0,train
1382,休日に観光地までの行き方を調べていると思っている。,旅行・観光,2,train
1383,少し前から天ぷらがおいしかったので詳しく調べている。,食事・料理,1,validation
1384,友人と話していて、国債のリスクを考えている。複数の情報源を比較している。,金融・経済,4,train
1385,少し前から京都を観光したい。宿泊先の評判も確認している。,旅行・観光,2,train
1386,今週は寺への旅行を計画していると思っている。,旅行・観光,2,test
1387,友人と話していて、経済成長の予測を確認している。短期的な変動だけで判断しないようにしたい。,金融・経済,4,train
1388,メモリを増設したい。,IT・テクノロジー,0,train
1389,ふと思って、住宅ローンの見通しを確認している。短期的な変動だけで判断しないようにしたい。,金融・経済,4,train
1390,友人と話していて、クレジットカードの最新情報を調べているのでメモしておいた。,金融・経済,4,train
1391,休日に離島から帰ってきた。,旅行・観光,2,train
1392,朝から為替レートへの影響を調べていると考えている。,金融・経済,4,validation
1393,休日に決算の最新情報を調べているので情報を集めている。,金融・経済,4,test
1394,ふと思って、決算についてデータを集めているのが最近の関心事だ。,金融・経済,4,train
1395,ふと思って、金利の最新情報を調べている。複数の情報源を比較している。,金融・経済,4,train
1396,昨日、SQLを新しくしたい。,IT・テクノロジー,0,train
1397,友人と話していて、シーフードを作りたい。値段と量のバランスも気になる。,食事・料理,1,validation
1398,今週はAIを新しくしたい！,IT・テクノロジー,0,train
1399,休日にラーメンを辛めに作りたい。,食事・料理,1,train
1400,仕事の合間に温泉へ連休に行く予定だ。,旅行・観光,2,train
1401,来月に向けて、山の旅館を予約したい。宿泊先の評判も確認している。,旅行・観光,2,validation
1402,友人と話していて、北海道の宿泊費を比較している。交通費を抑えたプランにしたい。,旅行・観光,2,train
1403,仕事の合間に博物館への旅行を計画している。家族でも楽しめる場所がいい。,旅行・観光,2,train
1404,ふと思って、TOPIXについて専門家の解説を読んだ。数字の背景も理解したい。,金融・経済,4,train
1405,昨日、パスタのカロリーが気になる。,食事・料理,1,train
1406,昨日、コーヒーを食べたいと考えている。,食事・料理,1,test
1407,最近、体操の試合を見た。体力づくりにも役立てたい。,スポーツ,3,train
1408,友人と話していて、シーフードを休日に楽しみたい。値段と量のバランスも気になる。,食事・料理,1,train
1409,昨日、ネットワークのセキュリティを強化したいので情報を集めている。,IT・テクノロジー,0,train
1410,家でカフェをさっぱり味にしたい。,食事・料理,1,train
1411,機械学習を自作してみたい。できれば使いやすいものを選びたい。,IT・テクノロジー,0,validation
1412,消費税のリスクを考えている。長期的な傾向を見て判断したい。,金融・経済,4,train
1413,昨日、VS Codeを自動化に使いたい。,IT・テクノロジー,0,validation
1414,朝からステーキをお弁当に入れたい。近くのおいしい店も探している。,食事・料理,1,train
1415,今日は魚料理の店を探している。,食事・料理,1,test
1416,動物園へ一人旅したい。交通費を抑えたプランにしたい。,旅行・観光,2,validation
1417,今週はコンテナがほしい。新しい機能も試してみたい。,IT・テクノロジー,0,validation
1418,今週はアプリのセキュリティを強化したい。速度と安定性を重視している。,IT・テクノロジー,0,train
1419,少し前から家族旅行の旅館を予約したい！,旅行・観光,2,train
1420,仕事の合間に京都のホテルを探している。混雑を避けて回りたい。,旅行・観光,2,train
1421,ネットでそばを家族と食べたい。家族にも好評な味にしたい。,食事・料理,1,train
1422,休日にお土産の観光スポットを知りたい。混雑を避けて回りたい。,旅行・観光,2,train
1423,今日は寿司のレシピを探している。できれば簡単に作れる方法がいい。,食事・料理,1,validation
1424,ネットでGitHubの性能を比較したい。速度と安定性を重視している。,IT・テクノロジー,0,train
1425,仕事の合間にワールドカップのスタジアムへ行きたい,スポーツ,3,train
1426,家でホテルで観光案内を見ている。,旅行・観光,2,train
1427,休日に債券が生活費に響いている。短期的な変動だけで判断しないようにしたい。,金融・経済,4,train
1428,友人と話していて、長崎の宿泊費を比較している。家族でも楽しめる場所がいい。,旅行・観光,2,train
1429,友人と話していて、観光バスを家族で訪れたい！,旅行・観光,2,train
1430,ふと思って、AIの性能を比較したいと考えている。,IT・テクノロジー,0,train
1431,朝から美術館への交通費を調べているのでメモしておいた。,旅行・観光,2,train
1432,家でJリーグを練習している。もっと上達する方法を探している。,スポーツ,3,train
1433,ふと思って、ローンの動きを確認しているので情報を集めている。,金融・経済,4,validation
1434,来月に向けて、練習の結果を確認した。選手のプレーを参考にしたい。,スポーツ,3,train
1435,ネットで刺身の味付けを工夫したい。近くのおいしい店も探している。,食事・料理,1,train
1436,少し前から美術館を一日で回りたいのが最近の関心事だ。,旅行・観光,2,train
1437,今週は旅行のホテルを探している。,旅行・観光,2,train
1438,朝からDockerの構成を考えていると考えている。,IT・テクノロジー,0,train
1439,ネットで政策金利について家計への影響を確認した！,金融・経済,4,train
1440,今週はレシピを夕食に作る。,食事・料理,1,train
1441,朝から預金への影響を調べていると考えている。,金融・経済,4,train
1442,家でNBAのプロ選手を目指している！,スポーツ,3,train
1443,最近、山のおすすめルートを知りたい,旅行・観光,2,train
1444,友人と話していて、美術館で泊まりたい。,旅行・観光,2,train
1445,財政について専門家の解説を読んだので情報を集めている。,金融・経済,4,train
1446,仕事の合間に長崎の宿泊費を比較していると思っている。,旅行・観光,2,validation
1447,今週はスパイスを手作りした,食事・料理,1,train
1448,仕事の合間にフォームのプロ選手を目指していると考えている。,スポーツ,3,train
1449,最近、剣道の得点シーンを見返したので情報を集めている。,スポーツ,3,train
1450,少し前からデスクトップPCを仕事で使いたい。,IT・テクノロジー,0,validation
1451,休日にクラウドの性能を比較したい。,IT・テクノロジー,0,train
1452,最近、キャンプ場への旅行を計画している！,旅行・観光,2,train
1453,Pythonを勉強したい。,IT・テクノロジー,0,train
1454,今日は道の駅でゆっくり過ごしたいので情報を集めている。,旅行・観光,2,train
1455,ふと思って、キャンプ場で写真を撮りたいので情報を集めている。,旅行・観光,2,train
1456,休日にマラソンを観戦したい。次の試合も楽しみにしている。,スポーツ,3,train
1457,最近、人工知能について学習中だ。,IT・テクノロジー,0,train
1458,最近、日経平均の推移をグラフで見ている。,金融・経済,4,test
1459,来月に向けて、長崎で食べ歩きしたいと思っている。,旅行・観光,2,train
1460,来月に向けて、売上の見通しを確認している。,金融・経済,4,train
1461,ネットでフォームの大会をテレビで見た。もっと上達する方法を探している。,スポーツ,3,test
1462,今週はハンバーグを食べ比べたい。近くのおいしい店も探している。,食事・料理,1,train
1463,ふと思って、ハンバーグに野菜を追加したい。できれば簡単に作れる方法がいい。,食事・料理,1,train
1464,休日に配当について制度を調べた。,金融・経済,4,train
1465,昨日、居酒屋に野菜を追加したい！,食事・料理,1,train
1466,今週は金融政策の仕組みを知りたいと思っている。,金融・経済,4,test
1467,最近、ルーターの構成を考えている,IT・テクノロジー,0,test
1468,最近、資源価格を資産形成に活用したい。,金融・経済,4,test
1469,家で株価の動きを確認している,金融・経済,4,train
1470,少し前から飛行機で食べ歩きしたい。現地のおいしいものも楽しみたい。,旅行・観光,2,validation
1471,ネットでデザートをもう一度食べたいのが最近の関心事だ。,食事・料理,1,train
1472,来月に向けて、VPNをアップデートしたいのが最近の関心事だ。,IT・テクノロジー,0,validation
1473,朝からホームランを練習しているので詳しく調べている。,スポーツ,3,train
1474,最近、レンタカーへ飛行機で向かうので詳しく調べている。,旅行・観光,2,validation
1475,少し前からレスリングのルールを調べている！,スポーツ,3,train
1476,今週は決算の動向に注目している。長期的な傾向を見て判断したい。,金融・経済,4,train
1477,ネットで筋トレの試合を見た！,スポーツ,3,train
1478,来月に向けて、タブレットの設定を見直したい。速度と安定性を重視している。,IT・テクノロジー,0,test
1479,朝から予算について投資判断を考えている！,金融・経済,4,train
1480,ふと思って、賃金について家計への影響を確認した。,金融・経済,4,validation
1481,家でトーナメントのプロ選手を目指している。,スポーツ,3,test
1482,今週は年金を家計簿と一緒に確認している！,金融・経済,4,train
1483,少し前から餃子を休日に楽しみたい。辛さは控えめにしたい。,食事・料理,1,train
1484,ふと思って、美術館へ新幹線で行く！,旅行・観光,2,train
1485,最近、筋トレの練習メニューを考えている。もっと上達する方法を探している。,スポーツ,3,train
1486,今日は練習の得点シーンを見返したと考えている。,スポーツ,3,test
1487,ふと思って、空港へ一人旅したい。混雑を避けて回りたい。,旅行・観光,2,validation
1488,ネットでファイアウォールを接続したい。,IT・テクノロジー,0,train
1489,ネットで住宅ローンを家計簿と一緒に確認しているのでメモしておいた。,金融・経済,4,train
1490,ネットで牛丼を簡単に作りたい！,食事・料理,1,train
1491,昨日、パンの作り方を覚えたい。辛さは控えめにしたい。,食事・料理,1,train
1492,ネットでケーキをテイクアウトしたい。,食事・料理,1,train
1493,朝から離島を一日で回りたい。,旅行・観光,2,train
1494,ふと思って、親子丼を手作りしたので詳しく調べている。,食事・料理,1,validation
1495,今日は家計の今後が気になる。リスクとリターンの両方を考えたい。,金融・経済,4,train
1496,ネットで東京へ一人旅したい！,旅行・観光,2,train
1497,日本銀行の今後が気になるので詳しく調べている。,金融・経済,4,validation
1498,今週はパスタを辛めに作りたい！,食事・料理,1,train
1499,来月に向けて、ハンバーグを食べたいのでメモしておいた。,食事・料理,1,train
1500,最近、城の宿泊費を比較している。,旅行・観光,2,train
1501,今週は城の混雑状況が気になる。,旅行・観光,2,train
1502,今週はバレーを練習しているのでメモしておいた。,スポーツ,3,train
1503,最近、鍋料理の材料を買ってきた。,食事・料理,1,train
1504,Wi-Fiがほしい。,IT・テクノロジー,0,train
1505,朝から那覇へ一人旅したいので詳しく調べている。,旅行・観光,2,train
1506,ネットで貯金について制度を調べた。,金融・経済,4,train
1507,家でAWSを買い替えたい。速度と安定性を重視している。,IT・テクノロジー,0,train
1508,昨日、大阪へ飛行機で向かう。混雑を避けて回りたい。,旅行・観光,2,test
1509,今日は筋トレで記録を伸ばしたい。,スポーツ,3,validation
1510,友人と話していて、消費税について投資判断を考えている。,金融・経済,4,train
1511,家でパンを作りたいのが最近の関心事だ。,食事・料理,1,train
1512,休日にSSDのログを確認している。,IT・テクノロジー,0,train
1513,今週は餃子を昼ごはんに食べた。できれば簡単に作れる方法がいい。,食事・料理,1,validation
1514,ふと思って、ゲーミングPCを導入したい！,IT・テクノロジー,0,test
1515,朝からSQLでツールを作りたいのでメモしておいた。,IT・テクノロジー,0,train
1516,朝からトーナメントのフォームを改善したいと考えている。,スポーツ,3,test
1517,来月に向けて、炒飯をお弁当に入れたいと思っている。,食事・料理,1,train
1518,朝からトレーニングのチームに入りたい。選手のプレーを参考にしたい。,スポーツ,3,train
1519,来月に向けて、市場について勉強している。,金融・経済,4,train
1520,休日に剣道の選手成績を調べているので詳しく調べている。,スポーツ,3,train
1521,ネットでWi-Fiを高速化したい。初心者でも扱いやすい方法を探している。,IT・テクノロジー,0,train
1522,朝からデフレについて投資判断を考えている。家計への影響も確認しておきたい。,金融・経済,4,validation
1523,休日にオムライスがおいしかった。辛さは控えめにしたい。,食事・料理,1,train
1524,朝からラーメンの材料を買ってきた。辛さは控えめにしたい。,食事・料理,1,train
1525,来月に向けて、競技場のトレーニングを始めた。体力づくりにも役立てたい。,スポーツ,3,train
1526,ふと思って、京都の混雑状況が気になる。,旅行・観光,2,train
1527,朝からデフレが生活費に響いている。,金融・経済,4,train
1528,休日に国債が生活費に響いている。短期的な変動だけで判断しないようにしたい。,金融・経済,4,train
1529,最近、Jリーグを毎週続けているので情報を集めている。,スポーツ,3,train
1530,朝からデザートを友人と食べに行く。,食事・料理,1,train
1531,朝から中央銀行を長期的に見ている。短期的な変動だけで判断しないようにしたい。,金融・経済,4,train
1532,今日はLLMの最新版が気になるのでメモしておいた。,IT・テクノロジー,0,train
1533,友人と話していて、離島の景色を見たい。宿泊先の評判も確認している。,旅行・観光,2,train
1534,昨日、福岡で写真を撮りたいと思っている。,旅行・観光,2,train
1535,朝からiPadを接続したい！,IT・テクノロジー,0,train
1536,来月に向けて、旅行の旅館を予約したいので情報を集めている。,旅行・観光,2,train
1537,昨日、サーバーを仕事で使いたいと考えている。,IT・テクノロジー,0,train
1538,来月に向けて、バレーの選手成績を調べている。体力づくりにも役立てたい。,スポーツ,3,train
1539,昨日、賃金の見通しを確認している。家計への影響も確認しておきたい。,金融・経済,4,train
1540,最近、ゴルフのトレーニングを始めたのが最近の関心事だ。,スポーツ,3,train
1541,友人と話していて、ゲーミングPCの設定を見直したいと思っている。,IT・テクノロジー,0,train
1542,最近、ロードバイクを練習していると思っている。,スポーツ,3,train
1543,少し前からセキュリティを勉強したい。新しい機能も試してみたい。,IT・テクノロジー,0,train
1544,休日に日本代表のトレーニングを始めた。選手のプレーを参考にしたい。,スポーツ,3,train
1545,仕事の合間に炒飯の作り方を覚えたいと考えている。,食事・料理,1,train
1546,少し前から水泳で記録を伸ばしたい。,スポーツ,3,validation
1547,ふと思って、温泉街のおすすめルートを知りたい。現地のおいしいものも楽しみたい。,旅行・観光,2,train
1548,休日にGoogle Cloudをインストールした。,IT・テクノロジー,0,train
1549,来月に向けて、Wi-Fiがほしい。,IT・テクノロジー,0,train
1550,今日はスキーの大会をテレビで見た！,スポーツ,3,train
1551,今週はTOPIXを毎日チェックしているので情報を集めている。,金融・経済,4,train
1552,少し前からスノーボードを毎週続けているので情報を集めている。,スポーツ,3,validation
1553,家で刺身の盛り付けを工夫した！,食事・料理,1,train
1554,今日は資源価格について勉強している。,金融・経済,4,train
1555,朝からパソコンを導入したい！,IT・テクノロジー,0,train
1556,ネットでプリンを食べ比べたい。近くのおいしい店も探している。,食事・料理,1,train
1557,来月に向けて、沖縄を一日で回りたい。,旅行・観光,2,train
1558,今日はネットワークの動作が遅い。予算と性能のバランスも気になる。,IT・テクノロジー,0,train
1559,朝からローンが上がっている。,金融・経済,4,train
1560,今週はコーヒーに合う調味料を知りたい。,食事・料理,1,train
1561,家でホテルへ新幹線で行くので情報を集めている。,旅行・観光,2,train
1562,家で国債についてデータを集めているので情報を集めている。,金融・経済,4,train
1563,ネットで筋トレで体を動かしたいので情報を集めている。,スポーツ,3,train
1564,金融政策をニュース記事で読んだ。,金融・経済,4,validation
1565,昨日、新幹線でゆっくり過ごしたい。,旅行・観光,2,train
1566,友人と話していて、旅行費用の景色を見たい。,旅行・観光,2,train
1567,休日に機械学習の動作が遅い。できれば使いやすいものを選びたい。,IT・テクノロジー,0,train
1568,朝から旅行で写真を撮りたい。移動時間をなるべく短くしたい。,旅行・観光,2,train
1569,ふと思って、シーフードを友人と食べに行く。,食事・料理,1,train
1570,友人と話していて、ステーキの作り方を覚えたい。休日にゆっくり楽しみたい。,食事・料理,1,train
1571,昨日、柔道を観戦したい。,スポーツ,3,test
1572,昨日、スパイスを辛めに作りたい！,食事・料理,1,train
1573,昨日、カレーを家族と食べたい。辛さは控えめにしたい。,食事・料理,1,train
1574,休日に政策金利への影響を調べていると思っている。,金融・経済,4,train
1575,友人と話していて、バックアップを買い替えたいので情報を集めている。,IT・テクノロジー,0,train
1576,今週はパンを作りたいと考えている。,食事・料理,1,train
1577,休日に住宅ローンの動きを確認している。複数の情報源を比較している。,金融・経済,4,train
1578,筋トレの練習メニューを考えている。無理なく長く続けたい。,スポーツ,3,test
1579,ネットでCPUの不具合を直したい。初心者でも扱いやすい方法を探している。,IT・テクノロジー,0,train
1580,仕事の合間に親子丼の人気店を調べている。,食事・料理,1,test
1581,仕事の合間にDockerについて学習中だのでメモしておいた。,IT・テクノロジー,0,train
1582,ふと思って、Pythonをアップデートしたい。,IT・テクノロジー,0,train
1583,ネットで日経平均について専門家の解説を読んだ。,金融・経済,4,train
1584,ふと思って、GPUを自動化に使いたい。,IT・テクノロジー,0,train
1585,友人と話していて、バスケットボールの大会をテレビで見た。基礎からフォームを見直したい。,スポーツ,3,train
1586,ふと思って、海から帰ってきた！,旅行・観光,2,train
1587,来月に向けて、ステーキがおいしかった。,食事・料理,1,train
1588,今日はWebアプリについて学習中だ。初心者でも扱いやすい方法を探している。,IT・テクノロジー,0,train
1589,来月に向けて、野菜の盛り付けを工夫した。家族にも好評な味にしたい。,食事・料理,1,train
1590,昨日、バスケットボールで体を動かしたい。,スポーツ,3,train
1591,来月に向けて、野菜をさっぱり味にしたい。値段と量のバランスも気になる。,食事・料理,1,train
1592,友人と話していて、離島の景色を見たい,旅行・観光,2,train
1593,ふと思って、バレーボールを週末に楽しんでいる。,スポーツ,3,test
1594,朝からそばをさっぱり味にしたい,食事・料理,1,validation
1595,今週は資産運用を毎日チェックしている。家計への影響も確認しておきたい。,金融・経済,4,train
1596,友人と話していて、TOPIXが下がっている。長期的な傾向を見て判断したい。,金融・経済,4,train
1597,家で函館までの行き方を調べている。,旅行・観光,2,train
1598,今日は株価について専門家の解説を読んだ。短期的な変動だけで判断しないようにしたい。,金融・経済,4,train
1599,友人と話していて、選手のフォームを改善したい。無理なく長く続けたい。,スポーツ,3,train
1600,友人と話していて、定食を辛めに作りたい。,食事・料理,1,validation
1601,ふと思って、デザートをお弁当に入れたい。辛さは控えめにしたい。,食事・料理,1,train
1602,少し前から肉料理を休日に楽しみたい。値段と量のバランスも気になる。,食事・料理,1,train
1603,朝からおにぎりを朝食に用意した！,食事・料理,1,train
1604,今日は消費税の変化が気になっている。リスクとリターンの両方を考えたい。,金融・経済,4,train
1605,債券の動きを確認していると思っている。,金融・経済,4,train
1606,パソコンを買い替えたい。,IT・テクノロジー,0,train
1607,選手の大会をテレビで見た。選手のプレーを参考にしたい。,スポーツ,3,validation
1608,仕事の合間にトレーニングの試合日程を見ていると考えている。,スポーツ,3,train
1609,最近、カフェを夕食に作るのが最近の関心事だ。,食事・料理,1,train
1610,休日に金利が上がっているので詳しく調べている。,金融・経済,4,train
1611,夕食を休日に楽しみたい。,食事・料理,1,train
1612,来月に向けて、夕食のおすすめを知りたい！,食事・料理,1,train
1613,仕事の合間にGoogle Cloudを勉強したいのが最近の関心事だ。,IT・テクノロジー,0,test
1614,昨日、レシピを辛めに作りたい。休日にゆっくり楽しみたい。,食事・料理,1,train
1615,ネットでアプリをインストールしたと考えている。,IT・テクノロジー,0,test
1616,今日は観光バスの名所を調べている。家族でも楽しめる場所がいい。,旅行・観光,2,train
1617,家で家計の予測を確認していると思っている。,金融・経済,4,train
1618,仕事の合間に原油価格の動きを確認している。家計への影響も確認しておきたい。,金融・経済,4,train
1619,ふと思って、政策金利について基本から学びたいと思っている。,金融・経済,4,train
1620,最近、寿司のおすすめを知りたいので情報を集めている。,食事・料理,1,train
1621,最近、キーボードの使い方を知りたいと思っている。,IT・テクノロジー,0,train
1622,来月に向けて、メモリを設定している！,IT・テクノロジー,0,validation
1623,家でパスタのカロリーが気になる。,食事・料理,1,validation
1624,友人と話していて、タブレットの設定を見直したいので情報を集めている。,IT・テクノロジー,0,test
1625,昨日、中央銀行が上がっている。家計への影響も確認しておきたい。,金融・経済,4,test
1626,道の駅の名所を調べていると思っている。,旅行・観光,2,train
1627,最近、観光地へ一人旅したい。,旅行・観光,2,test
1628,来月に向けて、為替を資産形成に活用したい。数字の背景も理解したい。,金融・経済,4,train
1629,朝から博物館の混雑状況が気になる。,旅行・観光,2,train
1630,友人と話していて、トレーニングの大会結果に驚いた！,スポーツ,3,train
1631,家で売上について家計への影響を確認した。,金融・経済,4,train
1632,朝からPCのセキュリティを強化したいので情報を集めている。,IT・テクノロジー,0,train
1633,朝から住宅ローンを比較している。,金融・経済,4,validation
1634,来月に向けて、ドル円を資産形成に活用したい。,金融・経済,4,validation
1635,ネットでランチをお弁当に入れたいので情報を集めている。,食事・料理,1,train
1636,来月に向けて、国債のリスクを考えている。,金融・経済,4,test
1637,TOPIXについてデータを集めていると思っている。,金融・経済,4,train
1638,今日はスノーボードのスタジアムへ行きたいのでメモしておいた。,スポーツ,3,test
1639,家で京都で泊まりたいので詳しく調べている。,旅行・観光,2,train
1640,朝から金沢の宿泊費を比較している。,旅行・観光,2,test
1641,今日はバレーで記録を伸ばしたいのが最近の関心事だ。,スポーツ,3,train
1642,展望台へ新幹線で行くので情報を集めている。,旅行・観光,2,validation
1643,最近、クレジットカードについてデータを集めている。,金融・経済,4,test
1644,家で焼き魚の盛り付けを工夫した。辛さは控えめにしたい。,食事・料理,1,train
1645,友人と話していて、ファイアウォールを開発しているのが最近の関心事だ。,IT・テクノロジー,0,train
1646,ネットで長崎へ行きたい！,旅行・観光,2,validation
1647,少し前からCopilotの使い方を知りたい。,IT・テクノロジー,0,test
1648,来月に向けて、モニターの性能を比較したい。,IT・テクノロジー,0,validation
1649,来月に向けて、雇用統計の今後が気になる。,金融・経済,4,train
1650,朝から消費税の最新情報を調べている。,金融・経済,4,validation
1651,今日は調味料を辛めに作りたい。辛さは控えめにしたい。,食事・料理,1,test
1652,少し前から家計の予測を確認しているのが最近の関心事だ。,金融・経済,4,train
1653,今週はCPUの最新版が気になるので情報を集めている。,IT・テクノロジー,0,validation
1654,家で長崎へ週末に出かける。,旅行・観光,2,train
1655,少し前からオムライスを朝食に用意した。休日にゆっくり楽しみたい。,食事・料理,1,train
1656,昨日、剣道で体を動かしたいと思っている。,スポーツ,3,validation
1657,昨日、旅行費用で食べ歩きしたい。,旅行・観光,2,train
1658,友人と話していて、スポーツ観戦のチームに入りたい。もっと上達する方法を探している。,スポーツ,3,train
1659,最近、Windowsを高速化したい。予算と性能のバランスも気になる。,IT・テクノロジー,0,validation
1660,最近、観光ルートから帰ってきたと思っている。,旅行・観光,2,train
1661,友人と話していて、定食を簡単に作りたい。近くのおいしい店も探している。,食事・料理,1,train
1662,サーバーを自作してみたい。,IT・テクノロジー,0,train
1663,昨日、コーヒーを冷凍保存したい。,食事・料理,1,train
1664,今日はモニターを新しくしたい。予算と性能のバランスも気になる。,IT・テクノロジー,0,test
1665,休日にシチューをテイクアウトしたいので詳しく調べている。,食事・料理,1,train
1666,ネットでフィギュアスケートの選手を応援していると思っている。,スポーツ,3,train
1667,朝から飛行機で写真を撮りたい。現地のおいしいものも楽しみたい。,旅行・観光,2,train
1668,最近、定期預金についてデータを集めている。,金融・経済,4,train
1669,今週はiPadを業務に活用したい！,IT・テクノロジー,0,validation
1670,休日に景気をニュース記事で読んだ。短期的な変動だけで判断しないようにしたい。,金融・経済,4,test
1671,家で観光バスのおすすめルートを知りたい。,旅行・観光,2,validation
1672,試合で記録を伸ばしたいのでメモしておいた。,スポーツ,3,train
1673,少し前からファイアウォールの容量を増やしたい,IT・テクノロジー,0,train
1674,家でジョギングの練習試合に参加したので詳しく調べている。,スポーツ,3,validation
1675,ネットで市場の変化が気になっていると考えている。,金融・経済,4,train
1676,今日はリゾートの旅館を予約したい。,旅行・観光,2,train
1677,最近、京都の名所を調べている。宿泊先の評判も確認している。,旅行・観光,2,train
1678,ロードバイクのルールを調べているので詳しく調べている。,スポーツ,3,train
1679,少し前から陸上のプロ選手を目指しているのでメモしておいた。,スポーツ,3,train
1680,ふと思って、スープを辛めに作りたいのが最近の関心事だ。,食事・料理,1,train
1681,来月に向けて、VS Codeの性能を比較したい。新しい機能も試してみたい。,IT・テクノロジー,0,train
1682,今週はチームのルールを調べている。無理なく長く続けたい。,スポーツ,3,train
1683,友人と話していて、ボクシングのフォームを改善したい。,スポーツ,3,validation
1684,ふと思って、Google Cloudを開発している。,IT・テクノロジー,0,validation
1685,友人と話していて、サーバーのログを確認している！,IT・テクノロジー,0,validation
1686,少し前から決算の動向に注目している。長期的な傾向を見て判断したい。,金融・経済,4,train
1687,ネットでJリーグの選手を応援している。,スポーツ,3,validation
1688,来月に向けて、市場の推移をグラフで見ている。複数の情報源を比較している。,金融・経済,4,train
1689,インフレの動向に注目していると思っている。,金融・経済,4,train
1690,朝から金利を比較している。家計への影響も確認しておきたい。,金融・経済,4,test
1691,少し前から金利のリスクを考えている！,金融・経済,4,train
1692,今日は市場についてデータを集めている。数字の背景も理解したい。,金融・経済,4,train
1693,今週はランチに野菜を追加したい。,食事・料理,1,train
1694,友人と話していて、物価について基本から学びたい。短期的な変動だけで判断しないようにしたい。,金融・経済,4,train
1695,朝から配当の見通しを確認している。短期的な変動だけで判断しないようにしたい。,金融・経済,4,train
1696,ネットでiPadを試してみたいと思っている。,IT・テクノロジー,0,validation
1697,家でバックアップについて調べている！,IT・テクノロジー,0,train
1698,企業業績について投資判断を考えている！,金融・経済,4,train
1699,最近、味噌汁がおいしかった。家族にも好評な味にしたい。,食事・料理,1,train
1700,来月に向けて、たこ焼きを食べ比べたいのでメモしておいた。,食事・料理,1,train
1701,来月に向けて、パスタを昼ごはんに食べた。値段と量のバランスも気になる。,食事・料理,1,train
1702,友人と話していて、経済ニュースの予測を確認している。リスクとリターンの両方を考えたい。,金融・経済,4,train
1703,最近、ラーメンの作り方を覚えたい。,食事・料理,1,train
1704,今日はドル円について制度を調べたと思っている。,金融・経済,4,train
1705,少し前からシーフードをお弁当に入れたい。できれば簡単に作れる方法がいい。,食事・料理,1,train
1706,朝からスタジアムの大会に出たい。もっと上達する方法を探している。,スポーツ,3,validation
1707,最近、弁当を食べ比べたいので情報を集めている。,食事・料理,1,train
1708,少し前からWindowsでツールを作りたい。仕事でも使える構成にしたい。,IT・テクノロジー,0,train
1709,今日は為替レートを家計簿と一緒に確認しているので情報を集めている。,金融・経済,4,train
1710,来月に向けて、天ぷらに合う調味料を知りたい。辛さは控えめにしたい。,食事・料理,1,train
1711,昨日、ノートパソコンを業務に活用したい。,IT・テクノロジー,0,train
1712,今日はアイスを冷凍保存したい。,食事・料理,1,train
1713,昨日、バドミントンの日本代表が気になるのが最近の関心事だ。,スポーツ,3,train
1714,ネットでゲーミングPCを自動化に使いたい。,IT・テクノロジー,0,train
1715,仕事用のパソコンがほしい。,IT・テクノロジー,0,train
1716,朝から城へ飛行機で向かう,旅行・観光,2,train
1717,昨日、Wi-Fiについて学習中だ。予算と性能のバランスも気になる。,IT・テクノロジー,0,test
1718,休日にプロ野球で汗を流した。,スポーツ,3,train
1719,最近、資産運用を長期的に見ている。リスクとリターンの両方を考えたい。,金融・経済,4,train
1720,最近、札幌で食べ歩きしたいので詳しく調べている。,旅行・観光,2,validation
1721,今週はWi-Fiでツールを作りたい。,IT・テクノロジー,0,train
1722,ネットで観光地へ連休に行く予定だ。,旅行・観光,2,validation
1723,友人と話していて、ジョギングのフォームを改善したい。,スポーツ,3,test
1724,スマートフォンについて学習中だ。,IT・テクノロジー,0,train
1725,朝からパスタに合う調味料を知りたい！,食事・料理,1,train
1726,来月に向けて、野球が上手くなりたい。基礎からフォームを見直したい。,スポーツ,3,test
1727,最近、モニターを開発している！,IT・テクノロジー,0,train
1728,少し前からチャットボットについて調べている。,IT・テクノロジー,0,test
1729,ふと思って、日経平均について勉強している,金融・経済,4,train
1730,仕事の合間に新幹線のホテルを探している。,旅行・観光,2,train
1731,今日は予算をニュースで見た。,金融・経済,4,train
1732,ネットでドル円について勉強している,金融・経済,4,validation
1733,ふと思って、マウスを自作してみたいのが最近の関心事だ。,IT・テクノロジー,0,train
1734,仕事の合間にセキュリティを業務に活用したい。速度と安定性を重視している。,IT・テクノロジー,0,validation
1735,来月に向けて、動物園でお土産を買いたい。交通費を抑えたプランにしたい。,旅行・観光,2,train
1736,友人と話していて、GitHubを接続したい。,IT・テクノロジー,0,train
1737,休日にバレーの道具を買い替えたい。,スポーツ,3,train
1738,今日は北海道へ週末に出かけるのでメモしておいた。,旅行・観光,2,train
1739,今日は調味料を食べ比べたい。休日にゆっくり楽しみたい。,食事・料理,1,train
1740,仕事の合間に宿泊から帰ってきた。交通費を抑えたプランにしたい。,旅行・観光,2,train
1741,少し前から肉料理のおすすめを知りたい！,食事・料理,1,train
1742,少し前から水泳のルールを調べている。,スポーツ,3,train
1743,最近、インフレを比較している。家計への影響も確認しておきたい。,金融・経済,4,train
1744,最近、サッカーのルールを調べているのでメモしておいた。,スポーツ,3,validation
1745,今週はバレーボールを週末に楽しんでいると思っている。,スポーツ,3,train
1746,休日に飛行機の観光スポットを知りたい。現地のおいしいものも楽しみたい。,旅行・観光,2,train
1747,昨日、筋肉のチームに入りたいのが最近の関心事だ。,スポーツ,3,train
1748,家で中央銀行の動向に注目している。リスクとリターンの両方を考えたい。,金融・経済,4,train
1749,今週はレスリングの練習メニューを考えている。,スポーツ,3,train
1750,来月に向けて、配当の動向に注目している。,金融・経済,4,train
1751,今日はバックアップの容量を増やしたい！,IT・テクノロジー,0,train
1752,休日に資産運用を資産形成に活用したい。,金融・経済,4,train
1753,今日はチャットボットをアップデートしたい。新しい機能も試してみたい。,IT・テクノロジー,0,train
1754,休日にステーキを冷凍保存したい。家族にも好評な味にしたい。,食事・料理,1,train
1755,友人と話していて、サーバーの使い方を知りたい。新しい機能も試してみたい。,IT・テクノロジー,0,train
1756,ふと思って、所得税を資産形成に活用したい！,金融・経済,4,train
1757,今週はSSDの不具合を直したい。,IT・テクノロジー,0,train
1758,ふと思って、大阪へ連休に行く予定だ。交通費を抑えたプランにしたい。,旅行・観光,2,train
1759,今週はリーグ戦のルールを調べているのが最近の関心事だ。,スポーツ,3,test
1760,今週は政策金利が上がっている。,金融・経済,4,train
1761,来月に向けて、得点のルールを調べている。無理なく長く続けたい。,スポーツ,3,train
1762,Linuxを自動化に使いたいのでメモしておいた。,IT・テクノロジー,0,train
1763,朝から紅茶を作りたいので詳しく調べている。,食事・料理,1,train
1764,ネットで朝食の作り方を覚えたい。,食事・料理,1,train
1765,ネットでパスタをテイクアウトしたいのが最近の関心事だ。,食事・料理,1,validation
1766,最近、剣道で汗を流した。,スポーツ,3,validation
1767,ふと思って、餃子を友人と食べに行く。できれば簡単に作れる方法がいい。,食事・料理,1,train
1768,家でお土産でお土産を買いたい！,旅行・観光,2,train
1769,休日に筋トレのチームに入りたいのが最近の関心事だ。,スポーツ,3,train
1770,家でレンタカーの名所を調べている。,旅行・観光,2,train
1771,ネットでスマホを仕事で使いたい。,IT・テクノロジー,0,train
1772,休日に親子丼を朝食に用意したので詳しく調べている。,食事・料理,1,train
1773,休日にクレジットカードの予測を確認している。,金融・経済,4,train
1774,ふと思って、バスケットボールを観戦したい。,スポーツ,3,train
1775,今日はゴルフの大会結果に驚いた。,スポーツ,3,train
1776,昨日、Copilotをインストールしたと考えている。,IT・テクノロジー,0,train
1777,朝からデータベースを新しくしたい。初心者でも扱いやすい方法を探している。,IT・テクノロジー,0,train
1778,たこ焼きを作りたい。辛さは控えめにしたい。,食事・料理,1,train
1779,仕事の合間に柔道を週末に楽しんでいる！,スポーツ,3,train
1780,友人と話していて、クレジットカードへの影響を調べている！,金融・経済,4,train
1781,今週は選手の観戦チケットを取ったと思っている。,スポーツ,3,test
1782,国債の見通しを確認しているのが最近の関心事だ。,金融・経済,4,validation
1783,ネットで預金についてデータを集めている。,金融・経済,4,train
1784,来月に向けて、投資信託の推移をグラフで見ている。,金融・経済,4,train
1785,仕事の合間にCopilotを新しくしたい。仕事でも使える構成にしたい。,IT・テクノロジー,0,train
1786,仕事の合間に炒飯を休日に楽しみたいので詳しく調べている。,食事・料理,1,train
1787,今日は預金への影響を調べている。,金融・経済,4,train
1788,今週はLLMをアップデートしたい。,IT・テクノロジー,0,train
1789,今週はオリンピックの道具を買い替えたい！,スポーツ,3,train
1790,友人と話していて、景気への影響を調べている。,金融・経済,4,test
1791,休日にリゾートをレンタカーで巡りたいのが最近の関心事だ。,旅行・観光,2,train
1792,来月に向けて、ネットワークでエラーが出た。予算と性能のバランスも気になる。,IT・テクノロジー,0,train
1793,今日は旅行で食べ歩きしたい！,旅行・観光,2,train
1794,最近、紅茶の盛り付けを工夫した。,食事・料理,1,train
1795,今週は体操の大会結果に驚いた。無理なく長く続けたい。,スポーツ,3,test
1796,少し前から水族館へ飛行機で向かうと考えている。,旅行・観光,2,train
1797,来月に向けて、雇用統計を比較していると考えている。,金融・経済,4,train
1798,朝からトーナメントの大会をテレビで見た。体力づくりにも役立てたい。,スポーツ,3,train
1799,家でハンバーグを食べ比べたいので情報を集めている。,食事・料理,1,validation
1800,朝から札幌の混雑状況が気になる。,旅行・観光,2,train
1801,友人と話していて、スノーボードを週末に楽しんでいる,スポーツ,3,train
1802,朝からロードバイクの結果を確認した。,スポーツ,3,train
1803,最近、スタジアムのチームに入りたい。,スポーツ,3,train
1804,ネットでSQLの設定を見直したい。,IT・テクノロジー,0,train
1805,ふと思って、リーグ戦の練習メニューを考えている。次の試合も楽しみにしている。,スポーツ,3,validation
1806,朝から中央銀行についてデータを集めていると思っている。,金融・経済,4,test
1807,今週はジョギングのルールを調べている,スポーツ,3,train
1808,来月に向けて、ボクシングを毎週続けている。体力づくりにも役立てたい。,スポーツ,3,train
1809,今日は餃子を食べたい。,食事・料理,1,validation
1810,家で景気が上がっている。長期的な傾向を見て判断したい。,金融・経済,4,train
1811,友人と話していて、データベースをアップデートしたいのでメモしておいた。,IT・テクノロジー,0,train
1812,来月に向けて、サーバーを仕事で使いたいのでメモしておいた。,IT・テクノロジー,0,train
1813,昨日、政策金利の動向に注目している。複数の情報源を比較している。,金融・経済,4,test
1814,家で餃子を食べ比べたい。,食事・料理,1,train
1815,今週は定期預金を長期的に見ているのでメモしておいた。,金融・経済,4,validation
1816,休日にパンを友人と食べに行く。値段と量のバランスも気になる。,食事・料理,1,test
1817,最近、コンテナでエラーが出た。,IT・テクノロジー,0,train
1818,ネットで卓球で汗を流した,スポーツ,3,train
1819,最近、キーボードをインストールしたので情報を集めている。,IT・テクノロジー,0,train
1820,少し前からメモリをインストールした。速度と安定性を重視している。,IT・テクノロジー,0,test
1821,来月に向けて、おにぎりを友人と食べに行くので詳しく調べている。,食事・料理,1,train
1822,仕事の合間に飛行機を観光したいのが最近の関心事だ。,旅行・観光,2,train
1823,今日は為替レートをニュース記事で読んだ,金融・経済,4,train
1824,今日は為替の今後が気になる！,金融・経済,4,train
1825,休日に札幌で温泉に入りたいのでメモしておいた。,旅行・観光,2,train
1826,今週は原油価格への影響を調べているので詳しく調べている。,金融・経済,4,train
1827,ネットでVS Codeがほしいので情報を集めている。,IT・テクノロジー,0,train
1828,今週は賃金の見通しを確認している。短期的な変動だけで判断しないようにしたい。,金融・経済,4,test
1829,休日に味噌汁のカロリーが気になる。,食事・料理,1,train
1830,昨日、卓球の道具を買い替えたい。,スポーツ,3,train
1831,仕事の合間にプロ野球のルールを調べているのでメモしておいた。,スポーツ,3,train
1832,ふと思って、プリンを朝食に用意した。値段と量のバランスも気になる。,食事・料理,1,train
1833,仕事の合間に空港で食べ歩きしたいのが最近の関心事だ。,旅行・観光,2,train
1834,来月に向けて、Copilotを自作してみたいと思っている。,IT・テクノロジー,0,validation
1835,朝から北海道のおすすめルートを知りたいので情報を集めている。,旅行・観光,2,test
1836,最近、レスリングの大会結果に驚いたので詳しく調べている。,スポーツ,3,train
1837,仕事の合間にお土産を観光したいのが最近の関心事だ。,旅行・観光,2,train
1838,今日は水泳を観戦したい。選手のプレーを参考にしたい。,スポーツ,3,train
1839,少し前から離島へ一人旅したいのでメモしておいた。,旅行・観光,2,train
1840,家でジョギングのフォームを改善したい。,スポーツ,3,train
1841,来月に向けて、債券の変化が気になっているのが最近の関心事だ。,金融・経済,4,train
1842,今日は肉料理の味付けを工夫したい。値段と量のバランスも気になる。,食事・料理,1,validation
1843,昨日、弁当のカロリーが気になるのが最近の関心事だ。,食事・料理,1,train
1844,今週はVS Codeを自作してみたい。初心者でも扱いやすい方法を探している。,IT・テクノロジー,0,train
1845,今日は調味料のおすすめを知りたい。,食事・料理,1,train
1846,休日に動物園で泊まりたいと思っている。,旅行・観光,2,train
1847,ふと思って、中央銀行が下がっている！,金融・経済,4,train
1848,友人と話していて、観光ルートの宿泊費を比較している。家族でも楽しめる場所がいい。,旅行・観光,2,validation
1849,今週はスープを食べたい。,食事・料理,1,train
1850,家で山へ一人旅したい。交通費を抑えたプランにしたい。,旅行・観光,2,train
1851,今日は物価の仕組みを知りたい。,金融・経済,4,test
1852,友人と話していて、スノーボードで記録を伸ばしたい。,スポーツ,3,test
1853,最近、アイスのカロリーが気になるのでメモしておいた。,食事・料理,1,validation
1854,ふと思って、マラソンの得点シーンを見返した。もっと上達する方法を探している。,スポーツ,3,train
1855,最近、ジョギングの試合日程を見ている。,スポーツ,3,train
1856,ネットでキーボードでツールを作りたい。予算と性能のバランスも気になる。,IT・テクノロジー,0,train
1857,来月に向けて、弁当の味付けを工夫したい！,食事・料理,1,test
1858,ネットでスキーの練習メニューを考えている。,スポーツ,3,train
1859,少し前から体操の大会に出たいので情報を集めている。,スポーツ,3,train
1860,今週は体操が上手くなりたい。,スポーツ,3,train
1861,朝から離島で食べ歩きしたい。家族でも楽しめる場所がいい。,旅行・観光,2,train
1862,ふと思って、ゲーミングPCを業務に活用したいのが最近の関心事だ。,IT・テクノロジー,0,train
1863,今日はプロ野球を練習している。,スポーツ,3,train
1864,朝からセキュリティについて学習中だ。,IT・テクノロジー,0,train
1865,朝から生成AIの不具合を直したい。予算と性能のバランスも気になる。,IT・テクノロジー,0,train
1866,今週はバレーの大会をテレビで見たと思っている。,スポーツ,3,train
1867,ふと思って、レストランの材料を買ってきた。辛さは控えめにしたい。,食事・料理,1,train
1868,昨日、フィギュアスケートの試合日程を見ている！,スポーツ,3,train
1869,ふと思って、VPNを自作してみたい。,IT・テクノロジー,0,train
1870,家で得点を毎週続けている！,スポーツ,3,train
1871,今週はそばを冷凍保存したい！,食事・料理,1,train
1872,家でGoogle Cloudの性能を比較したいので情報を集めている。,IT・テクノロジー,0,train
1873,来月に向けて、NBAの戦術を分析したい。基礎からフォームを見直したい。,スポーツ,3,train
1874,昨日、ゴールのフォームを改善したいので詳しく調べている。,スポーツ,3,train
1875,今日は水泳の結果を確認した。,スポーツ,3,train
1876,休日に焼き魚のカロリーが気になると考えている。,食事・料理,1,test
1877,ふと思って、親子丼のカロリーが気になる。,食事・料理,1,train
1878,iPadについて学習中だ。,IT・テクノロジー,0,train
1879,最近、日本銀行が上がっている。,金融・経済,4,validation
1880,ふと思って、那覇へ新幹線で行く。混雑を避けて回りたい。,旅行・観光,2,train
1881,友人と話していて、フォームのスタジアムへ行きたい。,スポーツ,3,train
1882,少し前からコーヒーをさっぱり味にしたい,食事・料理,1,train
1883,休日にプロ野球の練習メニューを考えていると考えている。,スポーツ,3,train
1884,昨日、ケーキを家族と食べたい。休日にゆっくり楽しみたい。,食事・料理,1,train
1885,ふと思って、バレーの大会をテレビで見た。もっと上達する方法を探している。,スポーツ,3,validation
1886,仕事の合間に練習を毎週続けている。,スポーツ,3,train
1887,朝から那覇の旅館を予約したい。移動時間をなるべく短くしたい。,旅行・観光,2,train
1888,ふと思って、ハンバーグをお弁当に入れたい。,食事・料理,1,train
1889,友人と話していて、お好み焼きの人気店を調べている。,食事・料理,1,train
1890,ふと思って、モニターの動作が遅い。,IT・テクノロジー,0,train
1891,今週はゴルフの選手を応援している。選手のプレーを参考にしたい。,スポーツ,3,train
1892,家で卓球の試合日程を見ている。次の試合も楽しみにしている。,スポーツ,3,train
1893,最近、プログラミングを勉強したいと思っている。,IT・テクノロジー,0,train
1894,今日はPythonの構成を考えている。予算と性能のバランスも気になる。,IT・テクノロジー,0,test
1895,家でチームが上手くなりたい！,スポーツ,3,train
1896,今日は一人旅で観光案内を見ている。,旅行・観光,2,train
1897,今週はWi-Fiの使い方を知りたい。予算と性能のバランスも気になる。,IT・テクノロジー,0,test
1898,今日は温泉のおすすめルートを知りたい！,旅行・観光,2,train
1899,PCを買い替えたい。,IT・テクノロジー,0,train
1900,朝から水族館でお土産を買いたいと思っている。,旅行・観光,2,train
1901,ゲーミングPCを新しくしたいと考えている。,IT・テクノロジー,0,validation
1902,仕事の合間に美術館で観光案内を見ている。混雑を避けて回りたい。,旅行・観光,2,validation
1903,家で炒飯を食べ比べたい！,食事・料理,1,train
1904,来月に向けて、スキーの道具を買い替えたい！,スポーツ,3,test
1905,ふと思って、札幌へ週末に出かけるのが最近の関心事だ。,旅行・観光,2,train
1906,家で住宅ローンをニュースで見た。複数の情報源を比較している。,金融・経済,4,train
1907,今日は筋トレで記録を伸ばしたい！,スポーツ,3,train
1908,朝からホームランの道具を買い替えたい。,スポーツ,3,train
1909,最近、観光ルートのおすすめルートを知りたいのでメモしておいた。,旅行・観光,2,train
1910,来月に向けて、東京へ連休に行く予定だ。交通費を抑えたプランにしたい。,旅行・観光,2,train
1911,友人と話していて、カフェの店を探していると考えている。,食事・料理,1,train
1912,ネットで柔道の観戦チケットを取った。次の試合も楽しみにしている。,スポーツ,3,train
1913,朝から城へ飛行機で向かう。移動時間をなるべく短くしたい。,旅行・観光,2,validation
1914,今日は自転車競技の練習試合に参加した。もっと上達する方法を探している。,スポーツ,3,train
1915,朝から焼肉を簡単に作りたい。休日にゆっくり楽しみたい。,食事・料理,1,train
1916,昨日、債券への影響を調べているので詳しく調べている。,金融・経済,4,train
1917,朝からモニターをインストールした。予算と性能のバランスも気になる。,IT・テクノロジー,0,train
1918,最近、肉料理のカロリーが気になる。,食事・料理,1,train
1919,今週はリゾートを観光したい。現地のおいしいものも楽しみたい。,旅行・観光,2,validation
1920,ネットで北海道へ行きたい,旅行・観光,2,train
1921,今週はワールドカップの日本代表が気になる！,スポーツ,3,train
1922,仕事の合間にスマートフォンの性能を比較したいと考えている。,IT・テクノロジー,0,validation
1923,今日はセキュリティについて調べている。,IT・テクノロジー,0,validation
1924,朝から鍋料理をテイクアウトしたい。,食事・料理,1,train
1925,朝から自転車競技の日本代表が気になるので情報を集めている。,スポーツ,3,train
1926,最近、札幌の景色を見たい！,旅行・観光,2,validation
1927,新しいスマートフォンがほしい。,IT・テクノロジー,0,train
1928,来月に向けて、国内旅行をレンタカーで巡りたい。宿泊先の評判も確認している。,旅行・観光,2,train
1929,仕事の合間にデザートのカロリーが気になる。,食事・料理,1,validation
1930,少し前から国債について専門家の解説を読んだ。,金融・経済,4,train
1931,ネットで夕食をもう一度食べたい。近くのおいしい店も探している。,食事・料理,1,test
1932,友人と話していて、政策金利が上がっている。リスクとリターンの両方を考えたい。,金融・経済,4,train
1933,仕事の合間にCPUを新しくしたい。初心者でも扱いやすい方法を探している。,IT・テクノロジー,0,validation
1934,日本銀行の推移をグラフで見ている,金融・経済,4,train
1935,友人と話していて、京都でゆっくり過ごしたい,旅行・観光,2,test
1936,昨日、炒飯を家族と食べたい,食事・料理,1,train
1937,今日は人工知能を導入したい。新しい機能も試してみたい。,IT・テクノロジー,0,train
1938,少し前から東京へ行きたい。,旅行・観光,2,test
1939,最近、APIの性能を比較したい。予算と性能のバランスも気になる。,IT・テクノロジー,0,train
1940,ネットでデフレについて制度を調べた！,金融・経済,4,train
1941,昨日、株式の仕組みを知りたい。長期的な傾向を見て判断したい。,金融・経済,4,train
1942,ネットでサーバーの不具合を直したいと思っている。,IT・テクノロジー,0,train
1943,仕事の合間にバレーボールの戦術を分析したいと考えている。,スポーツ,3,test
1944,今日はマラソンを練習している！,スポーツ,3,train
1945,休日にキャンプ場でお土産を買いたい。,旅行・観光,2,train
1946,監督のトレーニングを始めたので情報を集めている。,スポーツ,3,train
1947,友人と話していて、機械学習について学習中だ。,IT・テクノロジー,0,train
1948,友人と話していて、味噌汁を簡単に作りたい。,食事・料理,1,train
1949,昨日、北海道へ週末に出かける,旅行・観光,2,train
1950,朝から一人旅の旅館を予約したい！,旅行・観光,2,validation
1951,友人と話していて、ロードバイクのトレーニングを始めた！,スポーツ,3,train
1952,少し前から消費税について経済指標を見ている。,金融・経済,4,validation
1953,友人と話していて、天ぷらを作りたい！,食事・料理,1,train
1954,今週はワールドカップの戦術を分析したい。,スポーツ,3,train
1955,昨日、利益の推移をグラフで見ているのが最近の関心事だ。,金融・経済,4,train
1956,来月に向けて、温泉のおすすめルートを知りたい。宿泊先の評判も確認している。,旅行・観光,2,train
1957,来月に向けて、日本代表を練習している,スポーツ,3,train
1958,仕事の合間にVPNを新しくしたい。,IT・テクノロジー,0,train
1959,休日にホームランの選手を応援している。,スポーツ,3,validation
1960,今日は唐揚げを注文した！,食事・料理,1,train
1961,仕事の合間に弁当をさっぱり味にしたい。家族にも好評な味にしたい。,食事・料理,1,train
1962,家で日本銀行を長期的に見ている。リスクとリターンの両方を考えたい。,金融・経済,4,train
1963,友人と話していて、チャットボットでツールを作りたいのでメモしておいた。,IT・テクノロジー,0,train
1964,ゴールのフォームを改善したい。,スポーツ,3,train
1965,少し前からVPNを高速化したい。,IT・テクノロジー,0,train
1966,休日にPCを業務に活用したいと思っている。,IT・テクノロジー,0,validation
1967,休日にバレーの日本代表が気になると考えている。,スポーツ,3,train
1968,昨日、円相場が企業業績に与える影響を調べた。,金融・経済,4,train
1969,ネットで投資信託の動きを確認している。,金融・経済,4,train
1970,友人と話していて、剣道の練習メニューを考えている。,スポーツ,3,train
1971,友人と話していて、一人旅の名所を調べている。,旅行・観光,2,train
1972,今週はフィギュアスケートを友人とプレーした。,スポーツ,3,validation
1973,昨日、札幌へ一人旅したいので情報を集めている。,旅行・観光,2,train
1974,来月に向けて、仙台の観光スポットを知りたい。家族でも楽しめる場所がいい。,旅行・観光,2,train
1975,休日に寺の混雑状況が気になる。家族でも楽しめる場所がいい。,旅行・観光,2,train
1976,休日に体育館のプロ選手を目指している。選手のプレーを参考にしたい。,スポーツ,3,train
1977,家で預金の今後が気になるので情報を集めている。,金融・経済,4,train
1978,ふと思って、フォームで体を動かしたい。選手のプレーを参考にしたい。,スポーツ,3,train
1979,家でサッカーの練習メニューを考えているので情報を集めている。,スポーツ,3,train
1980,朝から大阪をレンタカーで巡りたい。宿泊先の評判も確認している。,旅行・観光,2,test
1981,最近、ホームランのフォームを改善したい。,スポーツ,3,validation
1982,友人と話していて、旅行への交通費を調べている。移動時間をなるべく短くしたい。,旅行・観光,2,test
1983,仕事の合間にカフェに合う調味料を知りたいので情報を集めている。,食事・料理,1,train
1984,家でWebアプリの使い方を知りたいので詳しく調べている。,IT・テクノロジー,0,train
1985,ふと思って、テニスの練習メニューを考えているので情報を集めている。,スポーツ,3,train
1986,朝からTOPIXについて家計への影響を確認した。,金融・経済,4,train
1987,昨日、試合のプロ選手を目指している！,スポーツ,3,train
1988,今週はLLMでエラーが出た。,IT・テクノロジー,0,train
1989,昨日、ルーターを自動化に使いたい。予算と性能のバランスも気になる。,IT・テクノロジー,0,train
1990,友人と話していて、財政の予測を確認している,金融・経済,4,train
1991,昨日、寺の名所を調べている。交通費を抑えたプランにしたい。,旅行・観光,2,train
1992,最近、肉料理の盛り付けを工夫したので詳しく調べている。,食事・料理,1,train
1993,家でノートパソコンがほしいのが最近の関心事だ。,IT・テクノロジー,0,test
1994,少し前から餃子を昼ごはんに食べた。家族にも好評な味にしたい。,食事・料理,1,validation
1995,パンに野菜を追加したい。休日にゆっくり楽しみたい。,食事・料理,1,train
1996,少し前から野菜に合う調味料を知りたい,食事・料理,1,train
1997,来月に向けて、寺をレンタカーで巡りたい。混雑を避けて回りたい。,旅行・観光,2,test
1998,仕事の合間にCopilotを開発しているのでメモしておいた。,IT・テクノロジー,0,train
1999,少し前からCPUの動作が遅い。,IT・テクノロジー,0,validation
2000,友人と話していて、TOPIXが上がっていると思っている。,金融・経済,4,train
2001,家で物価の最新情報を調べている。長期的な傾向を見て判断したい。,金融・経済,4,validation
2002,来月に向けて、ノートパソコンを設定しているので詳しく調べている。,IT・テクノロジー,0,train
2003,最近、朝食をお弁当に入れたい！,食事・料理,1,validation
2004,今週はJリーグのルールを調べている。無理なく長く続けたい。,スポーツ,3,train
2005,朝からチャットボットの使い方を知りたい。,IT・テクノロジー,0,train
2006,少し前から仙台への交通費を調べている。,旅行・観光,2,train
2007,今日はAPIを業務に活用したい！,IT・テクノロジー,0,train
2008,家で唐揚げに野菜を追加したいので情報を集めている。,食事・料理,1,train
2009,博物館への交通費を調べていると考えている。,旅行・観光,2,train
2010,今週はGoogle Cloudを自動化に使いたい。予算と性能のバランスも気になる。,IT・テクノロジー,0,train
2011,友人と話していて、夕食を手作りした。休日にゆっくり楽しみたい。,食事・料理,1,train
2012,ふと思って、陸上のスタジアムへ行きたい。,スポーツ,3,train
2013,休日に調味料を辛めに作りたい。,食事・料理,1,train
2014,今日は日経平均を長期的に見ている,金融・経済,4,test
2015,ネットでコーヒーの材料を買ってきた。できれば簡単に作れる方法がいい。,食事・料理,1,test
2016,仕事の合間にバスケットボールの試合を見た。体力づくりにも役立てたい。,スポーツ,3,train
2017,ネットで水族館までの行き方を調べている。,旅行・観光,2,test
2018,朝から道の駅の観光スポットを知りたいので詳しく調べている。,旅行・観光,2,train
2019,昨日、スポーツ観戦の戦術を分析したい。体力づくりにも役立てたい。,スポーツ,3,train
2020,今週はサッカーのフォームを改善したい。選手のプレーを参考にしたい。,スポーツ,3,train
2021,ネットでトーナメントのトレーニングを始めた。基礎からフォームを見直したい。,スポーツ,3,train
2022,友人と話していて、ランチを辛めに作りたい。できれば簡単に作れる方法がいい。,食事・料理,1,train
2023,少し前からLinuxの性能を比較したい。,IT・テクノロジー,0,train
2024,友人と話していて、離島の旅行プランを作っている,旅行・観光,2,train
2025,今週はトーナメントで記録を伸ばしたいので情報を集めている。,スポーツ,3,test
2026,Azureを自動化に使いたい,IT・テクノロジー,0,train
2027,友人と話していて、那覇の混雑状況が気になるのが最近の関心事だ。,旅行・観光,2,train
2028,朝から刺身を注文した。,食事・料理,1,train
2029,仕事の合間にゴルフの得点シーンを見返した。,スポーツ,3,train
2030,少し前から筋肉で体を動かしたい。基礎からフォームを見直したい。,スポーツ,3,test
2031,家でレンタカーへの旅行を計画している。交通費を抑えたプランにしたい。,旅行・観光,2,train
2032,朝からGPUを買い替えたい！,IT・テクノロジー,0,train
2033,ふと思って、マラソンで体を動かしたい。,スポーツ,3,test
2034,友人と話していて、海外旅行で観光案内を見ている。交通費を抑えたプランにしたい。,旅行・観光,2,validation
2035,ピザを休日に楽しみたいのでメモしておいた。,食事・料理,1,train
2036,ふと思って、那覇への交通費を調べている。家族でも楽しめる場所がいい。,旅行・観光,2,train
2037,絶景スポットの名所を調べているので詳しく調べている。,旅行・観光,2,train
2038,来月に向けて、CPUのログを確認している。予算と性能のバランスも気になる。,IT・テクノロジー,0,train
2039,最近、国債をニュース記事で読んだ。リスクとリターンの両方を考えたい。,金融・経済,4,train
2040,ネットで陸上を練習している！,スポーツ,3,train
2041,今週はシーフードのレシピを探している。近くのおいしい店も探している。,食事・料理,1,validation
2042,ネットで神戸へ行きたいのが最近の関心事だ。,旅行・観光,2,train
2043,少し前から城へ連休に行く予定だ。,旅行・観光,2,train
2044,友人と話していて、レシピを家族と食べたい。できれば簡単に作れる方法がいい。,食事・料理,1,train
2045,ふと思って、日本代表で記録を伸ばしたいので詳しく調べている。,スポーツ,3,train
2046,ゲーミングPCを自動化に使いたいので情報を集めている。,IT・テクノロジー,0,train
2047,休日にファイアウォールを自作してみたいので情報を集めている。,IT・テクノロジー,0,validation
2048,最近、中央銀行を比較しているのが最近の関心事だ。,金融・経済,4,train
2049,仕事の合間にAWSの不具合を直したいのが最近の関心事だ。,IT・テクノロジー,0,test
2050,昨日、セキュリティを新しくしたい。,IT・テクノロジー,0,test
2051,昨日、北海道へ新幹線で行く。,旅行・観光,2,train
2052,ふと思って、PCについて学習中だ。,IT・テクノロジー,0,train
2053,仕事の合間に神戸の宿泊費を比較している。,旅行・観光,2,validation
2054,休日にパソコンを試してみたい。,IT・テクノロジー,0,validation
2055,今週はWindowsを新しくしたいと考えている。,IT・テクノロジー,0,train
2056,仕事の合間にスマートフォンについて学習中だと考えている。,IT・テクノロジー,0,train
2057,家で定食を手作りした！,食事・料理,1,train
2058,休日にクレジットカードについてデータを集めている！,金融・経済,4,validation
2059,休日に動物園から帰ってきた！,旅行・観光,2,train
2060,朝から唐揚げを夕食に作る。辛さは控えめにしたい。,食事・料理,1,train
2061,今日は人工知能のログを確認している。,IT・テクノロジー,0,validation
2062,休日にレシピを食べ比べたい。できれば簡単に作れる方法がいい。,食事・料理,1,test
2063,仕事の合間に資源価格の仕組みを知りたい。長期的な傾向を見て判断したい。,金融・経済,4,train
2064,最近、バックアップの使い方を知りたい。,IT・テクノロジー,0,train
2065,今週は牛丼の材料を買ってきた。近くのおいしい店も探している。,食事・料理,1,train
2066,今日はスパイスを食べたい,食事・料理,1,train
2067,ネットで福岡を家族で訪れたい。混雑を避けて回りたい。,旅行・観光,2,test
2068,仕事の合間にデフレについて家計への影響を確認したので情報を集めている。,金融・経済,4,train
2069,ネットでDockerをインストールした。,IT・テクノロジー,0,train
2070,最近、函館へ新幹線で行くのでメモしておいた。,旅行・観光,2,train
2071,最近、動物園から帰ってきたと思っている。,旅行・観光,2,validation
2072,朝からバレーボールの日本代表が気になる。次の試合も楽しみにしている。,スポーツ,3,train
2073,今日は大会の選手成績を調べているのが最近の関心事だ。,スポーツ,3,train
2074,友人と話していて、ルーターでエラーが出た。速度と安定性を重視している。,IT・テクノロジー,0,train
2075,最近、クレジットカードについて家計への影響を確認した。,金融・経済,4,train
2076,最近、株式を家計簿と一緒に確認しているので情報を集めている。,金融・経済,4,train
2077,仕事の合間にFRBについてデータを集めているので詳しく調べている。,金融・経済,4,train
2078,休日にフィギュアスケートを週末に楽しんでいるのでメモしておいた。,スポーツ,3,train
2079,少し前からネットワークを新しくしたいと考えている。,IT・テクノロジー,0,train
2080,来月に向けて、柔道を毎週続けている。次の試合も楽しみにしている。,スポーツ,3,train
2081,今週は温泉の景色を見たい。移動時間をなるべく短くしたい。,旅行・観光,2,train
2082,朝からレンタカーで観光案内を見ていると思っている。,旅行・観光,2,train
2083,休日に観光地へ行きたいので情報を集めている。,旅行・観光,2,train
2084,朝からキーボードのセキュリティを強化したいと思っている。,IT・テクノロジー,0,train
2085,仕事の合間にJavaScriptを開発していると思っている。,IT・テクノロジー,0,train
2086,今日はたこ焼きを食べたい。辛さは控えめにしたい。,食事・料理,1,test
2087,来月に向けて、競技場の道具を買い替えたい。もっと上達する方法を探している。,スポーツ,3,train
2088,来月に向けて、金利についてデータを集めている！,金融・経済,4,train
2089,ふと思って、資源価格の動きを確認している。数字の背景も理解したい。,金融・経済,4,train
2090,友人と話していて、コンテナの設定を見直したい。,IT・テクノロジー,0,test
2091,リゾートを家族で訪れたい。交通費を抑えたプランにしたい。,旅行・観光,2,train
2092,モニターをインストールした。予算と性能のバランスも気になる。,IT・テクノロジー,0,train
2093,朝からおにぎりのレシピを探しているのでメモしておいた。,食事・料理,1,validation
2094,最近、神戸へ新幹線で行く。,旅行・観光,2,train
2095,今週はLLMの動作が遅い。仕事でも使える構成にしたい。,IT・テクノロジー,0,train
2096,来月に向けて、住宅ローンの動向に注目している。,金融・経済,4,train
2097,休日にセキュリティを接続したいので詳しく調べている。,IT・テクノロジー,0,train
2098,少し前から家族旅行でゆっくり過ごしたい。現地のおいしいものも楽しみたい。,旅行・観光,2,train
2099,朝からバックアップでエラーが出た。,IT・テクノロジー,0,test
2100,家でキャンプ場の観光スポットを知りたい。,旅行・観光,2,train
2101,観光地で写真を撮りたいのが最近の関心事だ。,旅行・観光,2,train
2102,仕事の合間にバレーボールの大会に出たい！,スポーツ,3,validation
2103,今日は競技場のスタジアムへ行きたい。基礎からフォームを見直したい。,スポーツ,3,train
2104,仕事の合間にバレーボールで記録を伸ばしたいと思っている。,スポーツ,3,train
2105,今週はLLMを自動化に使いたい。,IT・テクノロジー,0,train
2106,友人と話していて、剣道の結果を確認した。選手のプレーを参考にしたい。,スポーツ,3,train
2107,昨日、味噌汁の材料を買ってきた。,食事・料理,1,train
2108,仕事の合間に野球で体を動かしたいと考えている。,スポーツ,3,train
2109,ふと思って、宿泊の景色を見たい。家族でも楽しめる場所がいい。,旅行・観光,2,train
2110,休日に城のホテルを探している！,旅行・観光,2,train
2111,ネットでクレジットカードが生活費に響いている。家計への影響も確認しておきたい。,金融・経済,4,validation
2112,家で味噌汁を昼ごはんに食べた。,食事・料理,1,train
2113,昨日、FRBの予測を確認している。,金融・経済,4,test
2114,ネットでたこ焼きのレシピを探している！,食事・料理,1,train
2115,少し前からロードバイクを毎週続けている。体力づくりにも役立てたい。,スポーツ,3,train
2116,朝からスパイスの盛り付けを工夫した。,食事・料理,1,test
2117,ゴルフを毎週続けていると考えている。,スポーツ,3,train
2118,家でOSをアップデートしたい。できれば使いやすいものを選びたい。,IT・テクノロジー,0,train
2119,ネットでGoogle Cloudについて学習中だ,IT・テクノロジー,0,train
2120,少し前から奈良でゆっくり過ごしたいので情報を集めている。,旅行・観光,2,train
2121,友人と話していて、債券について専門家の解説を読んだ。数字の背景も理解したい。,金融・経済,4,train
2122,友人と話していて、利益について専門家の解説を読んだのでメモしておいた。,金融・経済,4,train
2123,昨日、メモリのセキュリティを強化したい！,IT・テクノロジー,0,train
2124,ネットで焼肉をテイクアウトしたい。,食事・料理,1,train
2125,家でローンを毎日チェックしている。,金融・経済,4,train
2126,休日に資源価格を比較しているのでメモしておいた。,金融・経済,4,validation
2127,朝からサンドイッチをお弁当に入れたい。辛さは控えめにしたい。,食事・料理,1,train
2128,休日にサーバーでツールを作りたい。,IT・テクノロジー,0,train
2129,昨日、原油価格の見通しを確認していると考えている。,金融・経済,4,train
2130,今日は旅行の宿泊費を比較している。宿泊先の評判も確認している。,旅行・観光,2,train
2131,昨日、神戸までの行き方を調べている。家族でも楽しめる場所がいい。,旅行・観光,2,train
2132,最近、親子丼を冷凍保存したい！,食事・料理,1,train
2133,家で城で写真を撮りたい。混雑を避けて回りたい。,旅行・観光,2,train
2134,ふと思って、金融政策をニュースで見た！,金融・経済,4,train
2135,友人と話していて、ロードバイクを週末に楽しんでいる。体力づくりにも役立てたい。,スポーツ,3,train
2136,最近、ホームランの大会をテレビで見た。,スポーツ,3,train
2137,朝からたこ焼きを食べ比べたいので詳しく調べている。,食事・料理,1,train
2138,ふと思って、LLMについて調べているので詳しく調べている。,IT・テクノロジー,0,train
2139,少し前からスタジアムの日本代表が気になると思っている。,スポーツ,3,train
2140,今日は展望台で食べ歩きしたいのでメモしておいた。,旅行・観光,2,train
2141,昨日、函館を一日で回りたい。,旅行・観光,2,train
2142,ネットで新幹線の名所を調べている！,旅行・観光,2,train
2143,来月に向けて、観光バスでゆっくり過ごしたい。家族でも楽しめる場所がいい。,旅行・観光,2,test
2144,今日は城への交通費を調べているのが最近の関心事だ。,旅行・観光,2,train
2145,プロ野球を週末に楽しんでいる。選手のプレーを参考にしたい。,スポーツ,3,train
2146,ネットでレスリングの観戦チケットを取った。次の試合も楽しみにしている。,スポーツ,3,train
2147,最近、筋トレで体を動かしたい。次の試合も楽しみにしている。,スポーツ,3,train
2148,京都の旅行プランを作っている。,旅行・観光,2,train
2149,ふと思って、債券のリスクを考えている。,金融・経済,4,validation
2150,朝から原油価格の最新情報を調べているのが最近の関心事だ。,金融・経済,4,train
2151,最近、スタジアムを観戦したい！,スポーツ,3,train
2152,ゴルフで体を動かしたい。,スポーツ,3,train
2153,休日にレスリングの大会結果に驚いた,スポーツ,3,test
2154,ふと思って、スポーツ観戦が上手くなりたい。,スポーツ,3,train
2155,仕事の合間にメモリの設定を見直したいのでメモしておいた。,IT・テクノロジー,0,train
2156,今日は親子丼の作り方を覚えたいのでメモしておいた。,食事・料理,1,train
2157,ふと思って、唐揚げを家族と食べたい。家族にも好評な味にしたい。,食事・料理,1,train
2158,最近、チームの観戦チケットを取ったので情報を集めている。,スポーツ,3,train
2159,朝からデザートに野菜を追加したい。,食事・料理,1,train
2160,来月に向けて、そばを手作りした。値段と量のバランスも気になる。,食事・料理,1,train
2161,休日にレスリングの試合を見たと思っている。,スポーツ,3,train
2162,家で温泉街から帰ってきた。移動時間をなるべく短くしたい。,旅行・観光,2,train
2163,ふと思って、海外旅行で温泉に入りたいので情報を集めている。,旅行・観光,2,test
2164,最近、ルーターを自作してみたい。,IT・テクノロジー,0,train
2165,仕事の合間にラーメンを家族と食べたい。,食事・料理,1,test
2166,今日は温泉へ行きたい！,旅行・観光,2,validation
2167,昨日、柔道の選手を応援していると思っている。,スポーツ,3,train
2168,朝から筋トレのチームに入りたい。基礎からフォームを見直したい。,スポーツ,3,train
2169,仕事の合間に筋トレのチームに入りたい！,スポーツ,3,train
2170,休日にコンテナでツールを作りたいのでメモしておいた。,IT・テクノロジー,0,train
2171,家でマラソンのトレーニングを始めた。無理なく長く続けたい。,スポーツ,3,train
2172,休日にオムライスのカロリーが気になる。,食事・料理,1,train
2173,家でステーキを朝食に用意した！,食事・料理,1,train
2174,最近、スープを食べたい。,食事・料理,1,train
2175,少し前から賃金への影響を調べている。長期的な傾向を見て判断したい。,金融・経済,4,validation
2176,刺身のレシピを探している！,食事・料理,1,train
2177,ふと思って、宿泊から帰ってきた。交通費を抑えたプランにしたい。,旅行・観光,2,train
2178,昨日、ステーキの材料を買ってきたので詳しく調べている。,食事・料理,1,validation
2179,家で旅館へ新幹線で行くので詳しく調べている。,旅行・観光,2,test
2180,少し前から旅館を一日で回りたい！,旅行・観光,2,train
2181,友人と話していて、試合のスタジアムへ行きたい。選手のプレーを参考にしたい。,スポーツ,3,train
2182,家でバスケットボールのフォームを改善したいと思っている。,スポーツ,3,train
2183,ふと思って、貯金の見通しを確認していると考えている。,金融・経済,4,train
2184,最近、絶景スポットへ飛行機で向かう！,旅行・観光,2,train
2185,友人と話していて、ホームランのチームに入りたい。次の試合も楽しみにしている。,スポーツ,3,train
2186,昨日、家計の推移をグラフで見ている。家計への影響も確認しておきたい。,金融・経済,4,train
2187,仕事の合間にお好み焼きを手作りした。,食事・料理,1,train
2188,昨日、宿泊の混雑状況が気になる！,旅行・観光,2,train
2189,朝から住宅ローンの最新情報を調べている。,金融・経済,4,train
2190,仕事の合間に牛丼をもう一度食べたい。家族にも好評な味にしたい。,食事・料理,1,test
2191,ふと思って、デフレのリスクを考えているので情報を集めている。,金融・経済,4,train
2192,来月に向けて、ラーメンの人気店を調べていると思っている。,食事・料理,1,train
2193,ネットでそばに野菜を追加したい。値段と量のバランスも気になる。,食事・料理,1,train
2194,少し前からGDPの変化が気になっている。家計への影響も確認しておきたい。,金融・経済,4,train
2195,今週はリーグ戦の道具を買い替えたいので情報を集めている。,スポーツ,3,train
2196,ふと思って、サンドイッチを注文した。,食事・料理,1,train
2197,家で北海道への交通費を調べている！,旅行・観光,2,train
2198,今週はサーバーについて調べている。,IT・テクノロジー,0,train
2199,少し前から機械学習の動作が遅い。予算と性能のバランスも気になる。,IT・テクノロジー,0,train
2200,ネットでボクシングの試合を見たのでメモしておいた。,スポーツ,3,train
2201,ふと思って、TOPIXが企業業績に与える影響を調べた。,金融・経済,4,train
2202,今週はレンタカーまでの行き方を調べているのが最近の関心事だ。,旅行・観光,2,train
2203,友人と話していて、物価の動向に注目している。家計への影響も確認しておきたい。,金融・経済,4,train
2204,ネットで炒飯の人気店を調べている。休日にゆっくり楽しみたい。,食事・料理,1,train
2205,最近、ホームランの大会結果に驚いた。無理なく長く続けたい。,スポーツ,3,train
2206,仕事の合間に試合の戦術を分析したい。,スポーツ,3,train
2207,家で旅館の名所を調べている。家族でも楽しめる場所がいい。,旅行・観光,2,test
2208,ネットで金利を毎日チェックしていると考えている。,金融・経済,4,train
2209,今日は肉料理をお弁当に入れたい。値段と量のバランスも気になる。,食事・料理,1,test
2210,今週は刺身を夕食に作る。家族にも好評な味にしたい。,食事・料理,1,train
2211,来月に向けて、カレーがおいしかったと思っている。,食事・料理,1,train
2212,家で筋トレの練習試合に参加した。基礎からフォームを見直したい。,スポーツ,3,train
2213,家で天ぷらを手作りしたので情報を集めている。,食事・料理,1,train
2214,仕事の合間に唐揚げのレシピを探しているので詳しく調べている。,食事・料理,1,train
2215,家でアプリをアップデートしたい！,IT・テクノロジー,0,validation
2216,少し前からオリンピックの日本代表が気になるので詳しく調べている。,スポーツ,3,train
2217,函館へ行きたい。現地のおいしいものも楽しみたい。,旅行・観光,2,train
2218,来月に向けて、Linuxをアップデートしたいと思っている。,IT・テクノロジー,0,train
2219,来月に向けて、オリンピックを友人とプレーした。無理なく長く続けたい。,スポーツ,3,train
2220,家で所得税について勉強している。複数の情報源を比較している。,金融・経済,4,train
2221,朝から生成AIの構成を考えている。,IT・テクノロジー,0,train
2222,昨日、バスケットボールの練習メニューを考えている。,スポーツ,3,train
2223,来月に向けて、ルーターを新しくしたい。新しい機能も試してみたい。,IT・テクノロジー,0,train
2224,今週は水族館で食べ歩きしたい。混雑を避けて回りたい。,旅行・観光,2,train
2225,仕事の合間に企業業績の予測を確認しているのでメモしておいた。,金融・経済,4,train
2226,少し前から東京へ行きたい。家族でも楽しめる場所がいい。,旅行・観光,2,train
2227,休日にバックアップを自動化に使いたいのでメモしておいた。,IT・テクノロジー,0,train
2228,家でサラダのカロリーが気になる。休日にゆっくり楽しみたい。,食事・料理,1,train
2229,朝から観光バスへの旅行を計画している。,旅行・観光,2,train
2230,昨日、神社でお土産を買いたい。,旅行・観光,2,train
2231,来月に向けて、唐揚げをさっぱり味にしたい。近くのおいしい店も探している。,食事・料理,1,train
2232,ラグビーの観戦チケットを取った。,スポーツ,3,train
2233,今週は円相場について家計への影響を確認したのでメモしておいた。,金融・経済,4,train
2234,今週はローンの動向に注目していると思っている。,金融・経済,4,train
2235,家で試合の大会に出たい。,スポーツ,3,train
2236,友人と話していて、夕食をさっぱり味にしたいと思っている。,食事・料理,1,train
2237,最近、LLMを高速化したいと思っている。,IT・テクノロジー,0,train
2238,朝から資産運用を比較している。短期的な変動だけで判断しないようにしたい。,金融・経済,4,train
2239,休日に温泉街の景色を見たい,旅行・観光,2,test
2240,ふと思って、プログラミングの最新版が気になる。新しい機能も試してみたい。,IT・テクノロジー,0,validation
2241,今週はWi-Fiをアップデートしたい。,IT・テクノロジー,0,train
2242,来月に向けて、国内旅行への交通費を調べている。家族でも楽しめる場所がいい。,旅行・観光,2,train
2243,仕事の合間にCPUについて調べている！,IT・テクノロジー,0,train
2244,友人と話していて、売上の推移をグラフで見ている。,金融・経済,4,train
2245,今週は決算の今後が気になる！,金融・経済,4,train
2246,ふと思って、パソコンを設定している。仕事でも使える構成にしたい。,IT・テクノロジー,0,train
2247,仕事の合間に宿泊でゆっくり過ごしたいのが最近の関心事だ。,旅行・観光,2,train
2248,朝からJリーグの大会をテレビで見た。もっと上達する方法を探している。,スポーツ,3,validation
2249,仕事の合間に利益が上がっている。,金融・経済,4,validation
2250,来月に向けて、北海道へ飛行機で向かう！,旅行・観光,2,train
2251,来月に向けて、バスケットボールの練習試合に参加した。,スポーツ,3,train
2252,ケーキを食べ比べたい。,食事・料理,1,train
2253,少し前から紅茶のカロリーが気になるので詳しく調べている。,食事・料理,1,train
2254,最近、一人旅までの行き方を調べていると考えている。,旅行・観光,2,validation
2255,家でコンテナを自作してみたい。予算と性能のバランスも気になる。,IT・テクノロジー,0,train
2256,少し前からサラダのおすすめを知りたい。家族にも好評な味にしたい。,食事・料理,1,train
2257,友人と話していて、唐揚げを手作りした。,食事・料理,1,train
2258,休日に卓球を練習していると考えている。,スポーツ,3,train
2259,今週は東京の混雑状況が気になる。,旅行・観光,2,train
2260,今日はOSの使い方を知りたい！,IT・テクノロジー,0,test
2261,来月に向けて、ローンについて経済指標を見ているのでメモしておいた。,金融・経済,4,train
2262,仕事の合間にテニスのトレーニングを始めた。次の試合も楽しみにしている。,スポーツ,3,test
2263,今日は観光地を観光したい。,旅行・観光,2,test
2264,仕事の合間に東京までの行き方を調べているのでメモしておいた。,旅行・観光,2,test
2265,少し前からJavaScriptの最新版が気になる。速度と安定性を重視している。,IT・テクノロジー,0,train
2266,ネットでリゾートの観光スポットを知りたい。現地のおいしいものも楽しみたい。,旅行・観光,2,train
2267,仕事の合間にバレーのトレーニングを始めたので詳しく調べている。,スポーツ,3,train
2268,家で那覇へ新幹線で行く。,旅行・観光,2,test
2269,今日は旅行への旅行を計画している。宿泊先の評判も確認している。,旅行・観光,2,test
2270,朝からワールドカップの試合を見たので詳しく調べている。,スポーツ,3,train
2271,友人と話していて、シチューを冷凍保存したい。,食事・料理,1,validation
2272,昨日、魚料理を休日に楽しみたい。近くのおいしい店も探している。,食事・料理,1,test
2273,友人と話していて、旅館のホテルを探している。混雑を避けて回りたい。,旅行・観光,2,validation
2274,昨日、テーマパークでお土産を買いたい。宿泊先の評判も確認している。,旅行・観光,2,train
2275,来月に向けて、予算への影響を調べている。,金融・経済,4,validation
2276,休日にランニングのトレーニングを始めたと思っている。,スポーツ,3,train
2277,来月に向けて、政策金利の仕組みを知りたいのでメモしておいた。,金融・経済,4,train
2278,最近、売上について制度を調べた。数字の背景も理解したい。,金融・経済,4,test
2279,昨日、国内旅行の混雑状況が気になる。現地のおいしいものも楽しみたい。,旅行・観光,2,test
2280,昨日、Wi-Fiをインストールした！,IT・テクノロジー,0,train
2281,休日にスノーボードの練習試合に参加した。選手のプレーを参考にしたい。,スポーツ,3,train
2282,少し前から旅館へ週末に出かけると思っている。,旅行・観光,2,train
2283,今日はスノーボードのチームに入りたい！,スポーツ,3,train
2284,休日にLinuxの設定を見直したい。,IT・テクノロジー,0,train
2285,ふと思って、展望台の旅行プランを作っている。宿泊先の評判も確認している。,旅行・観光,2,train
2286,ふと思って、金融政策について投資判断を考えている。長期的な傾向を見て判断したい。,金融・経済,4,train
2287,休日に沖縄の景色を見たいので詳しく調べている。,旅行・観光,2,test
2288,朝からPythonを業務に活用したい。,IT・テクノロジー,0,train
2289,仕事の合間に原油価格について家計への影響を確認した。リスクとリターンの両方を考えたい。,金融・経済,4,train
2290,友人と話していて、お好み焼きの味付けを工夫したいので情報を集めている。,食事・料理,1,train
2291,休日に唐揚げを手作りした。家族にも好評な味にしたい。,食事・料理,1,validation
2292,少し前から鍋料理を家族と食べたいので情報を集めている。,食事・料理,1,train
2293,仕事の合間に絶景スポットで写真を撮りたい。,旅行・観光,2,train
2294,朝から卓球の戦術を分析したいのが最近の関心事だ。,スポーツ,3,train
2295,少し前から投資信託の動向に注目していると思っている。,金融・経済,4,train
2296,ふと思って、カレーを作りたい。辛さは控えめにしたい。,食事・料理,1,validation
2297,家でFRBの動向に注目している。,金融・経済,4,train
2298,今日はAWSを勉強したい。できれば使いやすいものを選びたい。,IT・テクノロジー,0,train
2299,ふと思って、観光ルートで食べ歩きしたいのが最近の関心事だ。,旅行・観光,2,train
2300,朝から住宅ローンの変化が気になっている。長期的な傾向を見て判断したい。,金融・経済,4,test
2301,家で剣道のスタジアムへ行きたい。基礎からフォームを見直したい。,スポーツ,3,test
2302,朝から生成AIの最新版が気になる。速度と安定性を重視している。,IT・テクノロジー,0,train
2303,少し前からLLMを開発していると考えている。,IT・テクノロジー,0,train
2304,今週は焼肉を冷凍保存したい！,食事・料理,1,train
2305,Azureの設定を見直したい！,IT・テクノロジー,0,train
2306,ふと思って、おにぎりをもう一度食べたいので情報を集めている。,食事・料理,1,test
2307,昨日、夕食を簡単に作りたい！,食事・料理,1,train
2308,休日に国内旅行で泊まりたいのが最近の関心事だ。,旅行・観光,2,train
2309,ネットでWindowsのログを確認している。,IT・テクノロジー,0,train
2310,休日に所得税の見通しを確認していると思っている。,金融・経済,4,train
2311,昨日、市場の仕組みを知りたい。短期的な変動だけで判断しないようにしたい。,金融・経済,4,train
2312,友人と話していて、物価の今後が気になる。,金融・経済,4,train
2313,今日は紅茶をさっぱり味にしたい。休日にゆっくり楽しみたい。,食事・料理,1,train
2314,仕事の合間にFRBを長期的に見ている。,金融・経済,4,test
2315,友人と話していて、美術館の景色を見たい。宿泊先の評判も確認している。,旅行・観光,2,train
2316,今週はデフレについて経済指標を見ていると思っている。,金融・経済,4,train
2317,朝からそばをさっぱり味にしたい。近くのおいしい店も探している。,食事・料理,1,train
2318,金融政策についてデータを集めている。複数の情報源を比較している。,金融・経済,4,train
2319,来月に向けて、那覇で観光案内を見ている。混雑を避けて回りたい。,旅行・観光,2,validation
2320,休日に定期預金について制度を調べた,金融・経済,4,test
2321,来月に向けて、餃子のカロリーが気になると思っている。,食事・料理,1,train
2322,朝から卓球の道具を買い替えたいので情報を集めている。,スポーツ,3,validation
2323,レシピの作り方を覚えたいのが最近の関心事だ。,食事・料理,1,train
2324,スマートフォンを新しくしたいのでメモしておいた。,IT・テクノロジー,0,validation
2325,経済ニュースの予測を確認している。短期的な変動だけで判断しないようにしたい。,金融・経済,4,train
2326,友人と話していて、ハンバーグを夕食に作る。値段と量のバランスも気になる。,食事・料理,1,train
2327,昨日、オムライスを夕食に作る。,食事・料理,1,validation
2328,ふと思って、観光バスで温泉に入りたい。,旅行・観光,2,train
2329,朝からプログラミングの使い方を知りたいので情報を集めている。,IT・テクノロジー,0,train
2330,少し前から所得税を比較している。複数の情報源を比較している。,金融・経済,4,train
2331,休日に株式について勉強している。数字の背景も理解したい。,金融・経済,4,test
2332,今日は家計の最新情報を調べている。長期的な傾向を見て判断したい。,金融・経済,4,train
2333,友人と話していて、競技場の練習試合に参加した！,スポーツ,3,test
2334,今週はアイスをお弁当に入れたい！,食事・料理,1,train
2335,今週はチャットボットの不具合を直したいので情報を集めている。,IT・テクノロジー,0,validation
2336,預金が企業業績に与える影響を調べた。数字の背景も理解したい。,金融・経済,4,train
2337,仕事の合間にプリンの人気店を調べている。家族にも好評な味にしたい。,食事・料理,1,train
2338,ふと思って、居酒屋をお弁当に入れたい,食事・料理,1,test
2339,ネットで山の混雑状況が気になる！,旅行・観光,2,train
2340,今日はデザートをお弁当に入れたい。値段と量のバランスも気になる。,食事・料理,1,test
2341,ふと思って、札幌で食べ歩きしたいので詳しく調べている。,旅行・観光,2,train
2342,肉料理を手作りしたので詳しく調べている。,食事・料理,1,train
2343,ネットで神社のおすすめルートを知りたい。,旅行・観光,2,train
2344,友人と話していて、コーヒーを食べ比べたい。,食事・料理,1,train
2345,最近、Dockerのログを確認している！,IT・テクノロジー,0,train
2346,今週はランチを昼ごはんに食べたので詳しく調べている。,食事・料理,1,train
2347,ふと思って、年金の変化が気になっているので詳しく調べている。,金融・経済,4,validation
2348,今日はトレーニングを週末に楽しんでいるのでメモしておいた。,スポーツ,3,train
2349,調味料の作り方を覚えたい。,食事・料理,1,train
2350,ネットで雇用統計をニュースで見た！,金融・経済,4,train
2351,今週はスノーボードの道具を買い替えたい,スポーツ,3,train
2352,今日はパスタをお弁当に入れたい！,食事・料理,1,train
2353,ネットでデータベースでエラーが出たので情報を集めている。,IT・テクノロジー,0,train
2354,少し前からWindowsの構成を考えている！,IT・テクノロジー,0,train
2355,最近、シチューに野菜を追加したい。,食事・料理,1,train
2356,仕事の合間に為替レートについて勉強していると思っている。,金融・経済,4,validation
2357,ホテルでお土産を買いたい。混雑を避けて回りたい。,旅行・観光,2,train
2358,休日におにぎりを食べたいのが最近の関心事だ。,食事・料理,1,train
2359,今週は餃子を朝食に用意した。休日にゆっくり楽しみたい。,食事・料理,1,train
2360,昨日、温泉で観光案内を見ている。家族でも楽しめる場所がいい。,旅行・観光,2,train
2361,昨日、定食をテイクアウトしたい。近くのおいしい店も探している。,食事・料理,1,train
2362,朝から利益について基本から学びたい！,金融・経済,4,train
2363,来月に向けて、コンテナの性能を比較したいので詳しく調べている。,IT・テクノロジー,0,train
2364,休日に国債のリスクを考えているので詳しく調べている。,金融・経済,4,train
2365,ネットで市場について経済指標を見ている！,金融・経済,4,train
2366,水泳のスタジアムへ行きたい。次の試合も楽しみにしている。,スポーツ,3,train
2367,来月に向けて、スノーボードの大会結果に驚いた。もっと上達する方法を探している。,スポーツ,3,train
2368,家で税金を毎日チェックしている！,金融・経済,4,train
2369,休日に博物館のおすすめルートを知りたいのでメモしておいた。,旅行・観光,2,train
2370,朝から肉料理を食べ比べたい。近くのおいしい店も探している。,食事・料理,1,train
2371,そばの店を探している。家族にも好評な味にしたい。,食事・料理,1,train
2372,最近、金利の最新情報を調べている。家計への影響も確認しておきたい。,金融・経済,4,train
2373,友人と話していて、GPUのセキュリティを強化したい！,IT・テクノロジー,0,train
2374,今日はTOPIXの予測を確認していると思っている。,金融・経済,4,train
2375,仕事の合間に夕食をさっぱり味にしたい。,食事・料理,1,train
2376,ふと思って、iPadを自動化に使いたい。初心者でも扱いやすい方法を探している。,IT・テクノロジー,0,train
2377,ネットでパンを家族と食べたい。,食事・料理,1,train
2378,Wi-Fiを設定している。,IT・テクノロジー,0,train
2379,Linuxについて学習中だ。仕事でも使える構成にしたい。,IT・テクノロジー,0,train
2380,少し前からLLMの不具合を直したい。予算と性能のバランスも気になる。,IT・テクノロジー,0,train
2381,朝からラーメンを手作りした。,食事・料理,1,test
2382,友人と話していて、スタジアムを観戦したい！,スポーツ,3,train
2383,休日にジョギングの道具を買い替えたい。無理なく長く続けたい。,スポーツ,3,train
2384,来月に向けて、トーナメントの試合日程を見ている。もっと上達する方法を探している。,スポーツ,3,validation
2385,仕事の合間にアイスを家族と食べたい。,食事・料理,1,train
2386,ネットで温泉のおすすめルートを知りたい。,旅行・観光,2,train
2387,今週は経済ニュースについて制度を調べた。,金融・経済,4,train
2388,ふと思って、マウスを自作してみたい。,IT・テクノロジー,0,train
2389,来月に向けて、自転車競技の結果を確認したので情報を集めている。,スポーツ,3,train
2390,休日にレスリングを週末に楽しんでいる。,スポーツ,3,train
2391,休日にAPIを買い替えたい。,IT・テクノロジー,0,train
2392,昨日、体操で汗を流した。,スポーツ,3,train
2393,来月に向けて、ステーキを友人と食べに行く。近くのおいしい店も探している。,食事・料理,1,train
2394,昨日、PCの不具合を直したい。,IT・テクノロジー,0,train
2395,来月に向けて、プロ野球の練習メニューを考えていると思っている。,スポーツ,3,train
2396,ネットで神戸を家族で訪れたい。混雑を避けて回りたい。,旅行・観光,2,train
2397,家で為替の今後が気になるので詳しく調べている。,金融・経済,4,validation
2398,最近、寿司がおいしかった。,食事・料理,1,test
2399,来月に向けて、紅茶を簡単に作りたい！,食事・料理,1,test
2400,家で宿泊を観光したい。,旅行・観光,2,train
2401,来月に向けて、バックアップの容量を増やしたい。,IT・テクノロジー,0,train
2402,来月に向けて、消費税について家計への影響を確認した。家計への影響も確認しておきたい。,金融・経済,4,train
2403,来月に向けて、スパイスを友人と食べに行く。,食事・料理,1,train
2404,ネットで貯金の動向に注目している。,金融・経済,4,train
2405,今週は海への旅行を計画している。,旅行・観光,2,train
2406,今週は監督の試合日程を見ているのでメモしておいた。,スポーツ,3,validation
2407,最近、PCの使い方を知りたいので情報を集めている。,IT・テクノロジー,0,train
2408,最近、国内旅行の旅館を予約したいと考えている。,旅行・観光,2,train
2409,来月に向けて、家族旅行をレンタカーで巡りたいと思っている。,旅行・観光,2,train
2410,今日はパンの店を探している。休日にゆっくり楽しみたい。,食事・料理,1,train
2411,朝からランニングで汗を流した！,スポーツ,3,train
2412,ふと思って、AIのセキュリティを強化したいので情報を集めている。,IT・テクノロジー,0,train
2413,仕事の合間にキーボードをインストールした。,IT・テクノロジー,0,train
2414,友人と話していて、紅茶の味付けを工夫したいのでメモしておいた。,食事・料理,1,validation
2415,今日はケーキの材料を買ってきた,食事・料理,1,train
2416,ネットでスープを簡単に作りたい。近くのおいしい店も探している。,食事・料理,1,train
2417,ネットでデザートを朝食に用意した。値段と量のバランスも気になる。,食事・料理,1,train
2418,今日はカフェを家族と食べたい。,食事・料理,1,train
2419,休日にAzureを買い替えたい！,IT・テクノロジー,0,train
2420,休日にオムライスを簡単に作りたい！,食事・料理,1,train
2421,ネットで選手のチームに入りたい,スポーツ,3,train
2422,京都の宿泊費を比較している。宿泊先の評判も確認している。,旅行・観光,2,train
2423,鍋料理を食べたい！,食事・料理,1,validation
2424,朝から刺身を昼ごはんに食べた。辛さは控えめにしたい。,食事・料理,1,train
2425,今日はシチューのレシピを探している。家族にも好評な味にしたい。,食事・料理,1,train
2426,友人と話していて、野球が上手くなりたい。次の試合も楽しみにしている。,スポーツ,3,train
2427,休日に日本代表の道具を買い替えたい。,スポーツ,3,train
2428,今週は雇用統計を毎日チェックしている。,金融・経済,4,test
2429,今週はホームランを週末に楽しんでいる。,スポーツ,3,validation
2430,今日は博物館の名所を調べている,旅行・観光,2,train
2431,仕事の合間にiPadをアップデートしたい。,IT・テクノロジー,0,train
2432,少し前から経済ニュースの変化が気になっている！,金融・経済,4,train
2433,友人と話していて、ハンバーグを簡単に作りたい。,食事・料理,1,train
2434,友人と話していて、観光ルートで写真を撮りたい。家族でも楽しめる場所がいい。,旅行・観光,2,test
2435,今日はレンタカーの宿泊費を比較している。,旅行・観光,2,validation
2436,朝から函館へ連休に行く予定だ。,旅行・観光,2,train
2437,昨日、金沢への交通費を調べているのが最近の関心事だ。,旅行・観光,2,validation
2438,昨日、温泉を家族で訪れたいと思っている。,旅行・観光,2,test
2439,休日に競技場のプロ選手を目指していると考えている。,スポーツ,3,train
2440,少し前から剣道のスタジアムへ行きたい,スポーツ,3,train
2441,ネットでCopilotを高速化したい。できれば使いやすいものを選びたい。,IT・テクノロジー,0,train
2442,休日にデフレへの影響を調べている。家計への影響も確認しておきたい。,金融・経済,4,validation
2443,少し前からスパイスの作り方を覚えたい。近くのおいしい店も探している。,食事・料理,1,train
2444,家で経済ニュースについて制度を調べた,金融・経済,4,test
2445,休日に唐揚げを昼ごはんに食べた。できれば簡単に作れる方法がいい。,食事・料理,1,test
2446,ふと思って、売上について投資判断を考えている。数字の背景も理解したい。,金融・経済,4,test
2447,今週はJavaScriptを接続したいと考えている。,IT・テクノロジー,0,test
2448,今週は国債の動きを確認していると考えている。,金融・経済,4,test
2449,パンがおいしかった！,食事・料理,1,train
2450,休日に寺へ連休に行く予定だ。,旅行・観光,2,train
2451,休日に企業業績の推移をグラフで見ている。,金融・経済,4,train
2452,友人と話していて、TOPIXが下がっている。,金融・経済,4,train
2453,ネットでiPadを仕事で使いたいのが最近の関心事だ。,IT・テクノロジー,0,test
2454,最近、チームで記録を伸ばしたいので詳しく調べている。,スポーツ,3,train
2455,ルーターがほしい,IT・テクノロジー,0,train
2456,朝から函館で温泉に入りたい。,旅行・観光,2,train
2457,少し前からLLMについて学習中だ！,IT・テクノロジー,0,train
2458,友人と話していて、温泉街の景色を見たい。,旅行・観光,2,train
2459,少し前から売上が生活費に響いているので情報を集めている。,金融・経済,4,train
2460,仕事の合間にジョギングが上手くなりたい。無理なく長く続けたい。,スポーツ,3,train
2461,最近、パソコンでツールを作りたい。仕事でも使える構成にしたい。,IT・テクノロジー,0,train
2462,大阪への旅行を計画しているので情報を集めている。,旅行・観光,2,validation
2463,ネットで焼き魚をテイクアウトしたい。辛さは控えめにしたい。,食事・料理,1,train
2464,今週は長崎へ週末に出かける,旅行・観光,2,train
2465,少し前からJリーグのチームに入りたい。もっと上達する方法を探している。,スポーツ,3,train
2466,昨日、データベースのログを確認している。予算と性能のバランスも気になる。,IT・テクノロジー,0,train
2467,来月に向けて、貯金を毎日チェックしているので情報を集めている。,金融・経済,4,train
2468,仕事の合間にインフレについて経済指標を見ている。,金融・経済,4,train
2469,最近、天ぷらをお弁当に入れたい,食事・料理,1,train
2470,金融政策のリスクを考えている！,金融・経済,4,test
2471,広島までの行き方を調べている。現地のおいしいものも楽しみたい。,旅行・観光,2,train
2472,友人と話していて、データベースの最新版が気になる。初心者でも扱いやすい方法を探している。,IT・テクノロジー,0,test
2473,休日に温泉街の名所を調べていると考えている。,旅行・観光,2,train
2474,ふと思って、定食の盛り付けを工夫した,食事・料理,1,validation
2475,最近、売上が上がっている。家計への影響も確認しておきたい。,金融・経済,4,train
2476,VS Codeを自動化に使いたいと考えている。,IT・テクノロジー,0,train
2477,ふと思って、マウスの設定を見直したい！,IT・テクノロジー,0,train
2478,ネットでマウスを高速化したい。新しい機能も試してみたい。,IT・テクノロジー,0,train
2479,来月に向けて、チャットボットを設定している。予算と性能のバランスも気になる。,IT・テクノロジー,0,train
2480,友人と話していて、旅行の景色を見たい。,旅行・観光,2,train
2481,昨日、スノーボードの大会に出たい。体力づくりにも役立てたい。,スポーツ,3,train
2482,来月に向けて、寿司のおすすめを知りたい。値段と量のバランスも気になる。,食事・料理,1,train
2483,少し前から味噌汁を昼ごはんに食べたのでメモしておいた。,食事・料理,1,train
2484,今日はゴールの練習メニューを考えている。,スポーツ,3,train
2485,レストランを昼ごはんに食べた。,食事・料理,1,validation
2486,ネットでたこ焼きに野菜を追加したい！,食事・料理,1,train
2487,今週は物価の最新情報を調べているのでメモしておいた。,金融・経済,4,train
2488,少し前からレシピを食べたい！,食事・料理,1,train
2489,友人と話していて、人工知能をインストールしたのでメモしておいた。,IT・テクノロジー,0,train
2490,仕事の合間にチャットボットを試してみたい。仕事でも使える構成にしたい。,IT・テクノロジー,0,train
2491,肉料理をもう一度食べたいのでメモしておいた。,食事・料理,1,train
2492,昨日、サーバーを接続したい,IT・テクノロジー,0,validation
2493,昨日、OSのセキュリティを強化したい。,IT・テクノロジー,0,train
2494,今週はPythonを接続したいのが最近の関心事だ。,IT・テクノロジー,0,train
2495,休日にDockerのセキュリティを強化したい！,IT・テクノロジー,0,train
2496,ネットでゴルフのスタジアムへ行きたい。もっと上達する方法を探している。,スポーツ,3,train
2497,昨日、国債のリスクを考えている！,金融・経済,4,train
2498,友人と話していて、東京を家族で訪れたいので情報を集めている。,旅行・観光,2,train
2499,投資が生活費に響いている。短期的な変動だけで判断しないようにしたい。,金融・経済,4,train
2500,ふと思って、トレーニングの大会結果に驚いたので詳しく調べている。,スポーツ,3,train
2501,今週は観光地でお土産を買いたいのでメモしておいた。,旅行・観光,2,train
2502,朝から旅館の宿泊費を比較していると考えている。,旅行・観光,2,test
2503,休日に刺身がおいしかったので詳しく調べている。,食事・料理,1,train
2504,仕事の合間に一人旅をレンタカーで巡りたいのが最近の関心事だ。,旅行・観光,2,train
2505,友人と話していて、ホテルへ飛行機で向かう。混雑を避けて回りたい。,旅行・観光,2,train
2506,ふと思って、Webアプリの設定を見直したい。新しい機能も試してみたい。,IT・テクノロジー,0,train
2507,昨日、定期預金のリスクを考えている。,金融・経済,4,train
2508,ネットでサーバーを買い替えたいと考えている。,IT・テクノロジー,0,test
2509,休日に弁当をもう一度食べたい。,食事・料理,1,train
2510,少し前からゴールの道具を買い替えたい。無理なく長く続けたい。,スポーツ,3,train
2511,友人と話していて、朝食を家族と食べたい。,食事・料理,1,train
2512,少し前からJリーグの試合を見た。もっと上達する方法を探している。,スポーツ,3,train
2513,昨日、日本銀行の最新情報を調べている。家計への影響も確認しておきたい。,金融・経済,4,train
2514,ふと思って、京都を家族で訪れたい。,旅行・観光,2,train
2515,昨日、オリンピックを練習している！,スポーツ,3,train
2516,最近、人工知能を新しくしたい。,IT・テクノロジー,0,train
2517,ネットでSQLの設定を見直したい！,IT・テクノロジー,0,train
2518,ふと思って、唐揚げを作りたい。近くのおいしい店も探している。,食事・料理,1,train
2519,朝から調味料をさっぱり味にしたいので情報を集めている。,食事・料理,1,train
2520,仕事の合間にVPNでエラーが出た。予算と性能のバランスも気になる。,IT・テクノロジー,0,train
2521,少し前からLLMでツールを作りたい。速度と安定性を重視している。,IT・テクノロジー,0,train
2522,夕食のカロリーが気になる。,食事・料理,1,train
2523,今週はデータベースについて調べている。速度と安定性を重視している。,IT・テクノロジー,0,test
2524,仕事の合間に筋肉の結果を確認した。,スポーツ,3,validation
2525,仕事の合間に所得税を比較している。,金融・経済,4,train
2526,来月に向けて、TOPIXを毎日チェックしている。,金融・経済,4,train
2527,仕事の合間に練習の日本代表が気になる。もっと上達する方法を探している。,スポーツ,3,train
2528,昨日、ネットワークの容量を増やしたい。,IT・テクノロジー,0,test
2529,来月に向けて、Pythonの使い方を知りたい。,IT・テクノロジー,0,train
2530,朝から親子丼を昼ごはんに食べた。,食事・料理,1,train
2531,今週は水泳を練習しているので詳しく調べている。,スポーツ,3,train
2532,仕事の合間に資源価格の見通しを確認している！,金融・経済,4,train
2533,友人と話していて、スタジアムの観戦チケットを取った。,スポーツ,3,train
2534,朝からVS Codeでエラーが出た。,IT・テクノロジー,0,train
2535,仕事の合間に賃金について制度を調べた。長期的な傾向を見て判断したい。,金融・経済,4,train
2536,朝からオムライスを昼ごはんに食べたのが最近の関心事だ。,食事・料理,1,train
2537,ふと思って、キャンプ場へ飛行機で向かう。混雑を避けて回りたい。,旅行・観光,2,train
2538,今週は魚料理を作りたいのが最近の関心事だ。,食事・料理,1,test
2539,休日に神社で食べ歩きしたいので情報を集めている。,旅行・観光,2,train
2540,ネットでデザートをもう一度食べたい。できれば簡単に作れる方法がいい。,食事・料理,1,validation
2541,朝から税金についてデータを集めている！,金融・経済,4,train
2542,朝から海外旅行の観光スポットを知りたい,旅行・観光,2,validation
2543,来月に向けて、筋トレのトレーニングを始めた。次の試合も楽しみにしている。,スポーツ,3,train
2544,休日に予算について経済指標を見ているのでメモしておいた。,金融・経済,4,train
2545,サラダを友人と食べに行く。家族にも好評な味にしたい。,食事・料理,1,train
2546,来月に向けて、ホテルで写真を撮りたい。宿泊先の評判も確認している。,旅行・観光,2,train
2547,今週は福岡で観光案内を見ている。宿泊先の評判も確認している。,旅行・観光,2,train
2548,休日にAzureの使い方を知りたい。,IT・テクノロジー,0,validation
2549,親子丼を夕食に作る！,食事・料理,1,train
2550,来月に向けて、肉料理を辛めに作りたい,食事・料理,1,train
2551,来月に向けて、チャットボットについて調べている。,IT・テクノロジー,0,train
2552,休日に広島を一日で回りたいので詳しく調べている。,旅行・観光,2,train
2553,金沢のおすすめルートを知りたいと考えている。,旅行・観光,2,train
2554,来月に向けて、弁当のカロリーが気になる。できれば簡単に作れる方法がいい。,食事・料理,1,train
2555,昨日、配当を資産形成に活用したい。複数の情報源を比較している。,金融・経済,4,train
2556,少し前からワールドカップの選手を応援しているので詳しく調べている。,スポーツ,3,train
2557,少し前から金融政策についてデータを集めている。,金融・経済,4,train
2558,仕事の合間にデータベースをアップデートしたい。速度と安定性を重視している。,IT・テクノロジー,0,train
2559,来月に向けて、予算を毎日チェックしている。リスクとリターンの両方を考えたい。,金融・経済,4,train
2560,ネットで夕食を夕食に作る。近くのおいしい店も探している。,食事・料理,1,train
2561,人工知能を仕事で使いたい。,IT・テクノロジー,0,train
2562,朝からランチに野菜を追加したいと考えている。,食事・料理,1,train
2563,GDPについてデータを集めていると考えている。,金融・経済,4,train
2564,最近、空港の観光スポットを知りたいので情報を集めている。,旅行・観光,2,test
2565,家で試合を観戦したい。,スポーツ,3,train
2566,休日に決算について家計への影響を確認した。,金融・経済,4,test
2567,今日は国債の最新情報を調べている。長期的な傾向を見て判断したい。,金融・経済,4,train
2568,ふと思って、セキュリティを高速化したいので詳しく調べている。,IT・テクノロジー,0,train
2569,今日は観光地へ週末に出かける。,旅行・観光,2,train
2570,仕事の合間に空港で温泉に入りたい。,旅行・観光,2,train
2571,朝からそばの材料を買ってきた。値段と量のバランスも気になる。,食事・料理,1,train
2572,今週はセキュリティを接続したい。できれば使いやすいものを選びたい。,IT・テクノロジー,0,train
2573,ふと思って、財政について勉強している。リスクとリターンの両方を考えたい。,金融・経済,4,train
2574,少し前から預金を長期的に見ている。,金融・経済,4,train
2575,最近、鍋料理を家族と食べたい。,食事・料理,1,train
2576,家で沖縄で温泉に入りたい。移動時間をなるべく短くしたい。,旅行・観光,2,train
2577,昨日、投資が企業業績に与える影響を調べた。家計への影響も確認しておきたい。,金融・経済,4,train
2578,ネットで展望台への交通費を調べているので情報を集めている。,旅行・観光,2,train
2579,家で金沢への旅行を計画しているので情報を集めている。,旅行・観光,2,train
2580,朝から北海道の旅館を予約したい。,旅行・観光,2,train
2581,Google Cloudの容量を増やしたいと考えている。,IT・テクノロジー,0,train
2582,昨日、トレーニングを練習していると思っている。,スポーツ,3,train
2583,ネットで城へ行きたい。混雑を避けて回りたい。,旅行・観光,2,train
2584,ふと思って、中央銀行の動きを確認している。短期的な変動だけで判断しないようにしたい。,金融・経済,4,train
2585,仕事の合間に唐揚げを休日に楽しみたい。,食事・料理,1,train
2586,少し前からOSの使い方を知りたい。仕事でも使える構成にしたい。,IT・テクノロジー,0,train
2587,ふと思って、スタジアムを毎週続けている。無理なく長く続けたい。,スポーツ,3,train
2588,今週は東京へ飛行機で向かうので情報を集めている。,旅行・観光,2,train
2589,今日はGitHubのセキュリティを強化したい！,IT・テクノロジー,0,train
2590,今週はパスタをさっぱり味にしたい。,食事・料理,1,train
2591,ふと思って、クラウドのログを確認している。,IT・テクノロジー,0,train
2592,最近、投資信託を資産形成に活用したい。家計への影響も確認しておきたい。,金融・経済,4,train
2593,今日は離島のおすすめルートを知りたいと考えている。,旅行・観光,2,train
2594,仕事の合間に定食の味付けを工夫したい。近くのおいしい店も探している。,食事・料理,1,train
2595,今週は陸上の選手を応援している。基礎からフォームを見直したい。,スポーツ,3,train
2596,来月に向けて、温泉を一日で回りたいと思っている。,旅行・観光,2,train
2597,ネットで旅行費用の名所を調べている。,旅行・観光,2,train
2598,昨日、資産運用について基本から学びたい！,金融・経済,4,test
2599,ネットでFRBについて基本から学びたい！,金融・経済,4,train
2600,APIを設定している。,IT・テクノロジー,0,train
2601,来月に向けて、機械学習でツールを作りたいので情報を集めている。,IT・テクノロジー,0,test
2602,友人と話していて、ケーキをお弁当に入れたい！,食事・料理,1,train
2603,休日にGoogle Cloudを接続したい。初心者でも扱いやすい方法を探している。,IT・テクノロジー,0,train
2604,道の駅をレンタカーで巡りたいと考えている。,旅行・観光,2,train
2605,今日は体操を観戦したい。選手のプレーを参考にしたい。,スポーツ,3,train
2606,ふと思って、家族旅行の混雑状況が気になる。,旅行・観光,2,train
2607,ふと思って、函館の旅館を予約したい。現地のおいしいものも楽しみたい。,旅行・観光,2,test
2608,ネットで物価の予測を確認していると考えている。,金融・経済,4,train
2609,今週は市場を長期的に見ている。長期的な傾向を見て判断したい。,金融・経済,4,train
2610,友人と話していて、賃金の推移をグラフで見ている。,金融・経済,4,train
2611,家で得点の大会結果に驚いた。無理なく長く続けたい。,スポーツ,3,validation
2612,来月に向けて、函館へ連休に行く予定だ。交通費を抑えたプランにしたい。,旅行・観光,2,train
2613,少し前から寺へ週末に出かけるので詳しく調べている。,旅行・観光,2,train
2614,仕事の合間に中央銀行が企業業績に与える影響を調べた！,金融・経済,4,validation
2615,来月に向けて、コーヒーを冷凍保存したいのでメモしておいた。,食事・料理,1,train
2616,ネットでパスタを作りたい。,食事・料理,1,train
2617,GPUを接続したいので詳しく調べている。,IT・テクノロジー,0,train
2618,休日に政策金利について制度を調べた。数字の背景も理解したい。,金融・経済,4,train
2619,家でレスリングのトレーニングを始めた。もっと上達する方法を探している。,スポーツ,3,test
2620,今週は企業業績をニュース記事で読んだのが最近の関心事だ。,金融・経済,4,test
2621,少し前からバックアップを勉強したい。,IT・テクノロジー,0,train
2622,朝から観光バスで泊まりたい。宿泊先の評判も確認している。,旅行・観光,2,train
2623,昨日、ドル円が企業業績に与える影響を調べたのが最近の関心事だ。,金融・経済,4,train
2624,今日はクラウドの動作が遅い。,IT・テクノロジー,0,train
2625,ネットで卓球を観戦したい。選手のプレーを参考にしたい。,スポーツ,3,train
2626,休日にリゾートへ行きたい。,旅行・観光,2,train
2627,ワールドカップの選手を応援している。,スポーツ,3,train
2628,友人と話していて、金利を家計簿と一緒に確認している。,金融・経済,4,train
2629,ふと思って、バレーボールを友人とプレーした！,スポーツ,3,train
2630,家で美術館を一日で回りたいと考えている。,旅行・観光,2,train
2631,予算が企業業績に与える影響を調べた。数字の背景も理解したい。,金融・経済,4,train
2632,今日はラーメンを夕食に作ると考えている。,食事・料理,1,train
2633,ネットでパスタをお弁当に入れたい。,食事・料理,1,train
2634,ネットでGitHubを自作してみたい。初心者でも扱いやすい方法を探している。,IT・テクノロジー,0,train
2635,仕事の合間にドル円について専門家の解説を読んだと思っている。,金融・経済,4,train
2636,朝から株式の予測を確認している。複数の情報源を比較している。,金融・経済,4,train
2637,昨日、体操の結果を確認した！,スポーツ,3,test
2638,来月に向けて、観光ルートの景色を見たい！,旅行・観光,2,validation
2639,今週は海へ週末に出かけるのが最近の関心事だ。,旅行・観光,2,train
2640,家で肉料理を食べ比べたい。,食事・料理,1,train
2641,ふと思って、VS Codeの構成を考えている。,IT・テクノロジー,0,train
2642,ふと思って、雇用統計を比較している,金融・経済,4,train
2643,来月に向けて、北海道までの行き方を調べている。,旅行・観光,2,train
2644,ランニングの選手を応援していると考えている。,スポーツ,3,train
2645,炒飯に野菜を追加したいのが最近の関心事だ。,食事・料理,1,train
2646,今日はiPadについて調べているのが最近の関心事だ。,IT・テクノロジー,0,train
2647,昨日、消費税の仕組みを知りたいので詳しく調べている。,金融・経済,4,train
2648,ネットでインフレを家計簿と一緒に確認しているので情報を集めている。,金融・経済,4,train
2649,今日は展望台へ一人旅したいのが最近の関心事だ。,旅行・観光,2,train
2650,友人と話していて、北海道でお土産を買いたい！,旅行・観光,2,train
2651,今日はAPIを自作してみたいのでメモしておいた。,IT・テクノロジー,0,train
2652,友人と話していて、Copilotを自動化に使いたい！,IT・テクノロジー,0,train
2653,家でオムライスを簡単に作りたい。,食事・料理,1,train
2654,友人と話していて、ドル円について基本から学びたいと考えている。,金融・経済,4,train
2655,友人と話していて、PCでツールを作りたい！,IT・テクノロジー,0,train
2656,家でシーフードの味付けを工夫したい！,食事・料理,1,train
2657,最近、マウスを高速化したい。速度と安定性を重視している。,IT・テクノロジー,0,train
2658,家で練習の道具を買い替えたいので詳しく調べている。,スポーツ,3,train
2659,今週は為替の最新情報を調べている！,金融・経済,4,validation
2660,最近、ネットワークの性能を比較したい。,IT・テクノロジー,0,train
2661,友人と話していて、親子丼を夕食に作る。近くのおいしい店も探している。,食事・料理,1,train
2662,今週は函館へ行きたいのでメモしておいた。,旅行・観光,2,train
2663,休日にピザを家族と食べたい。辛さは控えめにしたい。,食事・料理,1,train
2664,家で売上の最新情報を調べている。長期的な傾向を見て判断したい。,金融・経済,4,train
2665,今日はホテルで温泉に入りたい。現地のおいしいものも楽しみたい。,旅行・観光,2,test
2666,今日はタブレットの最新版が気になる。できれば使いやすいものを選びたい。,IT・テクノロジー,0,train
2667,来月に向けて、水族館までの行き方を調べている。移動時間をなるべく短くしたい。,旅行・観光,2,train
2668,休日にラグビーの選手成績を調べている。次の試合も楽しみにしている。,スポーツ,3,train
2669,ネットで魚料理を食べ比べたい！,食事・料理,1,train
2670,少し前からランニングの選手成績を調べている。選手のプレーを参考にしたい。,スポーツ,3,train
2671,焼肉をお弁当に入れたい！,食事・料理,1,train
2672,今日は新幹線をレンタカーで巡りたい。交通費を抑えたプランにしたい。,旅行・観光,2,test
2673,最近、原油価格についてデータを集めていると思っている。,金融・経済,4,test
2674,今日はレンタカーへ行きたい。,旅行・観光,2,validation
2675,朝からPythonを業務に活用したいので詳しく調べている。,IT・テクノロジー,0,test
2676,リゾートの混雑状況が気になるのでメモしておいた。,旅行・観光,2,train
2677,最近、iPadを高速化したい。できれば使いやすいものを選びたい。,IT・テクノロジー,0,train
2678,朝から博物館でお土産を買いたいのでメモしておいた。,旅行・観光,2,train
2679,今日は景気を長期的に見ている。,金融・経済,4,train
2680,昨日、スキーの大会結果に驚いた！,スポーツ,3,train
2681,仕事の合間にランニングの選手成績を調べているので詳しく調べている。,スポーツ,3,train
2682,今日は原油価格を資産形成に活用したい。,金融・経済,4,train
2683,今週はデフレが上がっている。短期的な変動だけで判断しないようにしたい。,金融・経済,4,train
2684,今日はリーグ戦が上手くなりたいのでメモしておいた。,スポーツ,3,train
2685,来月に向けて、シチューを休日に楽しみたいので詳しく調べている。,食事・料理,1,train
2686,今日はトレーニングを友人とプレーした。,スポーツ,3,validation
2687,定期預金の変化が気になっている。,金融・経済,4,validation
2688,休日に卓球が上手くなりたい。無理なく長く続けたい。,スポーツ,3,train
2689,昨日、ラーメンに野菜を追加したい。家族にも好評な味にしたい。,食事・料理,1,train
2690,友人と話していて、国債が生活費に響いている。数字の背景も理解したい。,金融・経済,4,train
2691,休日に焼き魚をもう一度食べたい。できれば簡単に作れる方法がいい。,食事・料理,1,train
2692,今週はノートパソコンを導入したい。,IT・テクノロジー,0,train
2693,休日にスタジアムの戦術を分析したい。次の試合も楽しみにしている。,スポーツ,3,train
2694,休日にタブレットの最新版が気になると考えている。,IT・テクノロジー,0,train
2695,神社を一日で回りたい。,旅行・観光,2,test
2696,ネットで人工知能を仕事で使いたいのが最近の関心事だ。,IT・テクノロジー,0,train
2697,昨日、ルーターの使い方を知りたい。速度と安定性を重視している。,IT・テクノロジー,0,train
2698,ネットでランチをテイクアウトしたい。休日にゆっくり楽しみたい。,食事・料理,1,train
2699,家でLLMを仕事で使いたいので詳しく調べている。,IT・テクノロジー,0,validation
2700,休日に旅行の名所を調べている。家族でも楽しめる場所がいい。,旅行・観光,2,validation
2701,朝からレシピに合う調味料を知りたい。休日にゆっくり楽しみたい。,食事・料理,1,train
2702,少し前からレシピを友人と食べに行くので詳しく調べている。,食事・料理,1,test
2703,ネットでたこ焼きのカロリーが気になる。,食事・料理,1,train
2704,少し前からローンについて基本から学びたい。長期的な傾向を見て判断したい。,金融・経済,4,train
2705,最近、ワールドカップの試合を見た。無理なく長く続けたい。,スポーツ,3,train
2706,今週はバレーボールで汗を流した。もっと上達する方法を探している。,スポーツ,3,train
2707,休日におにぎりをお弁当に入れたいのが最近の関心事だ。,食事・料理,1,train
2708,仕事の合間にリーグ戦を毎週続けている。,スポーツ,3,train
2709,家で餃子に合う調味料を知りたい。近くのおいしい店も探している。,食事・料理,1,train
2710,昨日、セキュリティでエラーが出た,IT・テクノロジー,0,train
2711,少し前から年金について家計への影響を確認した。長期的な傾向を見て判断したい。,金融・経済,4,train
2712,最近、為替レートの仕組みを知りたい。,金融・経済,4,train
2713,最近、ワールドカップを週末に楽しんでいる。もっと上達する方法を探している。,スポーツ,3,train
2714,最近、朝食の盛り付けを工夫したのでメモしておいた。,食事・料理,1,train
2715,最近、お好み焼きを食べ比べたい。辛さは控えめにしたい。,食事・料理,1,train
2716,来月に向けて、長崎で温泉に入りたい！,旅行・観光,2,train
2717,来月に向けて、OSについて学習中だ。,IT・テクノロジー,0,train
2718,友人と話していて、ジョギングの結果を確認した。選手のプレーを参考にしたい。,スポーツ,3,train
2719,朝からバドミントンを週末に楽しんでいるので情報を集めている。,スポーツ,3,train
2720,家で北海道へ週末に出かける。家族でも楽しめる場所がいい。,旅行・観光,2,train
2721,少し前から日経平均の予測を確認している。長期的な傾向を見て判断したい。,金融・経済,4,train
2722,今週は消費税が上がっている。,金融・経済,4,train
2723,ふと思って、パスタをお弁当に入れたいので詳しく調べている。,食事・料理,1,train
2724,来月に向けて、城へ新幹線で行く。,旅行・観光,2,train
2725,来月に向けて、ホテルのおすすめルートを知りたいと思っている。,旅行・観光,2,train
2726,休日にDockerを開発していると考えている。,IT・テクノロジー,0,train
2727,今日は剣道の日本代表が気になる。もっと上達する方法を探している。,スポーツ,3,train
2728,最近、うどんの人気店を調べている。休日にゆっくり楽しみたい。,食事・料理,1,train
2729,今日は得点の試合日程を見ている。基礎からフォームを見直したい。,スポーツ,3,train
2730,来月に向けて、投資の最新情報を調べていると思っている。,金融・経済,4,train
2731,今日はJリーグを週末に楽しんでいる。次の試合も楽しみにしている。,スポーツ,3,train
2732,友人と話していて、定食の盛り付けを工夫したので情報を集めている。,食事・料理,1,train
2733,仕事の合間にスポーツ観戦を週末に楽しんでいると思っている。,スポーツ,3,train
2734,休日にスマホの構成を考えていると考えている。,IT・テクノロジー,0,train
2735,昨日、うどんに野菜を追加したいと思っている。,食事・料理,1,train
2736,昨日、野球を友人とプレーした。基礎からフォームを見直したい。,スポーツ,3,validation
2737,ふと思って、神社から帰ってきた。交通費を抑えたプランにしたい。,旅行・観光,2,train
2738,仕事の合間に日経平均の今後が気になると思っている。,金融・経済,4,train
2739,最近、卓球の日本代表が気になる。次の試合も楽しみにしている。,スポーツ,3,train
2740,少し前からバレーボールの大会をテレビで見たので詳しく調べている。,スポーツ,3,test
2741,少し前から得点の試合を見たと思っている。,スポーツ,3,test
2742,友人と話していて、スノーボードの大会に出たい。,スポーツ,3,train
2743,家で観光バスへの交通費を調べていると考えている。,旅行・観光,2,validation
2744,最近、OSの構成を考えているので詳しく調べている。,IT・テクノロジー,0,train
2745,仕事の合間にチャットボットを新しくしたい。できれば使いやすいものを選びたい。,IT・テクノロジー,0,validation
2746,ネットで企業業績について制度を調べた。リスクとリターンの両方を考えたい。,金融・経済,4,train
2747,決算の変化が気になっている。リスクとリターンの両方を考えたい。,金融・経済,4,test
2748,昨日、利益を毎日チェックしているので情報を集めている。,金融・経済,4,train
2749,最近、離島への旅行を計画している。,旅行・観光,2,train
2750,来月に向けて、サーバーを試してみたい！,IT・テクノロジー,0,train
2751,昨日、天ぷらに合う調味料を知りたい。,食事・料理,1,train
2752,来月に向けて、VPNを勉強したいのが最近の関心事だ。,IT・テクノロジー,0,train
2753,友人と話していて、広島で温泉に入りたい。,旅行・観光,2,train
2754,来月に向けて、ネットワークのログを確認しているのが最近の関心事だ。,IT・テクノロジー,0,train
2755,ワールドカップを観戦したい。体力づくりにも役立てたい。,スポーツ,3,train
2756,今週は年金が上がっている。,金融・経済,4,train
2757,朝から唐揚げを朝食に用意した。休日にゆっくり楽しみたい。,食事・料理,1,validation
2758,来月に向けて、iPadをアップデートしたい,IT・テクノロジー,0,train
2759,家でうどんの盛り付けを工夫した。できれば簡単に作れる方法がいい。,食事・料理,1,train
2760,AWSの動作が遅い。できれば使いやすいものを選びたい。,IT・テクノロジー,0,test
2761,ネットでバックアップでエラーが出た！,IT・テクノロジー,0,train
2762,ふと思って、AIを自動化に使いたい。,IT・テクノロジー,0,train
2763,最近、柔道を観戦したい。次の試合も楽しみにしている。,スポーツ,3,train
2764,朝から物価について家計への影響を確認した。複数の情報源を比較している。,金融・経済,4,train
2765,休日に国内旅行から帰ってきた。現地のおいしいものも楽しみたい。,旅行・観光,2,train
2766,仕事の合間に東京へ週末に出かける。混雑を避けて回りたい。,旅行・観光,2,validation
2767,朝から那覇の宿泊費を比較しているので情報を集めている。,旅行・観光,2,train
2768,今週は北海道の景色を見たい。混雑を避けて回りたい。,旅行・観光,2,train
2769,今週はランニングを観戦したい。次の試合も楽しみにしている。,スポーツ,3,train
2770,ネットで海のホテルを探している。現地のおいしいものも楽しみたい。,旅行・観光,2,train
2771,ふと思って、マウスのセキュリティを強化したいので情報を集めている。,IT・テクノロジー,0,train
2772,休日に山の名所を調べているので情報を集めている。,旅行・観光,2,train
2773,少し前からLinuxがほしい。新しい機能も試してみたい。,IT・テクノロジー,0,validation
2774,今週は寿司をもう一度食べたい！,食事・料理,1,test
2775,ネットで金融政策を資産形成に活用したい。リスクとリターンの両方を考えたい。,金融・経済,4,train
2776,少し前からNBAで汗を流した。体力づくりにも役立てたい。,スポーツ,3,train
2777,ネットでバスケットボールのチームに入りたい。次の試合も楽しみにしている。,スポーツ,3,train
2778,ネットでタブレットをアップデートしたい。,IT・テクノロジー,0,train
2779,家で道の駅へ連休に行く予定だので詳しく調べている。,旅行・観光,2,train
2780,今週は長崎への旅行を計画していると考えている。,旅行・観光,2,train
2781,来月に向けて、Webアプリの設定を見直したいのでメモしておいた。,IT・テクノロジー,0,train
2782,来月に向けて、ランチをもう一度食べたい。,食事・料理,1,train
2783,朝からVS Codeを勉強したいと考えている。,IT・テクノロジー,0,train
2784,朝からテーマパークを観光したいと考えている。,旅行・観光,2,validation
2785,ネットで監督で体を動かしたい。体力づくりにも役立てたい。,スポーツ,3,train
2786,ふと思って、京都でゆっくり過ごしたい。現地のおいしいものも楽しみたい。,旅行・観光,2,train
2787,今日はインフレについてデータを集めていると思っている。,金融・経済,4,test
2788,来月に向けて、AWSを導入したい。,IT・テクノロジー,0,train
2789,今日はピザの店を探している。辛さは控えめにしたい。,食事・料理,1,train
2790,仕事の合間にGoogle Cloudの構成を考えている。初心者でも扱いやすい方法を探している。,IT・テクノロジー,0,train
2791,ネットで奈良へ連休に行く予定だ。交通費を抑えたプランにしたい。,旅行・観光,2,train
2792,休日にルーターの不具合を直したい。,IT・テクノロジー,0,train
2793,友人と話していて、人工知能のログを確認している。初心者でも扱いやすい方法を探している。,IT・テクノロジー,0,validation
2794,少し前から自転車競技の戦術を分析したい。基礎からフォームを見直したい。,スポーツ,3,train
2795,ふと思って、生成AIを高速化したい。予算と性能のバランスも気になる。,IT・テクノロジー,0,train
2796,今日は新幹線でゆっくり過ごしたい！,旅行・観光,2,train
2797,少し前からSSDの設定を見直したい。できれば使いやすいものを選びたい。,IT・テクノロジー,0,test
2798,今日は炒飯を手作りした。,食事・料理,1,train
2799,休日にOSを設定している。,IT・テクノロジー,0,train
2800,ネットで親子丼の人気店を調べているので情報を集めている。,食事・料理,1,train
2801,ネットで賃金についてデータを集めているのでメモしておいた。,金融・経済,4,train
2802,休日に人工知能の設定を見直したい。速度と安定性を重視している。,IT・テクノロジー,0,train
2803,休日にCPUを自動化に使いたい！,IT・テクノロジー,0,test
2804,ゴルフのフォームを改善したい！,スポーツ,3,validation
2805,昨日、資源価格について基本から学びたいので詳しく調べている。,金融・経済,4,test
2806,今週は大阪から帰ってきた！,旅行・観光,2,train
2807,ふと思って、Dockerを開発している。,IT・テクノロジー,0,test
2808,昨日、Copilotを導入したい,IT・テクノロジー,0,train
2809,今日は卓球の大会に出たい。,スポーツ,3,train
2810,休日にテニスのフォームを改善したい。もっと上達する方法を探している。,スポーツ,3,validation
2811,ネットで定期預金の見通しを確認しているのが最近の関心事だ。,金融・経済,4,train
2812,最近、アイスを食べたい,食事・料理,1,train
2813,昨日、クラウドを新しくしたいと考えている。,IT・テクノロジー,0,train
2814,来月に向けて、人工知能を自作してみたい。速度と安定性を重視している。,IT・テクノロジー,0,train
2815,今日はTOPIXの今後が気になる！,金融・経済,4,train
2816,朝から温泉でお土産を買いたい。,旅行・観光,2,test
2817,仕事の合間にサンドイッチのカロリーが気になる。,食事・料理,1,train
2818,ふと思って、日経平均について家計への影響を確認した！,金融・経済,4,train
2819,昨日、展望台の混雑状況が気になる！,旅行・観光,2,train
2820,最近、CPUをアップデートしたいのでメモしておいた。,IT・テクノロジー,0,train
2821,来月に向けて、ホテルで写真を撮りたいのでメモしておいた。,旅行・観光,2,train
2822,仕事の合間にテニスを毎週続けているのでメモしておいた。,スポーツ,3,train
2823,肉料理を昼ごはんに食べた。近くのおいしい店も探している。,食事・料理,1,train
2824,最近、企業業績についてデータを集めている。長期的な傾向を見て判断したい。,金融・経済,4,train
2825,家で予算について制度を調べた。短期的な変動だけで判断しないようにしたい。,金融・経済,4,validation
2826,来月に向けて、長崎へ連休に行く予定だ！,旅行・観光,2,train
2827,仕事の合間に刺身を家族と食べたい。,食事・料理,1,train
2828,今日は大阪の名所を調べている。混雑を避けて回りたい。,旅行・観光,2,test
2829,今日はデフレを比較している。,金融・経済,4,train
2830,今日は天ぷらのおすすめを知りたい。,食事・料理,1,train
2831,朝から試合の大会に出たい。,スポーツ,3,validation
2832,牛丼を昼ごはんに食べた！,食事・料理,1,train
2833,朝から柔道の選手成績を調べている。次の試合も楽しみにしている。,スポーツ,3,validation
2834,最近、原油価格の仕組みを知りたい。数字の背景も理解したい。,金融・経済,4,train
2835,昨日、大阪へ飛行機で向かう！,旅行・観光,2,train
2836,友人と話していて、城への旅行を計画している。,旅行・観光,2,train
2837,朝から監督の選手成績を調べている。選手のプレーを参考にしたい。,スポーツ,3,train
2838,ネットで定期預金について投資判断を考えていると思っている。,金融・経済,4,train
2839,少し前から資産運用をニュース記事で読んだ。,金融・経済,4,test
2840,今日はオムライスを朝食に用意した！,食事・料理,1,train
2841,ふと思って、ランニングが上手くなりたい。,スポーツ,3,train
2842,Jリーグを観戦したい。,スポーツ,3,train
2843,少し前からLinuxの不具合を直したい。仕事でも使える構成にしたい。,IT・テクノロジー,0,train
2844,朝からアプリの容量を増やしたい,IT・テクノロジー,0,train
2845,来月に向けて、得点のルールを調べている。もっと上達する方法を探している。,スポーツ,3,train
2846,最近、カフェの作り方を覚えたい。できれば簡単に作れる方法がいい。,食事・料理,1,train
2847,少し前からバスケットボールの道具を買い替えたい。基礎からフォームを見直したい。,スポーツ,3,validation
2848,今日はAWSの動作が遅い。できれば使いやすいものを選びたい。,IT・テクノロジー,0,train
2849,今週はステーキを食べたい。近くのおいしい店も探している。,食事・料理,1,train
2850,家でプロ野球で記録を伸ばしたい。,スポーツ,3,train
2851,ネットでテニスを練習している！,スポーツ,3,train
2852,LLMの最新版が気になる。新しい機能も試してみたい。,IT・テクノロジー,0,train
2853,朝から札幌を家族で訪れたい。,旅行・観光,2,train
2854,朝からフォームの大会に出たい。無理なく長く続けたい。,スポーツ,3,train
2855,朝から政策金利の見通しを確認している！,金融・経済,4,train
2856,昨日、定食を朝食に用意した。できれば簡単に作れる方法がいい。,食事・料理,1,train
2857,朝からノートパソコンを自作してみたい。初心者でも扱いやすい方法を探している。,IT・テクノロジー,0,train
2858,少し前から資源価格の最新情報を調べている。,金融・経済,4,train
2859,友人と話していて、貯金の変化が気になっている！,金融・経済,4,train
2860,朝から自転車競技を毎週続けている。,スポーツ,3,train
2861,今日は卓球を友人とプレーした。,スポーツ,3,train
2862,今日はボクシングのフォームを改善したい。,スポーツ,3,train
2863,ネットで餃子の作り方を覚えたいので詳しく調べている。,食事・料理,1,train
2864,少し前から京都の旅行プランを作っている！,旅行・観光,2,train
2865,定期預金を毎日チェックしている！,金融・経済,4,train
2866,ふと思って、デスクトップPCでエラーが出た。予算と性能のバランスも気になる。,IT・テクノロジー,0,test
2867,今週は住宅ローンについて経済指標を見ている。数字の背景も理解したい。,金融・経済,4,train
2868,最近、AIの最新版が気になると考えている。,IT・テクノロジー,0,train
2869,東京へ新幹線で行く。家族でも楽しめる場所がいい。,旅行・観光,2,train
2870,最近、マラソンの試合日程を見ている,スポーツ,3,train
2871,昨日、物価への影響を調べている。,金融・経済,4,train
2872,最近、調味料をさっぱり味にしたい。休日にゆっくり楽しみたい。,食事・料理,1,train
2873,最近、賃金の見通しを確認している。,金融・経済,4,test
2874,仕事の合間に一人旅の観光スポットを知りたい！,旅行・観光,2,train
2875,家で貯金を家計簿と一緒に確認している。家計への影響も確認しておきたい。,金融・経済,4,validation
2876,友人と話していて、函館から帰ってきた。,旅行・観光,2,train
2877,休日に保険を長期的に見ている。,金融・経済,4,train
2878,朝から住宅ローンの動きを確認している,金融・経済,4,train
2879,北海道への交通費を調べている。,旅行・観光,2,validation
2880,仕事の合間にキーボードの構成を考えているのでメモしておいた。,IT・テクノロジー,0,train
2881,ネットでシチューの人気店を調べている。,食事・料理,1,train
2882,来月に向けて、モニターの使い方を知りたい。仕事でも使える構成にしたい。,IT・テクノロジー,0,train
2883,休日に広島の旅行プランを作っている！,旅行・観光,2,train
2884,友人と話していて、ローンをニュースで見た！,金融・経済,4,train
2885,今週はバレーの試合日程を見ている！,スポーツ,3,train
2886,最近、ホテルを観光したい。混雑を避けて回りたい。,旅行・観光,2,train
2887,家でリーグ戦のプロ選手を目指しているのが最近の関心事だ。,スポーツ,3,train
2888,今日はSSDを開発していると考えている。,IT・テクノロジー,0,train
2889,朝から筋肉を友人とプレーした！,スポーツ,3,train
2890,家で函館を家族で訪れたい。宿泊先の評判も確認している。,旅行・観光,2,train
2891,最近、広島の混雑状況が気になる。交通費を抑えたプランにしたい。,旅行・観光,2,train
2892,昨日、監督の得点シーンを見返した。,スポーツ,3,train
2893,今週は広島でゆっくり過ごしたい。宿泊先の評判も確認している。,旅行・観光,2,validation
2894,今日は選手が上手くなりたいので情報を集めている。,スポーツ,3,train
2895,デスクトップPCの不具合を直したい。速度と安定性を重視している。,IT・テクノロジー,0,train
2896,ネットで生成AIの設定を見直したい。初心者でも扱いやすい方法を探している。,IT・テクノロジー,0,train
2897,今週は年金について家計への影響を確認した。短期的な変動だけで判断しないようにしたい。,金融・経済,4,train
2898,友人と話していて、ローンの仕組みを知りたい。短期的な変動だけで判断しないようにしたい。,金融・経済,4,train
2899,ふと思って、マラソンを友人とプレーした。次の試合も楽しみにしている。,スポーツ,3,train
2900,来月に向けて、日本銀行を毎日チェックしている。リスクとリターンの両方を考えたい。,金融・経済,4,train
2901,スノーボードのフォームを改善したい。無理なく長く続けたい。,スポーツ,3,test
2902,最近、預金の動きを確認している。,金融・経済,4,train
2903,友人と話していて、経済ニュースについてデータを集めている！,金融・経済,4,train
2904,家でジョギングのプロ選手を目指している。,スポーツ,3,train
2905,朝からジョギングの大会結果に驚いた。,スポーツ,3,train
2906,ふと思って、クラウドを買い替えたい！,IT・テクノロジー,0,train
2907,来月に向けて、決算について経済指標を見ている。短期的な変動だけで判断しないようにしたい。,金融・経済,4,train
2908,友人と話していて、ゴールのスタジアムへ行きたい。,スポーツ,3,validation
2909,生成AIについて学習中だ,IT・テクノロジー,0,train
2910,今週は福岡へ新幹線で行く。現地のおいしいものも楽しみたい。,旅行・観光,2,train
2911,ネットで定期預金について家計への影響を確認したので詳しく調べている。,金融・経済,4,train
2912,昨日、市場を資産形成に活用したい。,金融・経済,4,train
2913,友人と話していて、ホームランの選手を応援している。体力づくりにも役立てたい。,スポーツ,3,train
2914,カフェの材料を買ってきたので情報を集めている。,食事・料理,1,validation
2915,プログラミングを自作してみたいのでメモしておいた。,IT・テクノロジー,0,train
2916,レストランを簡単に作りたい,食事・料理,1,train
2917,朝から円相場が上がっている。,金融・経済,4,test
2918,今週はAWSを勉強したい。速度と安定性を重視している。,IT・テクノロジー,0,train
2919,来月に向けて、サラダのレシピを探している。近くのおいしい店も探している。,食事・料理,1,train
2920,今日はJavaScriptのセキュリティを強化したい。新しい機能も試してみたい。,IT・テクノロジー,0,train
2921,休日に焼肉を朝食に用意した。できれば簡単に作れる方法がいい。,食事・料理,1,train
2922,少し前から円相場を長期的に見ている。,金融・経済,4,train
2923,今週は機械学習について調べている。,IT・テクノロジー,0,train
2924,今日は予算の変化が気になっている。短期的な変動だけで判断しないようにしたい。,金融・経済,4,train
2925,朝から株式を資産形成に活用したいと思っている。,金融・経済,4,train
2926,ふと思って、オリンピックの日本代表が気になる,スポーツ,3,train
2927,今週はスパイスを注文した。休日にゆっくり楽しみたい。,食事・料理,1,train
2928,家で景気の変化が気になっている！,金融・経済,4,train
2929,ネットでファイアウォールをアップデートしたい！,IT・テクノロジー,0,train
2930,カフェを簡単に作りたいと思っている。,食事・料理,1,train
2931,GitHubでコードを管理したい。,IT・テクノロジー,0,train
2932,家でスパイスを食べたい。できれば簡単に作れる方法がいい。,食事・料理,1,train
2933,最近、函館でお土産を買いたい。家族でも楽しめる場所がいい。,旅行・観光,2,train
2934,来月に向けて、保険の変化が気になっているので詳しく調べている。,金融・経済,4,train
2935,今週は競技場を友人とプレーした。体力づくりにも役立てたい。,スポーツ,3,train
2936,ネットで道の駅の混雑状況が気になる。,旅行・観光,2,train
2937,友人と話していて、離島を家族で訪れたい。宿泊先の評判も確認している。,旅行・観光,2,train
2938,為替レートへの影響を調べている。数字の背景も理解したい。,金融・経済,4,train
2939,今週はマラソンの結果を確認したのでメモしておいた。,スポーツ,3,validation
2940,家でVPNがほしいと考えている。,IT・テクノロジー,0,train
2941,ネットで大阪へ週末に出かけると思っている。,旅行・観光,2,train
2942,今週は雇用統計の最新情報を調べている。,金融・経済,4,train
2943,今週は売上が下がっている。,金融・経済,4,train
2944,来月に向けて、札幌へ連休に行く予定だ。,旅行・観光,2,train
2945,最近、美術館で写真を撮りたいと思っている。,旅行・観光,2,train
2946,今週はバレーボールの道具を買い替えたい！,スポーツ,3,train
2947,ふと思って、為替の今後が気になる。,金融・経済,4,train
2948,今週は為替レートについて経済指標を見ている,金融・経済,4,validation
2949,友人と話していて、ステーキに野菜を追加したいのが最近の関心事だ。,食事・料理,1,validation
2950,来月に向けて、うどんを休日に楽しみたい,食事・料理,1,train
2951,来月に向けて、ピザを夕食に作る。値段と量のバランスも気になる。,食事・料理,1,train
2952,友人と話していて、体育館のトレーニングを始めた！,スポーツ,3,train
2953,最近、牛丼を朝食に用意した。できれば簡単に作れる方法がいい。,食事・料理,1,train
2954,休日に京都のホテルを探していると考えている。,旅行・観光,2,train
2955,来月に向けて、オリンピックのフォームを改善したい。次の試合も楽しみにしている。,スポーツ,3,train
2956,朝から陸上で記録を伸ばしたいのが最近の関心事だ。,スポーツ,3,train
2957,ふと思って、フォームの練習メニューを考えているので詳しく調べている。,スポーツ,3,train
2958,来月に向けて、国債について専門家の解説を読んだ。,金融・経済,4,train
2959,昨日、チャットボットを買い替えたい。仕事でも使える構成にしたい。,IT・テクノロジー,0,test
2960,今日は定食を休日に楽しみたい。値段と量のバランスも気になる。,食事・料理,1,test
2961,家で飛行機へ一人旅したいと思っている。,旅行・観光,2,train
2962,最近、雇用統計について専門家の解説を読んだ。長期的な傾向を見て判断したい。,金融・経済,4,train
2963,今日はPCのログを確認している。,IT・テクノロジー,0,train
2964,今日はランチをテイクアウトしたい。家族にも好評な味にしたい。,食事・料理,1,train
2965,友人と話していて、絶景スポットで温泉に入りたいと考えている。,旅行・観光,2,train
2966,最近、機械学習を高速化したい！,IT・テクノロジー,0,train
2967,昨日、カレーを注文したのでメモしておいた。,食事・料理,1,train
2968,来月に向けて、家族旅行の混雑状況が気になる。,旅行・観光,2,train
2969,休日に為替レートについて制度を調べたと考えている。,金融・経済,4,test
2970,ドル円について制度を調べた,金融・経済,4,test
2971,昨日、配当について勉強しているので詳しく調べている。,金融・経済,4,train
2972,今週は市場の最新情報を調べている。長期的な傾向を見て判断したい。,金融・経済,4,train
2973,税金をニュースで見た。短期的な変動だけで判断しないようにしたい。,金融・経済,4,train
2974,朝から陸上を観戦したい。,スポーツ,3,test
2975,鍋料理をお弁当に入れたいと思っている。,食事・料理,1,train
2976,友人と話していて、スノーボードの選手を応援している。体力づくりにも役立てたい。,スポーツ,3,train
2977,友人と話していて、ロードバイクのフォームを改善したい。次の試合も楽しみにしている。,スポーツ,3,train
2978,金融政策が生活費に響いている。,金融・経済,4,train
2979,家で水泳の大会結果に驚いた。体力づくりにも役立てたい。,スポーツ,3,train
2980,友人と話していて、京都の旅館を予約したい。,旅行・観光,2,train
2981,最近、海外旅行の旅館を予約したい,旅行・観光,2,train
2982,家で沖縄を一日で回りたいと思っている。,旅行・観光,2,test
2983,ふと思って、iPadの構成を考えている。,IT・テクノロジー,0,train
2984,来月に向けて、政策金利を毎日チェックしている。,金融・経済,4,train
2985,最近、サーバーをアップデートしたい。,IT・テクノロジー,0,train
2986,仕事の合間に親子丼を冷凍保存したい！,食事・料理,1,train
2987,今日はセキュリティをアップデートしたい。できれば使いやすいものを選びたい。,IT・テクノロジー,0,train
2988,今日はフォームを練習している。,スポーツ,3,train
2989,ネットでNBAの練習試合に参加した。,スポーツ,3,train
2990,今週は旅館への交通費を調べている。交通費を抑えたプランにしたい。,旅行・観光,2,train
2991,少し前からトーナメントの選手成績を調べている。もっと上達する方法を探している。,スポーツ,3,train
2992,少し前から魚料理がおいしかった。休日にゆっくり楽しみたい。,食事・料理,1,test
2993,ネットで新幹線へ一人旅したいので詳しく調べている。,旅行・観光,2,test
2994,今日は焼き魚を簡単に作りたい。近くのおいしい店も探している。,食事・料理,1,train
2995,家で離島へ週末に出かける！,旅行・観光,2,test
2996,仕事の合間に城までの行き方を調べている。混雑を避けて回りたい。,旅行・観光,2,test
2997,少し前から株式について家計への影響を確認した。複数の情報源を比較している。,金融・経済,4,train
2998,SSDを仕事で使いたい。,IT・テクノロジー,0,test
2999,最近、中央銀行が下がっている。,金融・経済,4,train
3000,家で住宅ローンについて勉強している。家計への影響も確認しておきたい。,金融・経済,4,train
3001,ふと思って、福岡へ新幹線で行く。交通費を抑えたプランにしたい。,旅行・観光,2,train
3002,クラウドがほしいのでメモしておいた。,IT・テクノロジー,0,train
3003,最近、練習の練習メニューを考えているので詳しく調べている。,スポーツ,3,train
3004,ふと思って、予算を比較している。家計への影響も確認しておきたい。,金融・経済,4,test
3005,朝からランチをさっぱり味にしたいので情報を集めている。,食事・料理,1,train
3006,今日は原油価格の動きを確認している。,金融・経済,4,train
3007,友人と話していて、定期預金を毎日チェックしている。,金融・経済,4,train
3008,仕事の合間に調味料を家族と食べたい！,食事・料理,1,train
3009,朝から温泉への交通費を調べている。,旅行・観光,2,train
3010,休日に神戸へ飛行機で向かう。混雑を避けて回りたい。,旅行・観光,2,train
3011,来月に向けて、ラグビーの選手を応援している！,スポーツ,3,train
3012,最近、iPadのログを確認している。,IT・テクノロジー,0,train
3013,家でリゾートの景色を見たい。,旅行・観光,2,validation
3014,昨日、チャットボットの使い方を知りたい。できれば使いやすいものを選びたい。,IT・テクノロジー,0,train
3015,ネットでオムライスを友人と食べに行く。休日にゆっくり楽しみたい。,食事・料理,1,train
3016,仕事の合間に道の駅へ飛行機で向かうと思っている。,旅行・観光,2,train
3017,朝から大阪の宿泊費を比較している。混雑を避けて回りたい。,旅行・観光,2,train
3018,最近、温泉を家族で訪れたいのが最近の関心事だ。,旅行・観光,2,validation
3019,来月に向けて、経済ニュースが企業業績に与える影響を調べた。複数の情報源を比較している。,金融・経済,4,test
3020,家でフィギュアスケートの大会に出たいと考えている。,スポーツ,3,train
3021,仕事の合間に京都へ一人旅したい。,旅行・観光,2,train
3022,仕事の合間にキーボードをインストールした。初心者でも扱いやすい方法を探している。,IT・テクノロジー,0,train
3023,休日にルーターを自作してみたい。できれば使いやすいものを選びたい。,IT・テクノロジー,0,test
3024,水族館を一日で回りたい。混雑を避けて回りたい。,旅行・観光,2,train
3025,少し前から家計を長期的に見ている。,金融・経済,4,train
3026,仕事の合間にホームランの観戦チケットを取った。,スポーツ,3,train
3027,今週は日経平均を毎日チェックしている！,金融・経済,4,train
3028,仕事の合間にゴルフの試合日程を見ている。,スポーツ,3,train
3029,少し前から那覇の宿泊費を比較しているのが最近の関心事だ。,旅行・観光,2,train
3030,少し前から景気をニュースで見た。リスクとリターンの両方を考えたい。,金融・経済,4,train
3031,昨日、生成AIについて調べている。速度と安定性を重視している。,IT・テクノロジー,0,train
3032,休日に柔道の選手を応援している。次の試合も楽しみにしている。,スポーツ,3,train
3033,休日にスープを簡単に作りたい。値段と量のバランスも気になる。,食事・料理,1,train
3034,仕事の合間に定食のおすすめを知りたい。辛さは控えめにしたい。,食事・料理,1,train
3035,今週は卓球の結果を確認した。もっと上達する方法を探している。,スポーツ,3,train
3036,ネットで離島から帰ってきた。,旅行・観光,2,train
3037,昨日、海外旅行のおすすめルートを知りたい。混雑を避けて回りたい。,旅行・観光,2,train
3038,家で夕食を注文したと思っている。,食事・料理,1,train
3039,ふと思って、為替について制度を調べたので詳しく調べている。,金融・経済,4,train
3040,配当について基本から学びたい。,金融・経済,4,train
3041,ふと思って、レシピの人気店を調べている。,食事・料理,1,train
3042,朝から投資信託を資産形成に活用したい。複数の情報源を比較している。,金融・経済,4,train
3043,少し前からリーグ戦で体を動かしたいので情報を集めている。,スポーツ,3,train
3044,昨日、FRBについて専門家の解説を読んだ。,金融・経済,4,train
3045,最近、肉料理を友人と食べに行くのが最近の関心事だ。,食事・料理,1,train
3046,休日にGDPの推移をグラフで見ている。,金融・経済,4,train
3047,昨日、バレーボールを練習している。次の試合も楽しみにしている。,スポーツ,3,train
3048,朝からOSの設定を見直したい。仕事でも使える構成にしたい。,IT・テクノロジー,0,train
3049,朝から筋肉の練習メニューを考えている。,スポーツ,3,train
3050,調味料を友人と食べに行く。,食事・料理,1,train
3051,朝からゲーミングPCでツールを作りたい。,IT・テクノロジー,0,train
3052,休日にアプリを高速化したいので情報を集めている。,IT・テクノロジー,0,test
3053,今週はプロ野球を友人とプレーしたと考えている。,スポーツ,3,train
3054,家で北海道を観光したい。家族でも楽しめる場所がいい。,旅行・観光,2,train
3055,朝からパスタの店を探している。,食事・料理,1,train
3056,来月に向けて、税金をニュースで見た。複数の情報源を比較している。,金融・経済,4,train
3057,来月に向けて、天ぷらを辛めに作りたいと考えている。,食事・料理,1,validation
3058,ネットで城へ連休に行く予定だ！,旅行・観光,2,train
3059,最近、体育館の観戦チケットを取った。,スポーツ,3,train
3060,休日に投資について専門家の解説を読んだ。,金融・経済,4,train
3061,今日は水族館へ連休に行く予定だので詳しく調べている。,旅行・観光,2,train
3062,今週は一人旅のホテルを探しているので情報を集めている。,旅行・観光,2,train
3063,少し前から一人旅を観光したい。現地のおいしいものも楽しみたい。,旅行・観光,2,train
3064,ふと思って、LLMのログを確認している！,IT・テクノロジー,0,train
3065,家でチャットボットを業務に活用したいので詳しく調べている。,IT・テクノロジー,0,train
3066,来月に向けて、Windowsを新しくしたい。速度と安定性を重視している。,IT・テクノロジー,0,train
3067,来月に向けて、東京で観光案内を見ている。宿泊先の評判も確認している。,旅行・観光,2,train
3068,少し前からチャットボットの不具合を直したい。予算と性能のバランスも気になる。,IT・テクノロジー,0,train
3069,ふと思って、筋トレの戦術を分析したいので情報を集めている。,スポーツ,3,train
3070,朝から仙台のホテルを探している。宿泊先の評判も確認している。,旅行・観光,2,train
3071,昨日、消費税が企業業績に与える影響を調べたと思っている。,金融・経済,4,train
3072,朝から筋トレの大会をテレビで見たので詳しく調べている。,スポーツ,3,validation
3073,仕事の合間にホテルで観光案内を見ている,旅行・観光,2,validation
3074,旅行費用でゆっくり過ごしたいので詳しく調べている。,旅行・観光,2,train
3075,今週は預金のリスクを考えているので詳しく調べている。,金融・経済,4,train
3076,昨日、バレーボールの観戦チケットを取った！,スポーツ,3,train
3077,朝から温泉の景色を見たい！,旅行・観光,2,train
3078,最近、うどんを食べ比べたいので詳しく調べている。,食事・料理,1,train
3079,今日はランニングのトレーニングを始めた！,スポーツ,3,train
3080,ジョギングの日本代表が気になるのが最近の関心事だ。,スポーツ,3,train
3081,朝から選手の選手を応援している。無理なく長く続けたい。,スポーツ,3,train
3082,ふと思って、温泉街へ連休に行く予定だ。家族でも楽しめる場所がいい。,旅行・観光,2,train
3083,仕事の合間に宿泊の景色を見たいので情報を集めている。,旅行・観光,2,validation
3084,野球のチームに入りたい。,スポーツ,3,train
3085,ネットでパンの作り方を覚えたい。,食事・料理,1,validation
3086,来月に向けて、魚料理を友人と食べに行く！,食事・料理,1,train
3087,ネットで政策金利を家計簿と一緒に確認している,金融・経済,4,train
3088,家族旅行のホテルを探しているのでメモしておいた。,旅行・観光,2,train
3089,来月に向けて、調味料をお弁当に入れたいので情報を集めている。,食事・料理,1,train
3090,仕事の合間に大会で体を動かしたい。無理なく長く続けたい。,スポーツ,3,train
3091,休日にローンが下がっているのでメモしておいた。,金融・経済,4,train
3092,最近、道の駅でゆっくり過ごしたいのでメモしておいた。,旅行・観光,2,train
3093,朝からJavaScriptを勉強したい。,IT・テクノロジー,0,train
3094,休日にレストランを昼ごはんに食べた。,食事・料理,1,train
3095,昨日、焼肉のおすすめを知りたい。辛さは控えめにしたい。,食事・料理,1,test
3096,最近、観光地へ新幹線で行く。混雑を避けて回りたい。,旅行・観光,2,train
3097,レンタカーを家族で訪れたい！,旅行・観光,2,validation
3098,休日に那覇から帰ってきた。,旅行・観光,2,test
3099,ふと思って、家族旅行から帰ってきた,旅行・観光,2,train
3100,少し前から経済ニュースについて勉強している。複数の情報源を比較している。,金融・経済,4,train
3101,最近、レストランに合う調味料を知りたい。休日にゆっくり楽しみたい。,食事・料理,1,train
3102,最近、決算の予測を確認している。リスクとリターンの両方を考えたい。,金融・経済,4,validation
3103,今週は賃金を毎日チェックしている。,金融・経済,4,validation
3104,マラソンのプロ選手を目指していると考えている。,スポーツ,3,train
3105,休日に仙台の宿泊費を比較している,旅行・観光,2,train
3106,少し前から寿司を辛めに作りたい！,食事・料理,1,test
3107,友人と話していて、東京で観光案内を見ている。移動時間をなるべく短くしたい。,旅行・観光,2,validation
3108,今週は那覇から帰ってきたと思っている。,旅行・観光,2,train
3109,今日はスタジアムを週末に楽しんでいると思っている。,スポーツ,3,train
3110,休日に競技場で汗を流した。もっと上達する方法を探している。,スポーツ,3,train
3111,家でテニスのスタジアムへ行きたい。選手のプレーを参考にしたい。,スポーツ,3,train
3112,休日に金利が下がっているので情報を集めている。,金融・経済,4,test
3113,FRBの推移をグラフで見ている。,金融・経済,4,validation
3114,今週はプリンに合う調味料を知りたい。,食事・料理,1,test
3115,ネットでPCのセキュリティを強化したい。予算と性能のバランスも気になる。,IT・テクノロジー,0,train
3116,休日にホームランの得点シーンを見返した。体力づくりにも役立てたい。,スポーツ,3,train
3117,今日は京都へ新幹線で行く。混雑を避けて回りたい。,旅行・観光,2,train
3118,配当をニュース記事で読んだ。複数の情報源を比較している。,金融・経済,4,test
3119,ふと思って、資産運用を資産形成に活用したい。,金融・経済,4,train
3120,休日に筋肉のトレーニングを始めた。次の試合も楽しみにしている。,スポーツ,3,train
3121,少し前からPythonの容量を増やしたい。,IT・テクノロジー,0,train
3122,最近、北海道の観光スポットを知りたい！,旅行・観光,2,train
3123,休日にプリンを夕食に作ると思っている。,食事・料理,1,train
3124,ふと思って、NBAの観戦チケットを取った。無理なく長く続けたい。,スポーツ,3,train
3125,休日に天ぷらを手作りしたのでメモしておいた。,食事・料理,1,test
3126,休日に家族旅行の観光スポットを知りたい。現地のおいしいものも楽しみたい。,旅行・観光,2,train
3127,今日は水泳のルールを調べている。次の試合も楽しみにしている。,スポーツ,3,train
3128,朝からオムライスを食べ比べたい。家族にも好評な味にしたい。,食事・料理,1,validation
3129,仕事の合間にお土産の旅館を予約したい。,旅行・観光,2,train
3130,昨日、ラーメンの材料を買ってきた。休日にゆっくり楽しみたい。,食事・料理,1,train
3131,最近、ボクシングの道具を買い替えたい。基礎からフォームを見直したい。,スポーツ,3,train
3132,最近、自転車競技を観戦したいので詳しく調べている。,スポーツ,3,train
3133,友人と話していて、ラグビーの大会結果に驚いた！,スポーツ,3,train
3134,ふと思って、税金を毎日チェックしている！,金融・経済,4,train
3135,今日はサッカーを週末に楽しんでいる！,スポーツ,3,train
3136,休日に動物園でお土産を買いたい。交通費を抑えたプランにしたい。,旅行・観光,2,validation
3137,友人と話していて、賃金を家計簿と一緒に確認している。,金融・経済,4,train
3138,ふと思って、チャットボットの動作が遅い。速度と安定性を重視している。,IT・テクノロジー,0,validation
3139,今日はマラソンの選手成績を調べている。体力づくりにも役立てたい。,スポーツ,3,train
3140,ふと思って、クラウドを自動化に使いたい。,IT・テクノロジー,0,train
3141,ふと思って、競技場の大会をテレビで見た！,スポーツ,3,test
3142,ネットで京都のホテルを探している,旅行・観光,2,validation
3143,家でロードバイクの観戦チケットを取ったと思っている。,スポーツ,3,train
3144,仕事の合間に金沢の名所を調べている。宿泊先の評判も確認している。,旅行・観光,2,train
3145,今日は賃金について基本から学びたいのでメモしておいた。,金融・経済,4,train
3146,来月に向けて、投資の最新情報を調べている。短期的な変動だけで判断しないようにしたい。,金融・経済,4,train
3147,仕事の合間に広島で写真を撮りたい。,旅行・観光,2,train
3148,友人と話していて、日本銀行への影響を調べている。家計への影響も確認しておきたい。,金融・経済,4,validation
3149,焼き魚のカロリーが気になるので情報を集めている。,食事・料理,1,train
3150,ネットで大阪を観光したいのが最近の関心事だ。,旅行・観光,2,train
3151,ふと思って、パソコンを仕事で使いたい。,IT・テクノロジー,0,validation
3152,国債の動向に注目しているのが最近の関心事だ。,金融・経済,4,train
3153,休日に投資について専門家の解説を読んだ。家計への影響も確認しておきたい。,金融・経済,4,train
3154,朝から動物園で写真を撮りたい。交通費を抑えたプランにしたい。,旅行・観光,2,train
3155,昨日、バレーの選手を応援している。,スポーツ,3,train
3156,最近、JavaScriptの容量を増やしたいのが最近の関心事だ。,IT・テクノロジー,0,train
3157,朝から親子丼を注文したので詳しく調べている。,食事・料理,1,train
3158,今日はゴルフの選手成績を調べている。無理なく長く続けたい。,スポーツ,3,train
3159,今週はケーキのおすすめを知りたい。,食事・料理,1,test
3160,仕事の合間にレスリングの試合日程を見ている。もっと上達する方法を探している。,スポーツ,3,train
3161,展望台で写真を撮りたいので詳しく調べている。,旅行・観光,2,train
3162,今日はテニスで記録を伸ばしたい。,スポーツ,3,train
3163,福岡の景色を見たい！,旅行・観光,2,train
3164,家で為替レートをニュースで見た。複数の情報源を比較している。,金融・経済,4,train
3165,ふと思って、肉料理を友人と食べに行く。家族にも好評な味にしたい。,食事・料理,1,train
3166,休日にインフレを長期的に見ている。家計への影響も確認しておきたい。,金融・経済,4,test
3167,来月に向けて、寺で温泉に入りたい。家族でも楽しめる場所がいい。,旅行・観光,2,train
3168,今日は陸上の選手成績を調べている。,スポーツ,3,train
3169,最近、配当の今後が気になる。長期的な傾向を見て判断したい。,金融・経済,4,train
3170,家で大阪の旅館を予約したいので情報を集めている。,旅行・観光,2,train
3171,来月に向けて、旅行費用へ飛行機で向かう。,旅行・観光,2,train
3172,今日は北海道を家族で訪れたいのが最近の関心事だ。,旅行・観光,2,train
3173,朝から温泉街を家族で訪れたい！,旅行・観光,2,train
3174,コーヒーを朝食に用意した。,食事・料理,1,train
3175,最近、Wi-Fiについて調べている。,IT・テクノロジー,0,train
3176,少し前から旅館でゆっくり過ごしたいのが最近の関心事だ。,旅行・観光,2,train
3177,最近、海で食べ歩きしたい。,旅行・観光,2,train
3178,今日は飛行機の混雑状況が気になる！,旅行・観光,2,train
3179,今週はオリンピックの大会結果に驚いた,スポーツ,3,train
3180,最近、筋肉の得点シーンを見返したのが最近の関心事だ。,スポーツ,3,train
3181,ネットでFRBについて経済指標を見ているので詳しく調べている。,金融・経済,4,train
3182,家で夕食を友人と食べに行く。できれば簡単に作れる方法がいい。,食事・料理,1,train
3183,来月に向けて、柔道の選手成績を調べている。体力づくりにも役立てたい。,スポーツ,3,train
3184,来月に向けて、ローンについてデータを集めている。,金融・経済,4,train
3185,昨日、賃金を家計簿と一緒に確認している！,金融・経済,4,train
3186,休日にファイアウォールでエラーが出たのでメモしておいた。,IT・テクノロジー,0,train
3187,今日は預金についてデータを集めている,金融・経済,4,train
3188,家でVPNの性能を比較したい。新しい機能も試してみたい。,IT・テクノロジー,0,train
3189,ふと思って、仙台へ一人旅したい。,旅行・観光,2,train
3190,朝から博物館から帰ってきた,旅行・観光,2,train
3191,ふと思って、金利の動向に注目している。リスクとリターンの両方を考えたい。,金融・経済,4,validation
3192,休日に城を観光したい。,旅行・観光,2,train
3193,仕事の合間にレストランをもう一度食べたい,食事・料理,1,train
3194,友人と話していて、年金への影響を調べている。,金融・経済,4,train
3195,景気を資産形成に活用したい。リスクとリターンの両方を考えたい。,金融・経済,4,train
3196,ネットでルーターを自作してみたい。,IT・テクノロジー,0,train
3197,今週はバックアップを仕事で使いたい。初心者でも扱いやすい方法を探している。,IT・テクノロジー,0,train
3198,仕事の合間に原油価格をニュース記事で読んだ。リスクとリターンの両方を考えたい。,金融・経済,4,train
3199,休日に焼き魚をもう一度食べたい。,食事・料理,1,validation
3200,今日は観光バスへ飛行機で向かう！,旅行・観光,2,train
3201,少し前からプログラミングのセキュリティを強化したい！,IT・テクノロジー,0,train
3202,友人と話していて、紅茶を手作りしたと考えている。,食事・料理,1,train
3203,今週は日本代表を週末に楽しんでいる。基礎からフォームを見直したい。,スポーツ,3,train
3204,休日にたこ焼きを夕食に作る,食事・料理,1,train
3205,家でサッカーの選手を応援している。,スポーツ,3,validation
3206,ネットでルーターを仕事で使いたい。,IT・テクノロジー,0,train
3207,休日に居酒屋をテイクアウトしたい！,食事・料理,1,train
3208,友人と話していて、所得税について家計への影響を確認した！,金融・経済,4,train
3209,ふと思って、観光バスの混雑状況が気になる。宿泊先の評判も確認している。,旅行・観光,2,train
3210,来月に向けて、OSの使い方を知りたい。,IT・テクノロジー,0,train
3211,朝からサンドイッチを辛めに作りたいので詳しく調べている。,食事・料理,1,train
3212,今日は雇用統計の最新情報を調べている。,金融・経済,4,train
3213,家で賃金の変化が気になっている。,金融・経済,4,validation
3214,朝からシチューを食べたい。できれば簡単に作れる方法がいい。,食事・料理,1,test
3215,仕事の合間に道の駅で観光案内を見ている,旅行・観光,2,train
3216,朝から函館でお土産を買いたい。現地のおいしいものも楽しみたい。,旅行・観光,2,test
3217,来月に向けて、キャンプ場で食べ歩きしたい。,旅行・観光,2,validation
3218,友人と話していて、Windowsについて調べている。速度と安定性を重視している。,IT・テクノロジー,0,test
3219,温泉への旅行を計画している。混雑を避けて回りたい。,旅行・観光,2,train
3220,休日にバドミントンの選手を応援している。もっと上達する方法を探している。,スポーツ,3,train
3221,来月に向けて、フィギュアスケートで記録を伸ばしたい。,スポーツ,3,train
3222,今日はキーボードを導入したい。新しい機能も試してみたい。,IT・テクノロジー,0,train
3223,ふと思って、Copilotを勉強したい。,IT・テクノロジー,0,train
3224,ネットでプロ野球の道具を買い替えたい。体力づくりにも役立てたい。,スポーツ,3,train
3225,仕事の合間に北海道へ週末に出かけると考えている。,旅行・観光,2,test
3226,朝から展望台の宿泊費を比較している。,旅行・観光,2,test
3227,休日に野球で記録を伸ばしたいのでメモしておいた。,スポーツ,3,train
3228,来月に向けて、焼き魚の作り方を覚えたいのでメモしておいた。,食事・料理,1,train
3229,ゲーミングPCの性能を比較したいと考えている。,IT・テクノロジー,0,validation
3230,少し前からVS Codeのセキュリティを強化したい！,IT・テクノロジー,0,train
3231,仕事の合間に貯金を毎日チェックしているので情報を集めている。,金融・経済,4,train
3232,仕事の合間にハンバーグの材料を買ってきた。,食事・料理,1,train
3233,朝からTOPIXの仕組みを知りたい。,金融・経済,4,train
3234,友人と話していて、レストランの盛り付けを工夫したので詳しく調べている。,食事・料理,1,train
3235,Azureを接続したい,IT・テクノロジー,0,train
3236,仕事の合間に道の駅の旅行プランを作っている！,旅行・観光,2,train
3237,今日は予算の動向に注目しているので詳しく調べている。,金融・経済,4,train
3238,昨日、人工知能を試してみたい。,IT・テクノロジー,0,train
3239,今週はAIを高速化したい。,IT・テクノロジー,0,train
3240,休日に山へ新幹線で行く。,旅行・観光,2,train
3241,最近、旅行の宿泊費を比較している。移動時間をなるべく短くしたい。,旅行・観光,2,train
3242,朝からリゾートへ一人旅したい。現地のおいしいものも楽しみたい。,旅行・観光,2,train
3243,仕事の合間にLinuxを導入したい。速度と安定性を重視している。,IT・テクノロジー,0,train
3244,来月に向けて、一人旅をレンタカーで巡りたい。,旅行・観光,2,train
3245,朝からたこ焼きのレシピを探している。辛さは控えめにしたい。,食事・料理,1,train
3246,寺の旅館を予約したいのでメモしておいた。,旅行・観光,2,train
3247,ネットで機械学習をインストールしたので詳しく調べている。,IT・テクノロジー,0,train
3248,休日にPythonを買い替えたいので詳しく調べている。,IT・テクノロジー,0,validation
3249,昨日、AIを開発していると考えている。,IT・テクノロジー,0,train
3250,来月に向けて、札幌への交通費を調べていると思っている。,旅行・観光,2,validation
3251,東京で食べ歩きしたい。,旅行・観光,2,train
3252,休日にOSを自作してみたい,IT・テクノロジー,0,train
3253,友人と話していて、クラウドの最新版が気になる。新しい機能も試してみたい。,IT・テクノロジー,0,train
3254,今週は宿泊で観光案内を見ている。,旅行・観光,2,train
3255,今日はおにぎりを注文した。休日にゆっくり楽しみたい。,食事・料理,1,train
3256,ふと思って、バックアップを仕事で使いたい。,IT・テクノロジー,0,train
3257,来月に向けて、家計について勉強している！,金融・経済,4,train
3258,友人と話していて、ラグビーのフォームを改善したいので詳しく調べている。,スポーツ,3,train
3259,今日は賃金の推移をグラフで見ている。家計への影響も確認しておきたい。,金融・経済,4,train
3260,休日に野球の大会に出たいと考えている。,スポーツ,3,train
3261,家でデスクトップPCについて学習中だのでメモしておいた。,IT・テクノロジー,0,train
3262,休日にタブレットでツールを作りたい。仕事でも使える構成にしたい。,IT・テクノロジー,0,train
3263,今日は消費税についてデータを集めている。長期的な傾向を見て判断したい。,金融・経済,4,train
3264,最近、得点を友人とプレーしたと考えている。,スポーツ,3,train
3265,ふと思って、道の駅へ新幹線で行く。家族でも楽しめる場所がいい。,旅行・観光,2,train
3266,ふと思って、城へ週末に出かける。家族でも楽しめる場所がいい。,旅行・観光,2,train
3267,家でSQLの容量を増やしたいと考えている。,IT・テクノロジー,0,train
3268,家でゴールで体を動かしたい。基礎からフォームを見直したい。,スポーツ,3,test
3269,今週は親子丼を夕食に作る。休日にゆっくり楽しみたい。,食事・料理,1,train
3270,仕事の合間に調味料を昼ごはんに食べた。,食事・料理,1,validation
3271,今週は寿司を夕食に作ると考えている。,食事・料理,1,validation
3272,ふと思って、おにぎりがおいしかったと思っている。,食事・料理,1,train
3273,ふと思って、日本代表のルールを調べていると思っている。,スポーツ,3,validation
3274,最近、レンタカーで温泉に入りたい！,旅行・観光,2,train
3275,最近、水泳のプロ選手を目指しているので詳しく調べている。,スポーツ,3,train
3276,今日はカフェを食べ比べたいと思っている。,食事・料理,1,train
3277,ふと思って、バスケットボールが上手くなりたい。,スポーツ,3,train
3278,最近、剣道を友人とプレーした！,スポーツ,3,test
3279,今日はコンテナの設定を見直したい。,IT・テクノロジー,0,train
3280,朝から賃金について基本から学びたい！,金融・経済,4,train
3281,今週はAPIの設定を見直したい,IT・テクノロジー,0,train
3282,昨日、宿泊を家族で訪れたい。,旅行・観光,2,train
3283,昨日、市場を資産形成に活用したいと思っている。,金融・経済,4,train
3284,Windowsを高速化したい。,IT・テクノロジー,0,train
3285,来月に向けて、一人旅のおすすめルートを知りたいと思っている。,旅行・観光,2,test
3286,ふと思って、投資信託が下がっている。家計への影響も確認しておきたい。,金融・経済,4,train
3287,休日に予算の予測を確認している。数字の背景も理解したい。,金融・経済,4,train
3288,今週は金融政策が企業業績に与える影響を調べた！,金融・経済,4,train
3289,今日はスマートフォンでエラーが出た。,IT・テクノロジー,0,train
3290,海の景色を見たい。交通費を抑えたプランにしたい。,旅行・観光,2,train
3291,家でコーヒーの作り方を覚えたい,食事・料理,1,train
3292,少し前からリゾートのおすすめルートを知りたいのでメモしておいた。,旅行・観光,2,train
3293,休日にアプリを新しくしたい。予算と性能のバランスも気になる。,IT・テクノロジー,0,train
3294,仕事の合間にお土産を観光したい。家族でも楽しめる場所がいい。,旅行・観光,2,train
3295,来月に向けて、テーマパークへ新幹線で行くのが最近の関心事だ。,旅行・観光,2,train
3296,友人と話していて、財政が下がっている。長期的な傾向を見て判断したい。,金融・経済,4,test
3297,家でハンバーグの盛り付けを工夫した。できれば簡単に作れる方法がいい。,食事・料理,1,train
3298,朝から為替の仕組みを知りたい！,金融・経済,4,validation
3299,温泉街で観光案内を見ている。混雑を避けて回りたい。,旅行・観光,2,train
3300,今週は旅行の旅館を予約したいのでメモしておいた。,旅行・観光,2,train
3301,家でAIの設定を見直したいので詳しく調べている。,IT・テクノロジー,0,train
3302,朝から選手のチームに入りたいと考えている。,スポーツ,3,train
3303,今週はステーキを友人と食べに行く。,食事・料理,1,train
3304,来月に向けて、トレーニングのチームに入りたい。無理なく長く続けたい。,スポーツ,3,train
3305,ネットで柔道が上手くなりたい。,スポーツ,3,train
3306,友人と話していて、SQLの設定を見直したい。,IT・テクノロジー,0,test
3307,朝からWebアプリを設定している。新しい機能も試してみたい。,IT・テクノロジー,0,train
3308,家で函館のホテルを探しているのが最近の関心事だ。,旅行・観光,2,train
3309,来月に向けて、筋肉の練習メニューを考えている。無理なく長く続けたい。,スポーツ,3,train
3310,家で為替の動向に注目している。,金融・経済,4,train
3311,昨日、タブレットについて学習中だ。,IT・テクノロジー,0,train
3312,今日は動物園でゆっくり過ごしたいと考えている。,旅行・観光,2,validation
3313,朝から福岡を家族で訪れたい,旅行・観光,2,train
3314,家で卓球を練習している！,スポーツ,3,train
3315,家で原油価格についてデータを集めているので詳しく調べている。,金融・経済,4,train
3316,少し前からiPadを接続したい。予算と性能のバランスも気になる。,IT・テクノロジー,0,train
3317,ふと思って、税金の動きを確認している。家計への影響も確認しておきたい。,金融・経済,4,train
3318,少し前からマウスでツールを作りたい。,IT・テクノロジー,0,train
3319,債券を比較している。,金融・経済,4,test
3320,友人と話していて、テニスの結果を確認した。,スポーツ,3,train
3321,今週はキャンプ場までの行き方を調べているので情報を集めている。,旅行・観光,2,train
3322,最近、スパイスのカロリーが気になる,食事・料理,1,train
3323,OSでツールを作りたい。仕事でも使える構成にしたい。,IT・テクノロジー,0,train
3324,仕事の合間にJリーグのチームに入りたい。体力づくりにも役立てたい。,スポーツ,3,validation
3325,友人と話していて、プログラミングの不具合を直したい。仕事でも使える構成にしたい。,IT・テクノロジー,0,train
3326,今週は夕食の材料を買ってきた。休日にゆっくり楽しみたい。,食事・料理,1,train
3327,今日はパスタのおすすめを知りたい。,食事・料理,1,train
3328,休日にドル円について経済指標を見ている。複数の情報源を比較している。,金融・経済,4,train
3329,来月に向けて、サッカーの試合日程を見ている。基礎からフォームを見直したい。,スポーツ,3,train
3330,仕事の合間に柔道の大会をテレビで見たので詳しく調べている。,スポーツ,3,train
3331,友人と話していて、投資の最新情報を調べていると思っている。,金融・経済,4,train
3332,朝からGDPについて経済指標を見ている。家計への影響も確認しておきたい。,金融・経済,4,test
3333,少し前から焼き魚の店を探している。,食事・料理,1,train
3334,今週はシチューを食べ比べたい。,食事・料理,1,train
3335,今日は東京への交通費を調べている,旅行・観光,2,test
3336,広島を観光したいので情報を集めている。,旅行・観光,2,train
3337,今日はホームランで体を動かしたい。,スポーツ,3,train
3338,仕事の合間にピザのカロリーが気になる。家族にも好評な味にしたい。,食事・料理,1,train
3339,ふと思って、経済ニュースを長期的に見ていると考えている。,金融・経済,4,train
3340,昨日、iPadでエラーが出たと考えている。,IT・テクノロジー,0,test
3341,練習で体を動かしたい。,スポーツ,3,train
3342,少し前から税金についてデータを集めている。家計への影響も確認しておきたい。,金融・経済,4,train
3343,昨日、競技場の大会結果に驚いた。体力づくりにも役立てたい。,スポーツ,3,train
3344,家で企業業績をニュース記事で読んだ。短期的な変動だけで判断しないようにしたい。,金融・経済,4,train
3345,朝からiPadがほしいのでメモしておいた。,IT・テクノロジー,0,train
3346,朝からスマホの動作が遅いのが最近の関心事だ。,IT・テクノロジー,0,train
3347,友人と話していて、クレジットカードが上がっているのでメモしておいた。,金融・経済,4,train
3348,友人と話していて、バスケットボールで汗を流した。選手のプレーを参考にしたい。,スポーツ,3,train
3349,友人と話していて、為替レートについて経済指標を見ている。,金融・経済,4,train
3350,休日にパスタを家族と食べたい。家族にも好評な味にしたい。,食事・料理,1,test
3351,今日は企業業績の動きを確認している。長期的な傾向を見て判断したい。,金融・経済,4,train
3352,最近、剣道の大会結果に驚いた,スポーツ,3,train
3353,朝からタブレットの性能を比較したいと考えている。,IT・テクノロジー,0,train
3354,ふと思って、予算を比較していると考えている。,金融・経済,4,train
3355,昨日、野球のスタジアムへ行きたい,スポーツ,3,train
3356,家で予算を比較している。数字の背景も理解したい。,金融・経済,4,train
3357,少し前からAWSのログを確認している。仕事でも使える構成にしたい。,IT・テクノロジー,0,train
3358,最近、GDPを家計簿と一緒に確認しているので詳しく調べている。,金融・経済,4,test
3359,仕事の合間にスポーツ観戦を週末に楽しんでいると考えている。,スポーツ,3,train
3360,来月に向けて、プログラミングを仕事で使いたいので情報を集めている。,IT・テクノロジー,0,train
3361,朝からキーボードの設定を見直したい。,IT・テクノロジー,0,train
3362,ネットでOSを新しくしたいので情報を集めている。,IT・テクノロジー,0,train
3363,朝から資源価格について専門家の解説を読んだと思っている。,金融・経済,4,test
3364,ネットでバドミントンの選手を応援している。,スポーツ,3,train
3365,ふと思って、体操のルールを調べていると考えている。,スポーツ,3,train
3366,朝からパソコンのセキュリティを強化したい。予算と性能のバランスも気になる。,IT・テクノロジー,0,train
3367,ふと思って、日本代表の練習メニューを考えている。,スポーツ,3,train
3368,今日は唐揚げのレシピを探している。,食事・料理,1,train
3369,昨日、住宅ローンについて制度を調べた。数字の背景も理解したい。,金融・経済,4,train
3370,サンドイッチを簡単に作りたい。,食事・料理,1,train
3371,今日は空港の景色を見たいので詳しく調べている。,旅行・観光,2,train
3372,家で配当が下がっているのでメモしておいた。,金融・経済,4,train
3373,家で卓球のプロ選手を目指している。基礎からフォームを見直したい。,スポーツ,3,validation
3374,今日は監督の観戦チケットを取った。,スポーツ,3,train
3375,友人と話していて、那覇の名所を調べている。移動時間をなるべく短くしたい。,旅行・観光,2,validation
3376,昨日、バドミントンの試合日程を見ている！,スポーツ,3,train
3377,ふと思って、貯金の動きを確認している。長期的な傾向を見て判断したい。,金融・経済,4,train
3378,今週は調味料に野菜を追加したい。家族にも好評な味にしたい。,食事・料理,1,train
3379,休日にハンバーグを友人と食べに行く。辛さは控えめにしたい。,食事・料理,1,train
3380,友人と話していて、美術館へ一人旅したい。混雑を避けて回りたい。,旅行・観光,2,test
3381,来月に向けて、アプリについて学習中だのが最近の関心事だ。,IT・テクノロジー,0,train
3382,ふと思って、PCでツールを作りたい。新しい機能も試してみたい。,IT・テクノロジー,0,train
3383,朝からDockerを新しくしたいので情報を集めている。,IT・テクノロジー,0,validation
3384,朝から陸上の大会をテレビで見た！,スポーツ,3,train
3385,旅行費用で温泉に入りたい。,旅行・観光,2,train
3386,今日は野菜の味付けを工夫したい。,食事・料理,1,validation
3387,少し前から天ぷらを昼ごはんに食べた。,食事・料理,1,train
3388,友人と話していて、消費税について勉強している。数字の背景も理解したい。,金融・経済,4,train
3389,少し前から旅行へ一人旅したい。,旅行・観光,2,train
3390,少し前から株式について勉強しているのでメモしておいた。,金融・経済,4,train
3391,少し前から家計を長期的に見ている！,金融・経済,4,validation
3392,今日はコーヒーを食べたい。,食事・料理,1,train
3393,昨日、炒飯に合う調味料を知りたい。休日にゆっくり楽しみたい。,食事・料理,1,train
3394,少し前から野菜を注文した。休日にゆっくり楽しみたい。,食事・料理,1,train
3395,ふと思って、テニスで汗を流した。選手のプレーを参考にしたい。,スポーツ,3,train
3396,来月に向けて、ランチに合う調味料を知りたい,食事・料理,1,train
3397,ふと思って、家計を比較している！,金融・経済,4,train
3398,仕事の合間にサンドイッチの盛り付けを工夫した。,食事・料理,1,train
3399,ネットでシーフードの人気店を調べている。,食事・料理,1,test
3400,今日は利益を長期的に見ているので詳しく調べている。,金融・経済,4,validation
3401,最近、旅行を家族で訪れたいのが最近の関心事だ。,旅行・観光,2,train
3402,休日に住宅ローンの動きを確認していると思っている。,金融・経済,4,train
3403,少し前からWebアプリの最新版が気になる。できれば使いやすいものを選びたい。,IT・テクノロジー,0,train
3404,最近、PCのログを確認していると思っている。,IT・テクノロジー,0,train
3405,今週は市場についてデータを集めているのでメモしておいた。,金融・経済,4,train
3406,友人と話していて、餃子に野菜を追加したい。,食事・料理,1,train
3407,今週は金融政策が下がっている。長期的な傾向を見て判断したい。,金融・経済,4,train
3408,今週は資源価格の仕組みを知りたい。リスクとリターンの両方を考えたい。,金融・経済,4,train
3409,今週はバレーボールの試合を見た！,スポーツ,3,validation
3410,ネットで味噌汁のカロリーが気になる,食事・料理,1,train
3411,ふと思って、Dockerの構成を考えているのが最近の関心事だ。,IT・テクノロジー,0,train
3412,ネットで夕食を作りたい。,食事・料理,1,train
3413,今日は売上をニュースで見た。,金融・経済,4,train
3414,今日は大阪への旅行を計画している。,旅行・観光,2,train
3415,ふと思って、スタジアムの試合日程を見ているので情報を集めている。,スポーツ,3,train
3416,最近、バックアップのログを確認していると思っている。,IT・テクノロジー,0,validation
3417,仕事の合間に金沢の混雑状況が気になる。,旅行・観光,2,test
3418,家でプロ野球の結果を確認した,スポーツ,3,train
3419,家で観光地へ飛行機で向かうと思っている。,旅行・観光,2,train
3420,今週は家計の予測を確認している。数字の背景も理解したい。,金融・経済,4,train
3421,昨日、旅行で写真を撮りたいのでメモしておいた。,旅行・観光,2,train
3422,刺身をお弁当に入れたいと思っている。,食事・料理,1,train
3423,仕事の合間にステーキをさっぱり味にしたいと思っている。,食事・料理,1,train
3424,陸上のスタジアムへ行きたい。,スポーツ,3,train
3425,朝から離島へ飛行機で向かう！,旅行・観光,2,train
3426,GitHubの動作が遅い。仕事でも使える構成にしたい。,IT・テクノロジー,0,train
3427,ロードバイクの道具を買い替えたいので詳しく調べている。,スポーツ,3,train
3428,最近、レストランを注文した。,食事・料理,1,train
3429,ふと思って、フォームの日本代表が気になる！,スポーツ,3,validation
3430,今日はおにぎりを冷凍保存したいので情報を集めている。,食事・料理,1,train
3431,ネットで卓球で体を動かしたい。次の試合も楽しみにしている。,スポーツ,3,train
3432,今週はランニングの日本代表が気になると考えている。,スポーツ,3,train
3433,ふと思って、家族旅行の旅行プランを作っていると考えている。,旅行・観光,2,train
3434,今日はシーフードを夕食に作るので詳しく調べている。,食事・料理,1,train
3435,少し前からドル円についてデータを集めている。数字の背景も理解したい。,金融・経済,4,train
3436,今日は筋肉の大会をテレビで見た。,スポーツ,3,train
3437,友人と話していて、ラーメンの味付けを工夫したい。,食事・料理,1,train
3438,ふと思って、ラーメンを夕食に作るのが最近の関心事だ。,食事・料理,1,test
3439,来月に向けて、Dockerをアップデートしたい。,IT・テクノロジー,0,validation
3440,ネットで筋トレのチームに入りたい！,スポーツ,3,train
3441,最近、フォームを毎週続けているのでメモしておいた。,スポーツ,3,train
3442,仕事の合間に博物館で観光案内を見ている。,旅行・観光,2,train
3443,ネットで夕食のレシピを探している。,食事・料理,1,train
3444,貯金の変化が気になっていると考えている。,金融・経済,4,train
3445,家でスノーボードの試合を見た。体力づくりにも役立てたい。,スポーツ,3,train
3446,来月に向けて、原油価格について投資判断を考えているので詳しく調べている。,金融・経済,4,test
3447,昨日、スノーボードで記録を伸ばしたいのが最近の関心事だ。,スポーツ,3,test
3448,来月に向けて、トレーニングの試合日程を見ている。,スポーツ,3,train
3449,ふと思って、株式をニュース記事で読んだ。,金融・経済,4,train
3450,最近、ホームランのトレーニングを始めたので情報を集めている。,スポーツ,3,train
3451,来月に向けて、所得税を比較している。,金融・経済,4,train
3452,仕事の合間に自転車競技を毎週続けている。,スポーツ,3,test
3453,スタジアムのフォームを改善したい。,スポーツ,3,train
3454,友人と話していて、親子丼を食べ比べたい。,食事・料理,1,train
3455,昨日、刺身に野菜を追加したい。,食事・料理,1,train
3456,今日は原油価格について専門家の解説を読んだ,金融・経済,4,train
3457,朝からフォームの練習メニューを考えている。次の試合も楽しみにしている。,スポーツ,3,train
3458,最近、鍋料理を昼ごはんに食べた。,食事・料理,1,train
3459,少し前から資産運用への影響を調べている。,金融・経済,4,train
3460,Windowsの容量を増やしたい！,IT・テクノロジー,0,train
3461,友人と話していて、天ぷらに合う調味料を知りたいので詳しく調べている。,食事・料理,1,train
3462,仕事の合間に水泳で体を動かしたい。,スポーツ,3,train
3463,今日は市場の動向に注目している。短期的な変動だけで判断しないようにしたい。,金融・経済,4,test
3464,今日はNBAのルールを調べている。次の試合も楽しみにしている。,スポーツ,3,train
3465,たこ焼きを友人と食べに行く。,食事・料理,1,test
3466,朝からホテルへ新幹線で行く！,旅行・観光,2,test
3467,今週は卓球で記録を伸ばしたいので情報を集めている。,スポーツ,3,train
3468,少し前からハンバーグを冷凍保存したい。できれば簡単に作れる方法がいい。,食事・料理,1,test
3469,少し前から京都へ連休に行く予定だ。,旅行・観光,2,train
3470,最近、京都の混雑状況が気になる。現地のおいしいものも楽しみたい。,旅行・観光,2,train
3471,ネットで株式について勉強している！,金融・経済,4,train
3472,仕事の合間に卓球の観戦チケットを取った。次の試合も楽しみにしている。,スポーツ,3,train
3473,ネットでラグビーを観戦したい！,スポーツ,3,train
3474,来月に向けて、展望台で温泉に入りたい。,旅行・観光,2,train
3475,友人と話していて、GitHubを仕事で使いたい。,IT・テクノロジー,0,train
3476,今週はトーナメントを友人とプレーした。基礎からフォームを見直したい。,スポーツ,3,train
3477,仕事の合間に自転車競技の観戦チケットを取ったので詳しく調べている。,スポーツ,3,train
3478,ネットで調味料を食べたい。休日にゆっくり楽しみたい。,食事・料理,1,train
3479,昨日、調味料を冷凍保存したい！,食事・料理,1,train
3480,友人と話していて、サラダのおすすめを知りたい！,食事・料理,1,train
3481,家で親子丼の盛り付けを工夫した。,食事・料理,1,train
3482,休日に資産運用を資産形成に活用したい！,金融・経済,4,train
3483,休日に水泳の大会に出たいのでメモしておいた。,スポーツ,3,train
3484,今週はラグビーの大会結果に驚いた。,スポーツ,3,train
3485,朝から新幹線で観光案内を見ていると考えている。,旅行・観光,2,train
3486,昨日、貯金をニュースで見た。長期的な傾向を見て判断したい。,金融・経済,4,train
3487,ふと思って、一人旅の観光スポットを知りたい。移動時間をなるべく短くしたい。,旅行・観光,2,train
3488,休日にモニターをインストールしたので情報を集めている。,IT・テクノロジー,0,train
3489,来月に向けて、筋肉のプロ選手を目指しているので情報を集めている。,スポーツ,3,train
3490,最近、ロードバイクの試合を見た。,スポーツ,3,train
3491,少し前から札幌でゆっくり過ごしたい。,旅行・観光,2,train
3492,今日は資源価格について家計への影響を確認した。,金融・経済,4,train
3493,今週はAWSの設定を見直したい,IT・テクノロジー,0,train
3494,メモリを自動化に使いたい,IT・テクノロジー,0,train
3495,今日は人工知能を開発している。速度と安定性を重視している。,IT・テクノロジー,0,train
3496,仕事の合間にレストランの材料を買ってきた。家族にも好評な味にしたい。,食事・料理,1,validation
3497,昨日、旅館で泊まりたい。,旅行・観光,2,train
3498,朝からキーボードでエラーが出た。,IT・テクノロジー,0,train
3499,朝からタブレットを自作してみたい。速度と安定性を重視している。,IT・テクノロジー,0,train
3500,今日はケーキに野菜を追加したい。家族にも好評な味にしたい。,食事・料理,1,train
3501,少し前から寿司を食べたいのでメモしておいた。,食事・料理,1,train
3502,最近、定期預金が企業業績に与える影響を調べた！,金融・経済,4,train
3503,仕事の合間に水泳の大会をテレビで見た。,スポーツ,3,test
3504,少し前からステーキを朝食に用意した。,食事・料理,1,train
3505,ネットでスノーボードで汗を流した！,スポーツ,3,train
3506,休日にPythonの動作が遅いのが最近の関心事だ。,IT・テクノロジー,0,train
3507,ネットでハンバーグの人気店を調べている。,食事・料理,1,train
3508,テーマパークへ連休に行く予定だのが最近の関心事だ。,旅行・観光,2,train
3509,朝から神社へ行きたい。宿泊先の評判も確認している。,旅行・観光,2,validation
3510,今日はゴールを練習している！,スポーツ,3,train
3511,友人と話していて、監督の日本代表が気になる。もっと上達する方法を探している。,スポーツ,3,test
3512,家で選手を週末に楽しんでいる！,スポーツ,3,train
3513,プリンの味付けを工夫したい。辛さは控えめにしたい。,食事・料理,1,train
3514,昨日、トレーニングの日本代表が気になるのが最近の関心事だ。,スポーツ,3,train
3515,来月に向けて、スポーツ観戦を観戦したい。次の試合も楽しみにしている。,スポーツ,3,validation
3516,休日に為替レートを毎日チェックしていると思っている。,金融・経済,4,train
3517,少し前から朝食を辛めに作りたい。休日にゆっくり楽しみたい。,食事・料理,1,train
3518,友人と話していて、たこ焼きをテイクアウトしたい。,食事・料理,1,train
3519,家で山へ行きたいので情報を集めている。,旅行・観光,2,validation
3520,今日はモニターを開発しているので詳しく調べている。,IT・テクノロジー,0,train
3521,今日は旅館でゆっくり過ごしたいので情報を集めている。,旅行・観光,2,train
3522,ふと思って、国内旅行へ一人旅したい。,旅行・観光,2,train
3523,少し前から空港で観光案内を見ている。現地のおいしいものも楽しみたい。,旅行・観光,2,train
3524,朝から那覇への旅行を計画しているので情報を集めている。,旅行・観光,2,train
3525,少し前からトレーニングのトレーニングを始めた。,スポーツ,3,train
3526,家でPCを高速化したい。速度と安定性を重視している。,IT・テクノロジー,0,train
3527,ネットで夕食の盛り付けを工夫した。,食事・料理,1,validation
3528,来月に向けて、スポーツ観戦の日本代表が気になる。無理なく長く続けたい。,スポーツ,3,train
3529,仕事の合間に野菜を簡単に作りたい。,食事・料理,1,train
3530,朝からレンタカーをレンタカーで巡りたい。現地のおいしいものも楽しみたい。,旅行・観光,2,train
3531,ふと思って、炒飯に合う調味料を知りたい。,食事・料理,1,train
3532,最近、シチューを食べ比べたい。,食事・料理,1,train
3533,仕事の合間に税金について基本から学びたいのでメモしておいた。,金融・経済,4,train
3534,ネットでAIでエラーが出た。予算と性能のバランスも気になる。,IT・テクノロジー,0,train
3535,今日は天ぷらを食べたい。家族にも好評な味にしたい。,食事・料理,1,train
3536,家でOSについて学習中だ。仕事でも使える構成にしたい。,IT・テクノロジー,0,train
3537,ネットでハンバーグを手作りしたと思っている。,食事・料理,1,train
3538,来月に向けて、リーグ戦のルールを調べている。,スポーツ,3,train
3539,家でクレジットカードの推移をグラフで見ていると思っている。,金融・経済,4,train
3540,今日はジョギングのフォームを改善したい。次の試合も楽しみにしている。,スポーツ,3,train
3541,最近、インフレの変化が気になっている。家計への影響も確認しておきたい。,金融・経済,4,train
3542,今日はバックアップを接続したい。速度と安定性を重視している。,IT・テクノロジー,0,train
3543,友人と話していて、陸上のトレーニングを始めた。,スポーツ,3,train
3544,ネットでスキーを毎週続けている,スポーツ,3,test
3545,肉料理のカロリーが気になる。,食事・料理,1,train
3546,朝からクレジットカードの動きを確認しているので詳しく調べている。,金融・経済,4,train
3547,友人と話していて、動物園で食べ歩きしたいのが最近の関心事だ。,旅行・観光,2,train
3548,ネットでサッカーを観戦したい。基礎からフォームを見直したい。,スポーツ,3,validation
3549,今週は離島の旅館を予約したい。,旅行・観光,2,train
3550,少し前からフォームを友人とプレーした。,スポーツ,3,test
3551,仕事の合間に保険の予測を確認している。リスクとリターンの両方を考えたい。,金融・経済,4,train
3552,休日にラーメンを朝食に用意した,食事・料理,1,validation
3553,少し前から海外旅行で食べ歩きしたい。,旅行・観光,2,train
3554,仕事の合間にうどんをお弁当に入れたいのでメモしておいた。,食事・料理,1,validation
3555,消費税について家計への影響を確認したと考えている。,金融・経済,4,test
3556,家で試合の戦術を分析したいので詳しく調べている。,スポーツ,3,train
3557,朝から餃子を食べたいと考えている。,食事・料理,1,train
3558,昨日、株価の最新情報を調べている。,金融・経済,4,validation
3559,今日は筋トレのプロ選手を目指している。,スポーツ,3,train
3560,今日は野菜を朝食に用意した。近くのおいしい店も探している。,食事・料理,1,train
3561,仕事の合間に株価を家計簿と一緒に確認している。,金融・経済,4,validation
3562,仕事の合間に展望台の旅行プランを作っている。,旅行・観光,2,train
3563,家でGPUについて学習中だ,IT・テクノロジー,0,train
3564,GPUをインストールした。仕事でも使える構成にしたい。,IT・テクノロジー,0,train
3565,今日は経済ニュースのリスクを考えている。,金融・経済,4,train
3566,友人と話していて、絶景スポットで温泉に入りたい。,旅行・観光,2,train
3567,仕事の合間にワールドカップの観戦チケットを取った。体力づくりにも役立てたい。,スポーツ,3,validation
3568,今週は体操のスタジアムへ行きたい。選手のプレーを参考にしたい。,スポーツ,3,train
3569,来月に向けて、シーフードをさっぱり味にしたい。,食事・料理,1,train
3570,今日は市場について専門家の解説を読んだのが最近の関心事だ。,金融・経済,4,train
3571,今日はコーヒーの材料を買ってきた。,食事・料理,1,train
3572,今日は城へ一人旅したい。混雑を避けて回りたい。,旅行・観光,2,test
3573,昨日、水族館へ連休に行く予定だ。混雑を避けて回りたい。,旅行・観光,2,train
3574,昨日、コンテナの構成を考えているので詳しく調べている。,IT・テクノロジー,0,train
3575,少し前からピザのおすすめを知りたいと思っている。,食事・料理,1,train
3576,友人と話していて、空港で写真を撮りたいので情報を集めている。,旅行・観光,2,train
3577,朝からサンドイッチを友人と食べに行くのでメモしておいた。,食事・料理,1,train
3578,休日にプログラミングの動作が遅いと考えている。,IT・テクノロジー,0,train
3579,友人と話していて、チームの道具を買い替えたい。,スポーツ,3,train
3580,今日は広島へ一人旅したいのでメモしておいた。,旅行・観光,2,test
3581,朝からプログラミングのログを確認している。,IT・テクノロジー,0,train
3582,今週はJリーグの大会をテレビで見た！,スポーツ,3,train
3583,昨日、消費税について基本から学びたいのが最近の関心事だ。,金融・経済,4,train
3584,朝から決算のリスクを考えているので情報を集めている。,金融・経済,4,train
3585,朝からデスクトップPCがほしい。,IT・テクノロジー,0,train
3586,休日に国内旅行へ行きたい。混雑を避けて回りたい。,旅行・観光,2,train
3587,今日はAPIの動作が遅い。,IT・テクノロジー,0,train
3588,仕事の合間に朝食の作り方を覚えたい。,食事・料理,1,test
3589,ふと思って、利益が企業業績に与える影響を調べた！,金融・経済,4,train
3590,昨日、ノートパソコンを接続したい。,IT・テクノロジー,0,validation
3591,今日は寿司の材料を買ってきたと考えている。,食事・料理,1,train
3592,最近、温泉でゆっくり過ごしたいと思っている。,旅行・観光,2,train
3593,休日に海を家族で訪れたいので情報を集めている。,旅行・観光,2,test
3594,朝からリゾートのホテルを探していると思っている。,旅行・観光,2,train
3595,朝からCopilotを勉強したいのが最近の関心事だ。,IT・テクノロジー,0,train
3596,朝から雇用統計について経済指標を見ている。,金融・経済,4,validation
3597,今日は鍋料理を簡単に作りたい。家族にも好評な味にしたい。,食事・料理,1,train
3598,今日はレンタカーの混雑状況が気になる。混雑を避けて回りたい。,旅行・観光,2,train
3599,GitHubを仕事で使いたいので情報を集めている。,IT・テクノロジー,0,train
3600,家でフォームのフォームを改善したい。選手のプレーを参考にしたい。,スポーツ,3,validation
3601,少し前からおにぎりの盛り付けを工夫したと思っている。,食事・料理,1,train
3602,今週は保険の変化が気になっている。リスクとリターンの両方を考えたい。,金融・経済,4,validation
3603,最近、練習の得点シーンを見返した。基礎からフォームを見直したい。,スポーツ,3,train
3604,家で天ぷらのおすすめを知りたい。,食事・料理,1,validation
3605,家で人工知能を業務に活用したいのが最近の関心事だ。,IT・テクノロジー,0,train
3606,最近、北海道で泊まりたい。混雑を避けて回りたい。,旅行・観光,2,train
3607,来月に向けて、所得税をニュースで見た。長期的な傾向を見て判断したい。,金融・経済,4,train
3608,TOPIXが企業業績に与える影響を調べた。家計への影響も確認しておきたい。,金融・経済,4,train
3609,少し前からピザを食べたい！,食事・料理,1,train
3610,ネットでセキュリティについて学習中だ。速度と安定性を重視している。,IT・テクノロジー,0,validation
3611,昨日、NBAの選手を応援していると思っている。,スポーツ,3,train
3612,たこ焼きの盛り付けを工夫した。できれば簡単に作れる方法がいい。,食事・料理,1,train
3613,朝から配当をニュースで見た！,金融・経済,4,train
3614,友人と話していて、ワールドカップの大会に出たい！,スポーツ,3,train
3615,家で所得税を家計簿と一緒に確認している。,金融・経済,4,train
3616,友人と話していて、デフレの見通しを確認している。,金融・経済,4,train
3617,来月に向けて、沖縄へ一人旅したいのでメモしておいた。,旅行・観光,2,test
3618,昨日、Webアプリの動作が遅いのでメモしておいた。,IT・テクノロジー,0,train
3619,最近、Linuxの容量を増やしたい。仕事でも使える構成にしたい。,IT・テクノロジー,0,train
3620,年金への影響を調べている。,金融・経済,4,train
3621,今週は水族館への交通費を調べている。,旅行・観光,2,train
3622,最近、焼肉を食べ比べたい。家族にも好評な味にしたい。,食事・料理,1,train
3623,ふと思って、沖縄への交通費を調べている！,旅行・観光,2,train
3624,昨日、仙台で食べ歩きしたいと考えている。,旅行・観光,2,train
3625,少し前からWebアプリを勉強したい。,IT・テクノロジー,0,train
3626,今週はレンタカーへの旅行を計画していると思っている。,旅行・観光,2,test
3627,友人と話していて、トーナメントの得点シーンを見返したのが最近の関心事だ。,スポーツ,3,train
3628,昨日、経済ニュースの最新情報を調べているのが最近の関心事だ。,金融・経済,4,train
3629,昨日、オムライスを友人と食べに行く。辛さは控えめにしたい。,食事・料理,1,train
3630,ふと思って、ファイアウォールを試してみたい。,IT・テクノロジー,0,train
3631,最近、貯金を家計簿と一緒に確認している。,金融・経済,4,test
3632,家でWebアプリを新しくしたいので詳しく調べている。,IT・テクノロジー,0,test
3633,友人と話していて、オリンピックの戦術を分析したいので情報を集めている。,スポーツ,3,train
3634,ふと思って、投資への影響を調べている。長期的な傾向を見て判断したい。,金融・経済,4,test
3635,昨日、体操の選手を応援している。体力づくりにも役立てたい。,スポーツ,3,train
3636,家で決算を比較している。長期的な傾向を見て判断したい。,金融・経済,4,train
3637,少し前から政策金利について投資判断を考えているのでメモしておいた。,金融・経済,4,train
3638,朝からデータベースを業務に活用したい。新しい機能も試してみたい。,IT・テクノロジー,0,train
3639,少し前からプロ野球のプロ選手を目指しているので情報を集めている。,スポーツ,3,train
3640,昨日、預金を毎日チェックしている！,金融・経済,4,train
3641,来月に向けて、配当が生活費に響いている。複数の情報源を比較している。,金融・経済,4,train
3642,朝から税金をニュース記事で読んだ。数字の背景も理解したい。,金融・経済,4,train
3643,ふと思って、観光ルートでゆっくり過ごしたい！,旅行・観光,2,train
3644,友人と話していて、プログラミングの使い方を知りたい！,IT・テクノロジー,0,train
3645,朝食を休日に楽しみたい。できれば簡単に作れる方法がいい。,食事・料理,1,test
3646,朝からスポーツ観戦を毎週続けている。,スポーツ,3,validation
3647,友人と話していて、経済成長の今後が気になる。,金融・経済,4,train
3648,昨日、温泉街までの行き方を調べているので情報を集めている。,旅行・観光,2,train
3649,少し前からホテルの旅行プランを作っている。混雑を避けて回りたい。,旅行・観光,2,train
3650,休日に宿泊へ飛行機で向かう。,旅行・観光,2,train
3651,昨日、Pythonを自動化に使いたい,IT・テクノロジー,0,train
3652,仕事の合間に売上が生活費に響いている。,金融・経済,4,train
3653,最近、Webアプリの使い方を知りたい。,IT・テクノロジー,0,validation
3654,昨日、GitHubのログを確認している。,IT・テクノロジー,0,train
3655,休日にラグビーの練習メニューを考えているので情報を集めている。,スポーツ,3,train
3656,TOPIXの推移をグラフで見ているのが最近の関心事だ。,金融・経済,4,train
3657,ふと思って、バックアップの容量を増やしたい。新しい機能も試してみたい。,IT・テクノロジー,0,train
3658,仕事の合間にチャットボットの容量を増やしたい。,IT・テクノロジー,0,train
3659,昨日、家計の推移をグラフで見ていると考えている。,金融・経済,4,train
3660,ネットでバドミントンで体を動かしたい！,スポーツ,3,train
3661,来月に向けて、城へ行きたい。混雑を避けて回りたい。,旅行・観光,2,train
3662,保険について勉強しているのが最近の関心事だ。,金融・経済,4,train
3663,今週は函館の混雑状況が気になる。混雑を避けて回りたい。,旅行・観光,2,train
3664,来月に向けて、得点の得点シーンを見返したと考えている。,スポーツ,3,train
3665,今日は焼肉に野菜を追加したい。できれば簡単に作れる方法がいい。,食事・料理,1,train
3666,家でGPUをインストールした,IT・テクノロジー,0,validation
3667,最近、物価を家計簿と一緒に確認している。,金融・経済,4,train
3668,家で仙台の旅館を予約したい,旅行・観光,2,test
3669,仕事の合間にNBAのフォームを改善したい。体力づくりにも役立てたい。,スポーツ,3,train
3670,友人と話していて、シチューを家族と食べたい。休日にゆっくり楽しみたい。,食事・料理,1,train
3671,仕事の合間に海外旅行への交通費を調べているので情報を集めている。,旅行・観光,2,train
3672,最近、テニスのフォームを改善したい。無理なく長く続けたい。,スポーツ,3,train
3673,仕事の合間にVS Codeがほしい。予算と性能のバランスも気になる。,IT・テクノロジー,0,test
3674,少し前から家計のリスクを考えている。長期的な傾向を見て判断したい。,金融・経済,4,train
3675,今日はバレーボールの大会をテレビで見た。,スポーツ,3,train
3676,来月に向けて、原油価格を資産形成に活用したい。複数の情報源を比較している。,金融・経済,4,train
3677,家でAIの構成を考えているのが最近の関心事だ。,IT・テクノロジー,0,train
3678,休日に野球の得点シーンを見返した。基礎からフォームを見直したい。,スポーツ,3,train
3679,朝からLLMの動作が遅いので詳しく調べている。,IT・テクノロジー,0,train
3680,ネットで夕食を簡単に作りたい。休日にゆっくり楽しみたい。,食事・料理,1,train
3681,今日は予算の変化が気になっている。複数の情報源を比較している。,金融・経済,4,train
3682,朝からサッカーの道具を買い替えたい。基礎からフォームを見直したい。,スポーツ,3,train
3683,今日は利益の見通しを確認しているのが最近の関心事だ。,金融・経済,4,train
3684,少し前からバスケットボールの大会に出たい。基礎からフォームを見直したい。,スポーツ,3,test
3685,来月に向けて、機械学習をインストールしたと思っている。,IT・テクノロジー,0,train
3686,ふと思って、国債について投資判断を考えている！,金融・経済,4,train
3687,家でスノーボードを毎週続けている。,スポーツ,3,train
3688,ふと思って、預金の予測を確認しているのが最近の関心事だ。,金融・経済,4,validation
3689,ネットで刺身のおすすめを知りたい。値段と量のバランスも気になる。,食事・料理,1,train
3690,休日にボクシングのルールを調べている。,スポーツ,3,train
3691,来月に向けて、城でお土産を買いたい。,旅行・観光,2,train
3692,朝から沖縄へ新幹線で行く。移動時間をなるべく短くしたい。,旅行・観光,2,train
3693,休日に為替レートが企業業績に与える影響を調べた。短期的な変動だけで判断しないようにしたい。,金融・経済,4,validation
3694,昨日、野菜がおいしかったと考えている。,食事・料理,1,train
3695,昨日、デフレを長期的に見ているのが最近の関心事だ。,金融・経済,4,train
3696,最近、ボクシングが上手くなりたい！,スポーツ,3,train
3697,ネットで経済ニュースについて家計への影響を確認した。短期的な変動だけで判断しないようにしたい。,金融・経済,4,train
3698,来月に向けて、金沢へ飛行機で向かうと考えている。,旅行・観光,2,train
3699,最近、利益を比較している。複数の情報源を比較している。,金融・経済,4,train
3700,ふと思って、神社のおすすめルートを知りたい。宿泊先の評判も確認している。,旅行・観光,2,train
3701,昨日、居酒屋を食べたい。値段と量のバランスも気になる。,食事・料理,1,test
3702,来月に向けて、定期預金の見通しを確認しているのが最近の関心事だ。,金融・経済,4,train
3703,来月に向けて、カレーがおいしかった。値段と量のバランスも気になる。,食事・料理,1,train
3704,休日に国債について基本から学びたい。複数の情報源を比較している。,金融・経済,4,train
3705,少し前から札幌をレンタカーで巡りたい。,旅行・観光,2,train
3706,ネットでトーナメントを週末に楽しんでいるので情報を集めている。,スポーツ,3,train
3707,来月に向けて、FRBについてデータを集めている。,金融・経済,4,validation
3708,最近、水族館でゆっくり過ごしたいので詳しく調べている。,旅行・観光,2,train
3709,機械学習を新しくしたい！,IT・テクノロジー,0,train
3710,最近、観光地への旅行を計画していると思っている。,旅行・観光,2,train
3711,仕事の合間に税金について勉強している。複数の情報源を比較している。,金融・経済,4,train
3712,昨日、天ぷらの盛り付けを工夫した。,食事・料理,1,validation
3713,休日に北海道を観光したい。,旅行・観光,2,train
3714,少し前から紅茶を昼ごはんに食べた。,食事・料理,1,train
3715,今週はワールドカップの選手成績を調べている！,スポーツ,3,train
3716,家で所得税を資産形成に活用したい。複数の情報源を比較している。,金融・経済,4,validation
3717,ふと思って、ドル円が下がっている。,金融・経済,4,validation
3718,ふと思って、OSを高速化したいと思っている。,IT・テクノロジー,0,train
3719,仕事の合間に海で写真を撮りたい。,旅行・観光,2,train
3720,ふと思って、ケーキを朝食に用意した。,食事・料理,1,train
3721,ネットで家計について経済指標を見ている。リスクとリターンの両方を考えたい。,金融・経済,4,train
3722,ネットでLinuxを試してみたい,IT・テクノロジー,0,train
3723,休日にコンテナを接続したい。できれば使いやすいものを選びたい。,IT・テクノロジー,0,train
3724,今週は株式が企業業績に与える影響を調べた。数字の背景も理解したい。,金融・経済,4,train
3725,今日は経済ニュースをニュース記事で読んだので詳しく調べている。,金融・経済,4,train
3726,ふと思って、水族館へ新幹線で行く。,旅行・観光,2,train
3727,宿泊のホテルを探している。移動時間をなるべく短くしたい。,旅行・観光,2,train
3728,ふと思って、味噌汁を休日に楽しみたいと思っている。,食事・料理,1,train
3729,少し前から福岡から帰ってきた。交通費を抑えたプランにしたい。,旅行・観光,2,train
3730,ふと思って、スキーの道具を買い替えたい。,スポーツ,3,train
3731,ふと思って、市場の最新情報を調べていると思っている。,金融・経済,4,validation
3732,仕事の合間に味噌汁を手作りした。休日にゆっくり楽しみたい。,食事・料理,1,train
3733,ネットで観光ルートの景色を見たい。混雑を避けて回りたい。,旅行・観光,2,train
3734,昨日、モニターを自作してみたい。,IT・テクノロジー,0,train
3735,最近、消費税の動きを確認している。複数の情報源を比較している。,金融・経済,4,test
3736,来月に向けて、スマートフォンがほしい。初心者でも扱いやすい方法を探している。,IT・テクノロジー,0,train
3737,少し前から大会のトレーニングを始めた。,スポーツ,3,train
3738,家で弁当を家族と食べたい。,食事・料理,1,train
3739,昨日、LLMの容量を増やしたい。できれば使いやすいものを選びたい。,IT・テクノロジー,0,train
3740,友人と話していて、メモリのセキュリティを強化したい。,IT・テクノロジー,0,train
3741,昨日、企業業績が企業業績に与える影響を調べた。短期的な変動だけで判断しないようにしたい。,金融・経済,4,train
3742,スノーボードの得点シーンを見返したので詳しく調べている。,スポーツ,3,train
3743,来月に向けて、アプリを業務に活用したい。できれば使いやすいものを選びたい。,IT・テクノロジー,0,train
3744,仕事の合間に自転車競技の結果を確認した。体力づくりにも役立てたい。,スポーツ,3,train
3745,インフレについて勉強している,金融・経済,4,train
3746,少し前から中央銀行をニュースで見た。,金融・経済,4,train
3747,ネットでコーヒーを手作りしたと考えている。,食事・料理,1,train
3748,ネットでゴルフで体を動かしたい。基礎からフォームを見直したい。,スポーツ,3,train
3749,仕事の合間に京都から帰ってきたのでメモしておいた。,旅行・観光,2,train
3750,今日はカフェをお弁当に入れたい,食事・料理,1,train
3751,友人と話していて、為替についてデータを集めている。長期的な傾向を見て判断したい。,金融・経済,4,train
3752,家で野球の日本代表が気になるので詳しく調べている。,スポーツ,3,train
3753,シチューを作りたいのが最近の関心事だ。,食事・料理,1,train
3754,休日に資産運用の今後が気になると思っている。,金融・経済,4,validation
3755,友人と話していて、観光地へ行きたい。,旅行・観光,2,train
3756,今日は函館の観光スポットを知りたい。,旅行・観光,2,train
3757,為替レートについて家計への影響を確認したと考えている。,金融・経済,4,train
3758,少し前からAPIを自動化に使いたい！,IT・テクノロジー,0,train
3759,ふと思って、デフレをニュース記事で読んだ。長期的な傾向を見て判断したい。,金融・経済,4,test
3760,今日はレシピの盛り付けを工夫した。,食事・料理,1,test
3761,友人と話していて、チームの大会に出たい。,スポーツ,3,train
3762,最近、スキーのスタジアムへ行きたい。,スポーツ,3,train
3763,少し前から夕食がおいしかった。,食事・料理,1,train
3764,休日にGDPが生活費に響いている。,金融・経済,4,validation
3765,SSDを交換してPCを高速化したい。,IT・テクノロジー,0,train
3766,ふと思って、マウスを開発している。新しい機能も試してみたい。,IT・テクノロジー,0,train
3767,今日は卓球の観戦チケットを取った。無理なく長く続けたい。,スポーツ,3,test
3768,ふと思って、株価について基本から学びたいのが最近の関心事だ。,金融・経済,4,train
3769,家で競技場の試合日程を見ているので情報を集めている。,スポーツ,3,train
3770,朝からプロ野球の試合日程を見ている。もっと上達する方法を探している。,スポーツ,3,train
3771,最近、オリンピックの結果を確認した。体力づくりにも役立てたい。,スポーツ,3,train
3772,家でフィギュアスケートを毎週続けているのが最近の関心事だ。,スポーツ,3,test
3773,最近、観光地へ飛行機で向かうので詳しく調べている。,旅行・観光,2,train
3774,ふと思って、消費税を家計簿と一緒に確認しているのでメモしておいた。,金融・経済,4,validation
3775,家で消費税の最新情報を調べているので情報を集めている。,金融・経済,4,train
3776,今週は金沢までの行き方を調べている。現地のおいしいものも楽しみたい。,旅行・観光,2,train
3777,少し前から筋トレの試合日程を見ている。,スポーツ,3,train
3778,友人と話していて、一人旅の旅館を予約したいのが最近の関心事だ。,旅行・観光,2,validation
3779,昨日、朝食を食べ比べたい。できれば簡単に作れる方法がいい。,食事・料理,1,test
3780,ネットで北海道でお土産を買いたい！,旅行・観光,2,train
3781,来月に向けて、株価の仕組みを知りたい,金融・経済,4,train
3782,今週は新幹線へ新幹線で行く。,旅行・観光,2,test
3783,今週は得点のチームに入りたい,スポーツ,3,train
3784,今週は経済成長について制度を調べた。,金融・経済,4,train
3785,絶景スポットでゆっくり過ごしたい。宿泊先の評判も確認している。,旅行・観光,2,train
3786,来月に向けて、AWSの設定を見直したい。予算と性能のバランスも気になる。,IT・テクノロジー,0,train
3787,家でデータベースのログを確認していると考えている。,IT・テクノロジー,0,train
3788,朝から奈良をレンタカーで巡りたい。,旅行・観光,2,validation
3789,休日にFRBの今後が気になると考えている。,金融・経済,4,train
3790,今週はラーメンの作り方を覚えたい。辛さは控えめにしたい。,食事・料理,1,train
3791,昨日、トレーニングの大会に出たい。,スポーツ,3,test
3792,朝から奈良へ行きたい！,旅行・観光,2,train
3793,来月に向けて、ラグビーを練習している。無理なく長く続けたい。,スポーツ,3,train
3794,最近、ラグビーの試合日程を見ている。,スポーツ,3,train
3795,ネットでテーマパークのホテルを探している。混雑を避けて回りたい。,旅行・観光,2,train
3796,少し前からケーキの味付けを工夫したい,食事・料理,1,train
3797,ネットで温泉の景色を見たい。混雑を避けて回りたい。,旅行・観光,2,train
3798,家でスキーの選手成績を調べている。体力づくりにも役立てたい。,スポーツ,3,train
3799,朝から広島の旅館を予約したい！,旅行・観光,2,train
3800,休日に野菜を冷凍保存したい。,食事・料理,1,train
3801,仕事の合間にホテルへの交通費を調べているので詳しく調べている。,旅行・観光,2,train
3802,絶景スポットの旅館を予約したい,旅行・観光,2,train
3803,朝から試合の観戦チケットを取った。もっと上達する方法を探している。,スポーツ,3,train
3804,家でPCについて調べている。,IT・テクノロジー,0,train
3805,最近、経済ニュースのリスクを考えていると考えている。,金融・経済,4,train
3806,友人と話していて、Google Cloudでエラーが出た。仕事でも使える構成にしたい。,IT・テクノロジー,0,test
3807,今週は柔道の練習試合に参加した。,スポーツ,3,test
3808,友人と話していて、ジョギングの戦術を分析したい。体力づくりにも役立てたい。,スポーツ,3,train
3809,昨日、体操のフォームを改善したいと考えている。,スポーツ,3,test
3810,仕事の合間にマラソンのチームに入りたい。選手のプレーを参考にしたい。,スポーツ,3,train
3811,仕事の合間に練習の試合日程を見ている。,スポーツ,3,train
3812,ネットで預金が企業業績に与える影響を調べた。リスクとリターンの両方を考えたい。,金融・経済,4,train
3813,家でスマホの最新版が気になる。予算と性能のバランスも気になる。,IT・テクノロジー,0,train
3814,友人と話していて、大阪への旅行を計画している。混雑を避けて回りたい。,旅行・観光,2,train
3815,最近、デフレを家計簿と一緒に確認している,金融・経済,4,train
3816,家で展望台への旅行を計画している。,旅行・観光,2,train
3817,京都へ新幹線で行く,旅行・観光,2,train
3818,今週は居酒屋をもう一度食べたい。できれば簡単に作れる方法がいい。,食事・料理,1,test
3819,休日にホテルから帰ってきた。,旅行・観光,2,test
3820,今日は体育館を毎週続けている。,スポーツ,3,train
3821,ふと思って、予算が下がっている。複数の情報源を比較している。,金融・経済,4,validation
3822,最近、寿司を昼ごはんに食べた。,食事・料理,1,train
3823,今週は試合のプロ選手を目指している。,スポーツ,3,train
3824,昨日、筋トレの日本代表が気になる。次の試合も楽しみにしている。,スポーツ,3,train
3825,OSのログを確認している。新しい機能も試してみたい。,IT・テクノロジー,0,train
3826,最近、バスケットボールのフォームを改善したいので情報を集めている。,スポーツ,3,train
3827,来月に向けて、観光ルートを観光したい。現地のおいしいものも楽しみたい。,旅行・観光,2,validation
3828,家でピザのおすすめを知りたいので情報を集めている。,食事・料理,1,train
3829,今日は生成AIを接続したい。新しい機能も試してみたい。,IT・テクノロジー,0,train
3830,休日に陸上の結果を確認した。選手のプレーを参考にしたい。,スポーツ,3,train
3831,昨日、城へ週末に出かける。,旅行・観光,2,train
3832,仕事の合間にノートパソコンをアップデートしたいので情報を集めている。,IT・テクノロジー,0,train
3833,友人と話していて、野球の大会をテレビで見た。もっと上達する方法を探している。,スポーツ,3,train
3834,来月に向けて、住宅ローンの変化が気になっている。,金融・経済,4,test
3835,仕事の合間にマラソンの試合日程を見ている。基礎からフォームを見直したい。,スポーツ,3,train
3836,セキュリティを業務に活用したい。初心者でも扱いやすい方法を探している。,IT・テクノロジー,0,train
3837,来月に向けて、バックアップの容量を増やしたいのが最近の関心事だ。,IT・テクノロジー,0,validation
3838,昨日、家計をニュース記事で読んだ！,金融・経済,4,train
3839,ふと思って、ピザを手作りした。,食事・料理,1,train
3840,ふと思って、Dockerについて学習中だ。,IT・テクノロジー,0,train
3841,長崎の観光スポットを知りたい。交通費を抑えたプランにしたい。,旅行・観光,2,train
3842,来月に向けて、Jリーグで汗を流した。選手のプレーを参考にしたい。,スポーツ,3,test
3843,パスタのおすすめを知りたいのでメモしておいた。,食事・料理,1,train
3844,休日に決算の動向に注目している。数字の背景も理解したい。,金融・経済,4,train
3845,今週はゴールを週末に楽しんでいる。,スポーツ,3,validation
3846,家でデザートの人気店を調べている！,食事・料理,1,train
3847,最近、アイスをお弁当に入れたい。辛さは控えめにしたい。,食事・料理,1,train
3848,うどんを作りたい。家族にも好評な味にしたい。,食事・料理,1,train
3849,陸上が上手くなりたい。,スポーツ,3,train
3850,家でリゾートへの交通費を調べていると考えている。,旅行・観光,2,train
3851,昨日、沖縄のおすすめルートを知りたい。,旅行・観光,2,train
3852,今週はサーバーを導入したい。速度と安定性を重視している。,IT・テクノロジー,0,train
3853,昨日、ランニングのプロ選手を目指している。,スポーツ,3,train
3854,ノートパソコンを勉強したい。,IT・テクノロジー,0,train
3855,ネットで奈良から帰ってきた。,旅行・観光,2,train
3856,アプリをアップデートしたい！,IT・テクノロジー,0,train
3857,モニターを新しくしたい。,IT・テクノロジー,0,train
3858,仕事の合間にそばに合う調味料を知りたいのでメモしておいた。,食事・料理,1,train
3859,来月に向けて、スノーボードのチームに入りたい。,スポーツ,3,train
3860,VPNのセキュリティを強化したいのでメモしておいた。,IT・テクノロジー,0,validation
3861,朝からお好み焼きの作り方を覚えたいので情報を集めている。,食事・料理,1,train
3862,ふと思って、ランニングのルールを調べている。体力づくりにも役立てたい。,スポーツ,3,train
3863,友人と話していて、クラウドでツールを作りたい！,IT・テクノロジー,0,test
3864,仕事の合間にサンドイッチのカロリーが気になるので情報を集めている。,食事・料理,1,train
3865,少し前から福岡へ週末に出かけるので詳しく調べている。,旅行・観光,2,train
3866,ふと思って、チームのスタジアムへ行きたいと思っている。,スポーツ,3,train
3867,休日にスポーツ観戦のトレーニングを始めた。選手のプレーを参考にしたい。,スポーツ,3,test
3868,今週は年金についてデータを集めている！,金融・経済,4,train
3869,友人と話していて、ホームランの観戦チケットを取ったので情報を集めている。,スポーツ,3,train
3870,今週は海外旅行でお土産を買いたい。,旅行・観光,2,test
3871,少し前から予算を家計簿と一緒に確認している。短期的な変動だけで判断しないようにしたい。,金融・経済,4,validation
3872,ふと思って、サーバーの性能を比較したい！,IT・テクノロジー,0,train
3873,今日は広島のホテルを探しているので詳しく調べている。,旅行・観光,2,train
3874,家で日本銀行が上がっている。,金融・経済,4,test
3875,家でラグビーを週末に楽しんでいるのでメモしておいた。,スポーツ,3,train
3876,今週はスマートフォンを設定している。,IT・テクノロジー,0,train
3877,最近、神戸の旅館を予約したい。現地のおいしいものも楽しみたい。,旅行・観光,2,train
3878,家族旅行で写真を撮りたいので情報を集めている。,旅行・観光,2,train
3879,休日にタブレットの構成を考えている。仕事でも使える構成にしたい。,IT・テクノロジー,0,train
3880,ネットで広島へ一人旅したい。現地のおいしいものも楽しみたい。,旅行・観光,2,train
3881,今週はピザの店を探している。値段と量のバランスも気になる。,食事・料理,1,train
3882,家でサラダのレシピを探している。,食事・料理,1,train
3883,ふと思って、バレーの大会結果に驚いた。体力づくりにも役立てたい。,スポーツ,3,train
3884,今日はVPNの不具合を直したいので情報を集めている。,IT・テクノロジー,0,train
3885,友人と話していて、生成AIをアップデートしたいと考えている。,IT・テクノロジー,0,train
3886,少し前からピザを昼ごはんに食べた。できれば簡単に作れる方法がいい。,食事・料理,1,validation
3887,来月に向けて、監督の結果を確認した！,スポーツ,3,train
3888,今週は沖縄へ連休に行く予定だ,旅行・観光,2,train
3889,仕事の合間にVS Codeの不具合を直したい。仕事でも使える構成にしたい。,IT・テクノロジー,0,train
3890,今日は神社で泊まりたいのでメモしておいた。,旅行・観光,2,train
3891,朝からラーメンの味付けを工夫したい。,食事・料理,1,train
3892,ふと思って、温泉街へ飛行機で向かう！,旅行・観光,2,train
3893,ネットでシチューに合う調味料を知りたいと考えている。,食事・料理,1,train
3894,朝からLinuxを高速化したい。,IT・テクノロジー,0,train
3895,昨日、政策金利を毎日チェックしているのでメモしておいた。,金融・経済,4,train
3896,刺身を友人と食べに行く。,食事・料理,1,train
3897,来月に向けて、お好み焼きがおいしかったと思っている。,食事・料理,1,train
3898,今日はスパイスの盛り付けを工夫した。,食事・料理,1,train
3899,少し前からハンバーグを朝食に用意した！,食事・料理,1,train
3900,Jリーグのルールを調べている。,スポーツ,3,train
3901,最近、キーボードをアップデートしたい。速度と安定性を重視している。,IT・テクノロジー,0,validation
3902,最近、パンを朝食に用意した。近くのおいしい店も探している。,食事・料理,1,train
3903,休日にSSDの不具合を直したい！,IT・テクノロジー,0,train
3904,家で生成AIのログを確認している。,IT・テクノロジー,0,train
3905,家でサラダの店を探している。辛さは控えめにしたい。,食事・料理,1,train
3906,休日に旅行費用でゆっくり過ごしたい。交通費を抑えたプランにしたい。,旅行・観光,2,train
3907,昨日、試合の道具を買い替えたいので情報を集めている。,スポーツ,3,train
3908,来月に向けて、紅茶のおすすめを知りたい。,食事・料理,1,validation
3909,ネットで剣道が上手くなりたい。次の試合も楽しみにしている。,スポーツ,3,validation
3910,少し前からフィギュアスケートを毎週続けている。もっと上達する方法を探している。,スポーツ,3,train
3911,Wi-Fiが遅いので改善したい。,IT・テクノロジー,0,validation
3912,朝からホテルの宿泊費を比較している。混雑を避けて回りたい。,旅行・観光,2,train
3913,仕事の合間に政策金利の最新情報を調べている,金融・経済,4,test
3914,旅行で温泉に入りたい！,旅行・観光,2,train
3915,少し前からレストランのレシピを探しているのが最近の関心事だ。,食事・料理,1,train
3916,最近、奈良で食べ歩きしたい。宿泊先の評判も確認している。,旅行・観光,2,train
3917,ふと思って、サッカーの道具を買い替えたい,スポーツ,3,train
3918,今週はGitHubを自作してみたい。初心者でも扱いやすい方法を探している。,IT・テクノロジー,0,train
3919,ネットでアプリをアップデートしたい！,IT・テクノロジー,0,train
3920,ふと思って、沖縄への旅行を計画している！,旅行・観光,2,train
3921,今週は刺身がおいしかった。近くのおいしい店も探している。,食事・料理,1,test
3922,昨日、バレーボールの試合日程を見ている。もっと上達する方法を探している。,スポーツ,3,train
3923,仕事の合間に筋肉のトレーニングを始めた！,スポーツ,3,train
3924,ふと思って、お土産へ飛行機で向かうので詳しく調べている。,旅行・観光,2,train
3925,ふと思って、コーヒーを辛めに作りたい。近くのおいしい店も探している。,食事・料理,1,train
3926,ふと思って、GPUについて調べている。,IT・テクノロジー,0,validation
3927,今週はTOPIXについて基本から学びたい。複数の情報源を比較している。,金融・経済,4,train
3928,友人と話していて、柔道を観戦したいのでメモしておいた。,スポーツ,3,test
3929,コンテナについて調べている。仕事でも使える構成にしたい。,IT・テクノロジー,0,validation
3930,今週はリゾートを家族で訪れたい。家族でも楽しめる場所がいい。,旅行・観光,2,train
3931,朝からフィギュアスケートを観戦したいと考えている。,スポーツ,3,train
3932,今週は長崎で食べ歩きしたい。,旅行・観光,2,test
3933,朝からNBAの結果を確認したので情報を集めている。,スポーツ,3,test
3934,今週はクレジットカードを家計簿と一緒に確認している。,金融・経済,4,train
3935,仕事の合間に株式の今後が気になる。家計への影響も確認しておきたい。,金融・経済,4,validation
3936,休日にワールドカップの戦術を分析したい。,スポーツ,3,train
3937,来月に向けて、選手の練習メニューを考えている。,スポーツ,3,train
3938,来月に向けて、弁当を夕食に作る。できれば簡単に作れる方法がいい。,食事・料理,1,train
3939,朝からドル円について経済指標を見ている。家計への影響も確認しておきたい。,金融・経済,4,test
3940,来月に向けて、レストランをテイクアウトしたいのが最近の関心事だ。,食事・料理,1,train
3941,少し前からバレーのルールを調べている！,スポーツ,3,train
3942,今日はコンテナの使い方を知りたい。,IT・テクノロジー,0,train
3943,友人と話していて、チャットボットを接続したい。,IT・テクノロジー,0,train
3944,今週は離島でお土産を買いたい！,旅行・観光,2,validation
3945,今日はワールドカップの大会に出たい。体力づくりにも役立てたい。,スポーツ,3,train
3946,アプリを仕事で使いたい。,IT・テクノロジー,0,train
3947,少し前からホテルへ連休に行く予定だ。,旅行・観光,2,validation
3948,ふと思って、物価を毎日チェックしている。,金融・経済,4,train
3949,来月に向けて、おにぎりのカロリーが気になる。休日にゆっくり楽しみたい。,食事・料理,1,train
3950,朝からデフレが下がっている,金融・経済,4,train
3951,家で金融政策をニュース記事で読んだ。複数の情報源を比較している。,金融・経済,4,train
3952,友人と話していて、Webアプリでツールを作りたいので詳しく調べている。,IT・テクノロジー,0,train
3953,家で試合のルールを調べていると思っている。,スポーツ,3,train
3954,最近、プリンの作り方を覚えたい,食事・料理,1,validation
3955,ふと思って、テニスのトレーニングを始めた。,スポーツ,3,train
3956,ネットで日本代表の練習試合に参加した。,スポーツ,3,test
3957,来月に向けて、CPUを仕事で使いたい。新しい機能も試してみたい。,IT・テクノロジー,0,train
3958,朝からSSDを勉強したい。できれば使いやすいものを選びたい。,IT・テクノロジー,0,train
3959,休日にテニスの日本代表が気になる。,スポーツ,3,test
3960,来月に向けて、FRBについて基本から学びたい！,金融・経済,4,validation
3961,仕事の合間にスノーボードの選手を応援している。,スポーツ,3,train
3962,仕事の合間に炒飯を家族と食べたい。,食事・料理,1,train
3963,朝からプログラミングでツールを作りたいので詳しく調べている。,IT・テクノロジー,0,train
3964,最近、パソコンを買い替えたい。仕事でも使える構成にしたい。,IT・テクノロジー,0,train
3965,仕事の合間にたこ焼きを簡単に作りたい。,食事・料理,1,validation
3966,朝から金利が生活費に響いている。家計への影響も確認しておきたい。,金融・経済,4,train
3967,休日にピザを食べたい。近くのおいしい店も探している。,食事・料理,1,train
3968,今週はドル円をニュースで見た。,金融・経済,4,train
3969,仕事の合間に筋肉を週末に楽しんでいる。,スポーツ,3,train
3970,ふと思って、AIを新しくしたい。,IT・テクノロジー,0,train
3971,ふと思って、賃金を比較しているのが最近の関心事だ。,金融・経済,4,train
3972,昨日、トーナメントの試合日程を見ている。もっと上達する方法を探している。,スポーツ,3,validation
3973,今週は物価を資産形成に活用したいのが最近の関心事だ。,金融・経済,4,train
3974,今週はおにぎりの店を探している。値段と量のバランスも気になる。,食事・料理,1,train
3975,仕事の合間に賃金が企業業績に与える影響を調べた。,金融・経済,4,train
3976,少し前からOSの動作が遅い！,IT・テクノロジー,0,train
3977,今週は神戸の旅行プランを作っている！,旅行・観光,2,test
3978,昨日、円相場への影響を調べている。長期的な傾向を見て判断したい。,金融・経済,4,train
3979,来月に向けて、北海道でお土産を買いたいのでメモしておいた。,旅行・観光,2,train
3980,ふと思って、機械学習を自作してみたいと思っている。,IT・テクノロジー,0,train
3981,ふと思って、Webアプリを勉強したいと思っている。,IT・テクノロジー,0,test
3982,仕事の合間にカレーの盛り付けを工夫した！,食事・料理,1,validation
3983,スマホを買い替えたい。,IT・テクノロジー,0,train
3984,ネットでドル円の見通しを確認している。複数の情報源を比較している。,金融・経済,4,train
3985,今日はケーキの人気店を調べている！,食事・料理,1,test
3986,休日にボクシングの試合日程を見ている,スポーツ,3,validation
3987,来月に向けて、陸上の選手成績を調べている。体力づくりにも役立てたい。,スポーツ,3,validation
3988,来月に向けて、セキュリティを試してみたい。,IT・テクノロジー,0,test
3989,休日に美術館でゆっくり過ごしたい！,旅行・観光,2,train
3990,最近、飛行機へ飛行機で向かうので情報を集めている。,旅行・観光,2,train
3991,休日に選手が上手くなりたい。,スポーツ,3,train
3992,今日は仙台へ一人旅したい。,旅行・観光,2,validation
3993,最近、スマホの容量を増やしたい。新しい機能も試してみたい。,IT・テクノロジー,0,train
3994,朝から牛丼を夕食に作る。家族にも好評な味にしたい。,食事・料理,1,train
3995,休日に機械学習の不具合を直したい。できれば使いやすいものを選びたい。,IT・テクノロジー,0,train
3996,友人と話していて、バドミントンの選手成績を調べているので詳しく調べている。,スポーツ,3,train
3997,仕事の合間に観光バスへ週末に出かける。家族でも楽しめる場所がいい。,旅行・観光,2,validation
3998,家で城のホテルを探している。移動時間をなるべく短くしたい。,旅行・観光,2,train
3999,朝からルーターの構成を考えている,IT・テクノロジー,0,train
4000,ネットで朝食に野菜を追加したい。,食事・料理,1,train
4001,昨日、函館で食べ歩きしたい。現地のおいしいものも楽しみたい。,旅行・観光,2,train
4002,来月に向けて、コーヒーの店を探している,食事・料理,1,train
4003,ネットで経済成長について家計への影響を確認した。数字の背景も理解したい。,金融・経済,4,train
4004,昨日、ランチを休日に楽しみたいのが最近の関心事だ。,食事・料理,1,train
4005,昨日、CPUについて調べているのでメモしておいた。,IT・テクノロジー,0,train
4006,家で旅行費用から帰ってきたので詳しく調べている。,旅行・観光,2,train
4007,家でLinuxを新しくしたい！,IT・テクノロジー,0,train
4008,今日は試合の大会に出たいのでメモしておいた。,スポーツ,3,train
4009,来月に向けて、マラソンの道具を買い替えたい。,スポーツ,3,train
4010,今日はLinuxのログを確認している。初心者でも扱いやすい方法を探している。,IT・テクノロジー,0,train
4011,最近、Dockerを自動化に使いたいと考えている。,IT・テクノロジー,0,train
4012,温泉への交通費を調べていると考えている。,旅行・観光,2,test
4013,ふと思って、キャンプ場のホテルを探しているので情報を集めている。,旅行・観光,2,validation
4014,朝からサラダを夕食に作るので詳しく調べている。,食事・料理,1,validation
4015,お好み焼きを食べたい！,食事・料理,1,train
4016,来月に向けて、道の駅で泊まりたい。現地のおいしいものも楽しみたい。,旅行・観光,2,train
4017,仕事の合間にPythonの容量を増やしたいのが最近の関心事だ。,IT・テクノロジー,0,train
4018,今週はホームランのチームに入りたい。,スポーツ,3,train
4019,昨日、日本銀行について投資判断を考えている。,金融・経済,4,train
4020,仕事の合間にお土産をレンタカーで巡りたいので情報を集めている。,旅行・観光,2,validation
4021,来月に向けて、キャンプ場の宿泊費を比較しているのでメモしておいた。,旅行・観光,2,train
4022,少し前から選手を週末に楽しんでいる！,スポーツ,3,train
4023,昨日、炒飯のおすすめを知りたい,食事・料理,1,train
4024,休日にカフェを朝食に用意した。値段と量のバランスも気になる。,食事・料理,1,train
4025,日本代表を週末に楽しんでいる。次の試合も楽しみにしている。,スポーツ,3,train
4026,朝から金沢でゆっくり過ごしたい。現地のおいしいものも楽しみたい。,旅行・観光,2,train
4027,最近、金融政策を家計簿と一緒に確認している。リスクとリターンの両方を考えたい。,金融・経済,4,train
4028,仕事の合間にランチの店を探している。家族にも好評な味にしたい。,食事・料理,1,train
4029,仕事の合間にGDPが生活費に響いている。短期的な変動だけで判断しないようにしたい。,金融・経済,4,train
4030,少し前から山へ一人旅したい。現地のおいしいものも楽しみたい。,旅行・観光,2,test
4031,ふと思って、ワールドカップを観戦したい。,スポーツ,3,train
4032,ネットでデスクトップPCを自動化に使いたい。速度と安定性を重視している。,IT・テクノロジー,0,train
4033,最近、セキュリティを新しくしたいと思っている。,IT・テクノロジー,0,train
4034,ネットで機械学習について調べているのが最近の関心事だ。,IT・テクノロジー,0,train
4035,友人と話していて、スパイスを朝食に用意した。休日にゆっくり楽しみたい。,食事・料理,1,train
4036,ネットで金利について勉強しているのでメモしておいた。,金融・経済,4,train
4037,ネットで投資信託について家計への影響を確認した。家計への影響も確認しておきたい。,金融・経済,4,train
4038,仕事の合間にAzureのセキュリティを強化したいので詳しく調べている。,IT・テクノロジー,0,train
4039,今日は水泳の試合日程を見ている！,スポーツ,3,test
4040,ふと思って、那覇へ週末に出かける。,旅行・観光,2,train
4041,ふと思って、レストランをお弁当に入れたい。,食事・料理,1,train
4042,少し前からFRBの最新情報を調べている。長期的な傾向を見て判断したい。,金融・経済,4,train
4043,休日にプリンの盛り付けを工夫した。,食事・料理,1,train
4044,昨日、Jリーグを毎週続けている。,スポーツ,3,train
4045,ふと思って、シチューに野菜を追加したい。,食事・料理,1,validation
4046,仕事の合間にピザを手作りした！,食事・料理,1,train
4047,今週は福岡の名所を調べている。交通費を抑えたプランにしたい。,旅行・観光,2,validation
4048,ネットでうどんに合う調味料を知りたい。,食事・料理,1,train
4049,家で市場について専門家の解説を読んだ！,金融・経済,4,train
4050,休日に利益が下がっているので詳しく調べている。,金融・経済,4,train
4051,家でリーグ戦を週末に楽しんでいる。,スポーツ,3,test
4052,来月に向けて、サラダを辛めに作りたい。家族にも好評な味にしたい。,食事・料理,1,test
4053,今週は焼肉に合う調味料を知りたい。,食事・料理,1,train
4054,昨日、旅行のおすすめルートを知りたい！,旅行・観光,2,train
4055,来月に向けて、パソコンを開発しているので情報を集めている。,IT・テクノロジー,0,validation
4056,最近、パスタのおすすめを知りたい。家族にも好評な味にしたい。,食事・料理,1,train
4057,朝からセキュリティをアップデートしたい。新しい機能も試してみたい。,IT・テクノロジー,0,train
4058,少し前からクラウドを勉強したい。,IT・テクノロジー,0,train
4059,ネットでアイスのカロリーが気になると思っている。,食事・料理,1,train
4060,家で日本代表の試合を見た。,スポーツ,3,train
4061,朝からホームランを毎週続けている。,スポーツ,3,train
4062,今日は刺身に合う調味料を知りたい。休日にゆっくり楽しみたい。,食事・料理,1,train
4063,ネットで温泉から帰ってきたと考えている。,旅行・観光,2,train
4064,今日は調味料の盛り付けを工夫した。家族にも好評な味にしたい。,食事・料理,1,train
4065,賃金の予測を確認している,金融・経済,4,test
4066,友人と話していて、ホームランが上手くなりたい。もっと上達する方法を探している。,スポーツ,3,train
4067,休日に炒飯をもう一度食べたいのが最近の関心事だ。,食事・料理,1,train
4068,来月に向けて、刺身を朝食に用意した。辛さは控えめにしたい。,食事・料理,1,train
4069,朝から弁当を家族と食べたい。辛さは控えめにしたい。,食事・料理,1,train
4070,今週はスマホを設定している。新しい機能も試してみたい。,IT・テクノロジー,0,validation
4071,今日はテーマパークの旅館を予約したい。家族でも楽しめる場所がいい。,旅行・観光,2,train
4072,友人と話していて、ゴルフの観戦チケットを取った。無理なく長く続けたい。,スポーツ,3,train
4073,昨日、焼肉を休日に楽しみたい。休日にゆっくり楽しみたい。,食事・料理,1,train
4074,昨日、利益をニュースで見た。複数の情報源を比較している。,金融・経済,4,test
4075,ふと思って、キーボードのログを確認している。,IT・テクノロジー,0,test
4076,友人と話していて、円相場のリスクを考えているのが最近の関心事だ。,金融・経済,4,test
4077,家で新幹線で泊まりたい。現地のおいしいものも楽しみたい。,旅行・観光,2,test
4078,友人と話していて、ワールドカップを友人とプレーしたのが最近の関心事だ。,スポーツ,3,validation
4079,ふと思って、函館の宿泊費を比較している。,旅行・観光,2,train
4080,最近、肉料理を夕食に作る。,食事・料理,1,train
4081,最近、練習の得点シーンを見返した。次の試合も楽しみにしている。,スポーツ,3,test
4082,朝から年金の仕組みを知りたい。,金融・経済,4,train
4083,友人と話していて、SQLの設定を見直したいと思っている。,IT・テクノロジー,0,train
4084,ネットで雇用統計が下がっている！,金融・経済,4,train
4085,今日はサーバーの構成を考えている。速度と安定性を重視している。,IT・テクノロジー,0,train
4086,家でキーボードを業務に活用したいのが最近の関心事だ。,IT・テクノロジー,0,train
4087,APIについて調べている。仕事でも使える構成にしたい。,IT・テクノロジー,0,train
4088,少し前から景気について制度を調べた。,金融・経済,4,test
4089,家で味噌汁に野菜を追加したい。,食事・料理,1,train
4090,海外旅行へ飛行機で向かう。,旅行・観光,2,train
4091,朝から旅行費用へ週末に出かける。混雑を避けて回りたい。,旅行・観光,2,train
4092,今日は売上の最新情報を調べている。長期的な傾向を見て判断したい。,金融・経済,4,train
4093,家でボクシングで記録を伸ばしたい！,スポーツ,3,train
4094,来月に向けて、体育館で体を動かしたい,スポーツ,3,train
4095,今週は予算を毎日チェックしているのでメモしておいた。,金融・経済,4,train
4096,今週は水泳のプロ選手を目指している。基礎からフォームを見直したい。,スポーツ,3,train
4097,今週はラグビーの大会に出たい。,スポーツ,3,train
4098,少し前から経済成長について勉強している。,金融・経済,4,train
4099,休日にゴールのルールを調べている。,スポーツ,3,train
4100,朝から投資信託について基本から学びたい。,金融・経済,4,train
4101,昨日、Wi-Fiを開発している。新しい機能も試してみたい。,IT・テクノロジー,0,train
4102,友人と話していて、温泉街で写真を撮りたい。,旅行・観光,2,test
4103,来月に向けて、企業業績の動きを確認している。長期的な傾向を見て判断したい。,金融・経済,4,train
4104,今週は観光ルートのホテルを探していると考えている。,旅行・観光,2,train
4105,友人と話していて、住宅ローンについて勉強している。短期的な変動だけで判断しないようにしたい。,金融・経済,4,validation
4106,iPadの構成を考えている。仕事でも使える構成にしたい。,IT・テクノロジー,0,train
4107,キーボードの設定を見直したい！,IT・テクノロジー,0,train
4108,休日にプリンを簡単に作りたい。,食事・料理,1,train
4109,最近、福岡へ連休に行く予定だので詳しく調べている。,旅行・観光,2,train
4110,ふと思って、データベースのログを確認していると考えている。,IT・テクノロジー,0,train
4111,家で福岡をレンタカーで巡りたい。家族でも楽しめる場所がいい。,旅行・観光,2,train
4112,昨日、利益への影響を調べていると思っている。,金融・経済,4,train
4113,朝からピザを手作りした！,食事・料理,1,train
4114,バスケットボールの試合日程を見ている。,スポーツ,3,train
4115,今週は山の観光スポットを知りたい。混雑を避けて回りたい。,旅行・観光,2,train
4116,仕事の合間にバスケットボールのルールを調べている。,スポーツ,3,train
4117,家で空港を家族で訪れたい！,旅行・観光,2,train
4118,友人と話していて、餃子のカロリーが気になる。近くのおいしい店も探している。,食事・料理,1,train
4119,今日は政策金利が上がっている。,金融・経済,4,train
4120,ふと思って、住宅ローンが生活費に響いている。長期的な傾向を見て判断したい。,金融・経済,4,train
4121,ふと思って、ファイアウォールを新しくしたい。予算と性能のバランスも気になる。,IT・テクノロジー,0,train
4122,家でバレーボールの練習メニューを考えている。体力づくりにも役立てたい。,スポーツ,3,train
4123,休日に紅茶がおいしかった。,食事・料理,1,test
4124,ふと思って、水族館の名所を調べている。交通費を抑えたプランにしたい。,旅行・観光,2,train
4125,今週は神社までの行き方を調べている。,旅行・観光,2,train
4126,今日は美術館を観光したい。,旅行・観光,2,train
4127,昨日、定期預金について専門家の解説を読んだ。短期的な変動だけで判断しないようにしたい。,金融・経済,4,train
4128,今日は利益について勉強している。,金融・経済,4,train
4129,最近、Pythonの容量を増やしたいと考えている。,IT・テクノロジー,0,train
4130,ふと思って、北海道で食べ歩きしたい,旅行・観光,2,train
4131,ふと思って、資産運用が下がっている。,金融・経済,4,train
4132,友人と話していて、デフレが上がっている。数字の背景も理解したい。,金融・経済,4,train
4133,今週は財政の予測を確認している。,金融・経済,4,test
4134,今週はLinuxのログを確認している。速度と安定性を重視している。,IT・テクノロジー,0,train
4135,来月に向けて、焼き魚をテイクアウトしたい。値段と量のバランスも気になる。,食事・料理,1,train
4136,来月に向けて、得点を友人とプレーした！,スポーツ,3,train
4137,昨日、体育館で体を動かしたいのでメモしておいた。,スポーツ,3,train
4138,定食の店を探している。休日にゆっくり楽しみたい。,食事・料理,1,train
4139,今日はGoogle Cloudの不具合を直したい。できれば使いやすいものを選びたい。,IT・テクノロジー,0,validation
4140,大会のトレーニングを始めた。体力づくりにも役立てたい。,スポーツ,3,train
4141,ネットで海外旅行でゆっくり過ごしたい。現地のおいしいものも楽しみたい。,旅行・観光,2,train
4142,仕事の合間にマラソンの観戦チケットを取ったのが最近の関心事だ。,スポーツ,3,train
4143,朝からたこ焼きを注文したと思っている。,食事・料理,1,train
4144,昨日、シチューをお弁当に入れたい。辛さは控えめにしたい。,食事・料理,1,train
4145,今週は朝食がおいしかった。値段と量のバランスも気になる。,食事・料理,1,validation
4146,ふと思って、神社へ飛行機で向かうのが最近の関心事だ。,旅行・観光,2,validation
4147,今週は刺身を注文したと考えている。,食事・料理,1,train
4148,ネットでレスリングの練習メニューを考えている。選手のプレーを参考にしたい。,スポーツ,3,train
4149,来月に向けて、金利が生活費に響いているのが最近の関心事だ。,金融・経済,4,train
4150,今週は税金を比較している。数字の背景も理解したい。,金融・経済,4,train
4151,昨日、たこ焼きを昼ごはんに食べた。,食事・料理,1,train
4152,水泳のプロ選手を目指していると思っている。,スポーツ,3,train
4153,昨日、賃金への影響を調べていると思っている。,金融・経済,4,validation
4154,ふと思って、物価を家計簿と一緒に確認していると思っている。,金融・経済,4,train
4155,ふと思って、スマートフォンを買い替えたい。できれば使いやすいものを選びたい。,IT・テクノロジー,0,train
4156,年金が生活費に響いている。家計への影響も確認しておきたい。,金融・経済,4,train
4157,最近、魚料理を朝食に用意したと考えている。,食事・料理,1,train
4158,朝から利益の予測を確認している。複数の情報源を比較している。,金融・経済,4,train
4159,朝から長崎で泊まりたいと考えている。,旅行・観光,2,train
4160,休日に福岡へ新幹線で行くので情報を集めている。,旅行・観光,2,train
4161,今週は筋トレのフォームを改善したい。次の試合も楽しみにしている。,スポーツ,3,train
4162,為替の最新情報を調べている！,金融・経済,4,train
4163,家でサンドイッチを作りたい！,食事・料理,1,train
4164,最近、年金の予測を確認している。リスクとリターンの両方を考えたい。,金融・経済,4,train
4165,休日に長崎で食べ歩きしたい！,旅行・観光,2,train
4166,来月に向けて、バレーボールの選手を応援しているので詳しく調べている。,スポーツ,3,train
4167,AIを使ったアプリを作りたい。,IT・テクノロジー,0,train
4168,休日にラグビーを観戦したいと思っている。,スポーツ,3,train
4169,朝からスキーを週末に楽しんでいるのが最近の関心事だ。,スポーツ,3,train
4170,昨日、味噌汁をテイクアウトしたい。休日にゆっくり楽しみたい。,食事・料理,1,train
4171,少し前からCPUを自作してみたい。,IT・テクノロジー,0,test
4172,ふと思って、JavaScriptがほしい。,IT・テクノロジー,0,train
4173,ネットで親子丼の作り方を覚えたい。休日にゆっくり楽しみたい。,食事・料理,1,train
4174,少し前からサーバーをインストールしたのでメモしておいた。,IT・テクノロジー,0,train
4175,今日はプリンを手作りした。,食事・料理,1,train
4176,少し前からWindowsをインストールしたのでメモしておいた。,IT・テクノロジー,0,train
4177,ネットでAWSを高速化したい！,IT・テクノロジー,0,train
4178,今日は金沢の旅行プランを作っている。,旅行・観光,2,train
4179,ネットでチームの道具を買い替えたい。,スポーツ,3,train
4180,休日にFRBを比較している。リスクとリターンの両方を考えたい。,金融・経済,4,train
4181,仕事の合間にTOPIXをニュース記事で読んだ！,金融・経済,4,train
4182,来月に向けて、フィギュアスケートの練習試合に参加した。体力づくりにも役立てたい。,スポーツ,3,test
4183,家で旅行費用で写真を撮りたいので詳しく調べている。,旅行・観光,2,test
4184,ふと思って、寿司をお弁当に入れたいので詳しく調べている。,食事・料理,1,train
4185,友人と話していて、ピザを家族と食べたいと思っている。,食事・料理,1,test
4186,少し前から函館の旅館を予約したい,旅行・観光,2,train
4187,昨日、ホームランの日本代表が気になるので情報を集めている。,スポーツ,3,test
4188,今週は監督のチームに入りたい！,スポーツ,3,train
4189,少し前からiPadを試してみたい。初心者でも扱いやすい方法を探している。,IT・テクノロジー,0,train
4190,来月に向けて、レシピに合う調味料を知りたいと考えている。,食事・料理,1,test
4191,最近、道の駅を家族で訪れたいのが最近の関心事だ。,旅行・観光,2,train
4192,今日は餃子の作り方を覚えたいと考えている。,食事・料理,1,train
4193,休日にインフレを毎日チェックしていると思っている。,金融・経済,4,train
4194,最近、旅館の宿泊費を比較していると思っている。,旅行・観光,2,train
4195,来月に向けて、SSDを導入したい。,IT・テクノロジー,0,validation
4196,友人と話していて、居酒屋を食べ比べたいと思っている。,食事・料理,1,validation
4197,今日は自転車競技の道具を買い替えたい。,スポーツ,3,train
4198,最近、景気の変化が気になっている。リスクとリターンの両方を考えたい。,金融・経済,4,train
4199,ふと思って、筋トレの試合を見た。次の試合も楽しみにしている。,スポーツ,3,train
4200,昨日、雇用統計についてデータを集めているので詳しく調べている。,金融・経済,4,train
4201,ふと思って、セキュリティの構成を考えている。,IT・テクノロジー,0,train
4202,ふと思って、一人旅へ週末に出かけると思っている。,旅行・観光,2,train
4203,友人と話していて、宿泊の旅館を予約したい。,旅行・観光,2,train
4204,今日はFRBについて勉強している。リスクとリターンの両方を考えたい。,金融・経済,4,train
4205,仕事の合間にデザートの人気店を調べている。,食事・料理,1,test
4206,家で円相場を家計簿と一緒に確認している！,金融・経済,4,train
4207,朝からデフレを家計簿と一緒に確認している。長期的な傾向を見て判断したい。,金融・経済,4,train
4208,家で為替レートを比較している。,金融・経済,4,train
4209,来月に向けて、ラグビーを友人とプレーした。,スポーツ,3,train
4210,ネットでレストランのカロリーが気になる。近くのおいしい店も探している。,食事・料理,1,train
4211,少し前からインフレをニュース記事で読んだ！,金融・経済,4,train
4212,今週は神社でお土産を買いたい。交通費を抑えたプランにしたい。,旅行・観光,2,validation
4213,休日に朝食を冷凍保存したい！,食事・料理,1,train
4214,仕事の合間に日経平均を家計簿と一緒に確認しているのでメモしておいた。,金融・経済,4,train
4215,友人と話していて、福岡のおすすめルートを知りたいと考えている。,旅行・観光,2,validation
4216,ネットで美術館の宿泊費を比較している。,旅行・観光,2,train
4217,少し前からケーキを冷凍保存したい。近くのおいしい店も探している。,食事・料理,1,train
4218,朝から為替レートについて基本から学びたいので詳しく調べている。,金融・経済,4,train
4219,来月に向けて、サッカーのプロ選手を目指しているので詳しく調べている。,スポーツ,3,train
4220,朝から消費税が下がっている。数字の背景も理解したい。,金融・経済,4,validation
4221,家で東京の名所を調べている。移動時間をなるべく短くしたい。,旅行・観光,2,train
4222,朝から金融政策が企業業績に与える影響を調べたのが最近の関心事だ。,金融・経済,4,test
4223,少し前から居酒屋を友人と食べに行く,食事・料理,1,train
4224,最近、Google Cloudを勉強したいのでメモしておいた。,IT・テクノロジー,0,train
4225,仕事の合間にGitHubでツールを作りたい。速度と安定性を重視している。,IT・テクノロジー,0,train
4226,家でピザを朝食に用意した！,食事・料理,1,test
4227,ネットで配当について基本から学びたいので詳しく調べている。,金融・経済,4,train
4228,今週はバレーで記録を伸ばしたい。,スポーツ,3,train
4229,今日は展望台で温泉に入りたい。交通費を抑えたプランにしたい。,旅行・観光,2,test
4230,今日はピザの作り方を覚えたい。,食事・料理,1,train
4231,ネットで野菜を簡単に作りたい,食事・料理,1,train
4232,仕事の合間に年金を家計簿と一緒に確認している。,金融・経済,4,train
4233,休日にプリンを冷凍保存したいと考えている。,食事・料理,1,train
4234,ネットで札幌の旅館を予約したい。宿泊先の評判も確認している。,旅行・観光,2,validation
4235,来月に向けて、観光地で観光案内を見ている。家族でも楽しめる場所がいい。,旅行・観光,2,train
4236,朝からトレーニングが上手くなりたい。,スポーツ,3,train
4237,仕事の合間に生成AIの構成を考えている！,IT・テクノロジー,0,validation
4238,ふと思って、市場が企業業績に与える影響を調べた。,金融・経済,4,validation
4239,家でパソコンの設定を見直したい！,IT・テクノロジー,0,train
4240,休日にファイアウォールを導入したい。,IT・テクノロジー,0,train
4241,家で大阪でゆっくり過ごしたい。,旅行・観光,2,train
4242,昨日、スノーボードの練習試合に参加した。,スポーツ,3,train
4243,来月に向けて、メモリでツールを作りたい！,IT・テクノロジー,0,train
4244,昨日、牛丼を食べ比べたい。近くのおいしい店も探している。,食事・料理,1,train
4245,ふと思って、GDPへの影響を調べている。,金融・経済,4,train
4246,海から帰ってきたのが最近の関心事だ。,旅行・観光,2,train
4247,家でWindowsについて学習中だ。できれば使いやすいものを選びたい。,IT・テクノロジー,0,train
4248,仕事の合間に美術館を家族で訪れたい。,旅行・観光,2,validation
4249,ネットでフォームを週末に楽しんでいる。,スポーツ,3,train
4250,為替の推移をグラフで見ている。,金融・経済,4,train
4251,休日に東京の混雑状況が気になる。,旅行・観光,2,train
4252,お土産へ飛行機で向かうので情報を集めている。,旅行・観光,2,train
4253,今週はデフレの最新情報を調べている！,金融・経済,4,train
4254,朝からホームランを毎週続けている。選手のプレーを参考にしたい。,スポーツ,3,train
4255,来月に向けて、大阪で観光案内を見ている。混雑を避けて回りたい。,旅行・観光,2,train
4256,最近、体育館のルールを調べていると思っている。,スポーツ,3,test
4257,来月に向けて、北海道へ連休に行く予定だ。,旅行・観光,2,train
4258,休日に那覇の混雑状況が気になる。現地のおいしいものも楽しみたい。,旅行・観光,2,train
4259,昨日、ホテルの名所を調べている。,旅行・観光,2,train
4260,今日は神戸へ行きたい。現地のおいしいものも楽しみたい。,旅行・観光,2,train
4261,少し前から城の旅館を予約したい。宿泊先の評判も確認している。,旅行・観光,2,test
4262,来月に向けて、ロードバイクの大会に出たい,スポーツ,3,train
4263,休日にホームランの道具を買い替えたいと思っている。,スポーツ,3,train
4264,来月に向けて、旅館へ行きたい。宿泊先の評判も確認している。,旅行・観光,2,validation
4265,朝から夕食の店を探している。辛さは控えめにしたい。,食事・料理,1,train
4266,ふと思って、飛行機へ行きたい。,旅行・観光,2,train
4267,最近、定期預金のリスクを考えているので詳しく調べている。,金融・経済,4,train
4268,今日は柔道を友人とプレーした。,スポーツ,3,train
4269,少し前から人工知能について調べている。,IT・テクノロジー,0,train
4270,最近、観光ルートを家族で訪れたいと考えている。,旅行・観光,2,train
4271,今週はノートパソコンがほしい。初心者でも扱いやすい方法を探している。,IT・テクノロジー,0,train
4272,少し前からたこ焼きに野菜を追加したい。近くのおいしい店も探している。,食事・料理,1,validation
4273,天ぷらの作り方を覚えたいので詳しく調べている。,食事・料理,1,train
4274,最近、札幌へ連休に行く予定だ！,旅行・観光,2,test
4275,仕事の合間に国債の今後が気になる。,金融・経済,4,train
4276,家で企業業績について制度を調べた！,金融・経済,4,train
4277,今日は野球の大会結果に驚いた。,スポーツ,3,test
4278,スパイスを友人と食べに行くのでメモしておいた。,食事・料理,1,train
4279,朝からセキュリティをインストールしたと考えている。,IT・テクノロジー,0,train
4280,住宅ローンの予測を確認している。,金融・経済,4,train
4281,朝からゲーミングPCを接続したい。できれば使いやすいものを選びたい。,IT・テクノロジー,0,train
4282,ふと思って、経済ニュースについて家計への影響を確認した。,金融・経済,4,train
4283,朝から大会で汗を流したのが最近の関心事だ。,スポーツ,3,train
4284,家で水族館のホテルを探している！,旅行・観光,2,validation
4285,スマホを高速化したい。仕事でも使える構成にしたい。,IT・テクノロジー,0,train
4286,最近、金融政策を比較している。長期的な傾向を見て判断したい。,金融・経済,4,train
4287,朝から株価のリスクを考えている。リスクとリターンの両方を考えたい。,金融・経済,4,train
4288,SQLを試してみたいのでメモしておいた。,IT・テクノロジー,0,train
4289,少し前から国内旅行へ一人旅したい。混雑を避けて回りたい。,旅行・観光,2,train
4290,友人と話していて、ハンバーグの作り方を覚えたい。家族にも好評な味にしたい。,食事・料理,1,train
4291,来月に向けて、コーヒーをさっぱり味にしたい。できれば簡単に作れる方法がいい。,食事・料理,1,validation
4292,仕事の合間に炒飯をテイクアウトしたいと思っている。,食事・料理,1,train
4293,朝からチャットボットを自作してみたい！,IT・テクノロジー,0,train
4294,ふと思って、GDPを資産形成に活用したい。リスクとリターンの両方を考えたい。,金融・経済,4,train
4295,朝から練習を毎週続けているのでメモしておいた。,スポーツ,3,validation
4296,今週は株式について制度を調べた。,金融・経済,4,train
4297,昨日、預金をニュース記事で読んだのが最近の関心事だ。,金融・経済,4,train
4298,来月に向けて、資産運用の予測を確認している。複数の情報源を比較している。,金融・経済,4,train
4299,仕事の合間にGitHubの構成を考えている。,IT・テクノロジー,0,train
4300,ふと思って、金利をニュース記事で読んだ。,金融・経済,4,train
4301,今日はWindowsについて学習中だ！,IT・テクノロジー,0,train
4302,来月に向けて、仙台で観光案内を見ているので詳しく調べている。,旅行・観光,2,validation
4303,友人と話していて、唐揚げをさっぱり味にしたい。近くのおいしい店も探している。,食事・料理,1,train
4304,友人と話していて、日本銀行を毎日チェックしている！,金融・経済,4,train
4305,最近、紅茶のおすすめを知りたいと考えている。,食事・料理,1,train
4306,休日にシーフードのおすすめを知りたいと考えている。,食事・料理,1,train
4307,ネットでレスリングを練習しているのが最近の関心事だ。,スポーツ,3,validation
4308,来月に向けて、サッカーの戦術を分析したいと思っている。,スポーツ,3,train
4309,来月に向けて、スマートフォンを買い替えたいので詳しく調べている。,IT・テクノロジー,0,train
4310,ネットでケーキの材料を買ってきたのでメモしておいた。,食事・料理,1,validation
4311,昨日、広島の宿泊費を比較している。,旅行・観光,2,train
4312,今日は離島の旅行プランを作っている！,旅行・観光,2,train
4313,少し前から展望台へ飛行機で向かうのでメモしておいた。,旅行・観光,2,train
4314,今日は剣道の試合を見た。基礎からフォームを見直したい。,スポーツ,3,train
4315,朝から神戸の宿泊費を比較している。宿泊先の評判も確認している。,旅行・観光,2,train
4316,ふと思って、空港で観光案内を見ている,旅行・観光,2,train
4317,来月に向けて、シーフードのおすすめを知りたい。,食事・料理,1,train
4318,少し前からCopilotについて学習中だ,IT・テクノロジー,0,train
4319,昨日、旅行費用で温泉に入りたい。,旅行・観光,2,train
4320,投資が下がっているので詳しく調べている。,金融・経済,4,train
4321,今日はリーグ戦を練習している。基礎からフォームを見直したい。,スポーツ,3,test
4322,友人と話していて、オムライスの味付けを工夫したい。できれば簡単に作れる方法がいい。,食事・料理,1,train
4323,友人と話していて、データベースがほしい。,IT・テクノロジー,0,train
4324,仕事の合間に決算が企業業績に与える影響を調べた。,金融・経済,4,train
4325,今週は筋トレを観戦したい。選手のプレーを参考にしたい。,スポーツ,3,validation
4326,ネットで利益の変化が気になっている。,金融・経済,4,train
4327,家で生成AIを設定している。,IT・テクノロジー,0,train
4328,今日は東京で写真を撮りたい。,旅行・観光,2,train
4329,ネットで卓球が上手くなりたい。体力づくりにも役立てたい。,スポーツ,3,test
4330,休日にマラソンの大会に出たい。無理なく長く続けたい。,スポーツ,3,test
4331,友人と話していて、投資の最新情報を調べている。,金融・経済,4,train
4332,仕事の合間に水族館で観光案内を見ている。,旅行・観光,2,test
4333,家で寿司を家族と食べたい。休日にゆっくり楽しみたい。,食事・料理,1,test
4334,今日はJavaScriptを勉強したいのが最近の関心事だ。,IT・テクノロジー,0,train
4335,友人と話していて、ホームランのチームに入りたい。無理なく長く続けたい。,スポーツ,3,train
4336,家で所得税への影響を調べていると考えている。,金融・経済,4,train
4337,友人と話していて、FRBのリスクを考えているので情報を集めている。,金融・経済,4,train
4338,家でLLMのセキュリティを強化したい。,IT・テクノロジー,0,train
4339,来月に向けて、シーフードの味付けを工夫したい。,食事・料理,1,train
4340,昨日、温泉街のホテルを探している。,旅行・観光,2,train
4341,仕事の合間に海へ連休に行く予定だ。現地のおいしいものも楽しみたい。,旅行・観光,2,train
4342,友人と話していて、フィギュアスケートの練習メニューを考えている,スポーツ,3,train
4343,仕事の合間にロードバイクを友人とプレーした！,スポーツ,3,train
4344,今日は消費税を家計簿と一緒に確認しているので詳しく調べている。,金融・経済,4,train
4345,少し前からTOPIXの最新情報を調べている。複数の情報源を比較している。,金融・経済,4,validation
4346,朝からレストランを簡単に作りたい。家族にも好評な味にしたい。,食事・料理,1,test
4347,ふと思って、VPNの使い方を知りたい。予算と性能のバランスも気になる。,IT・テクノロジー,0,train
4348,朝から那覇を観光したいのが最近の関心事だ。,旅行・観光,2,test
4349,今週はオムライスを冷凍保存したい。休日にゆっくり楽しみたい。,食事・料理,1,train
4350,少し前からサンドイッチを朝食に用意した。,食事・料理,1,train
4351,昨日、スパイスを昼ごはんに食べた,食事・料理,1,train
4352,家でマウスをアップデートしたい。速度と安定性を重視している。,IT・テクノロジー,0,train
4353,チャットボットを新しくしたいので詳しく調べている。,IT・テクノロジー,0,train
4354,来月に向けて、景気について制度を調べた。,金融・経済,4,train
4355,家でタブレットを設定している。仕事でも使える構成にしたい。,IT・テクノロジー,0,train
4356,VPNの性能を比較したい！,IT・テクノロジー,0,train
4357,朝から金利の予測を確認している。,金融・経済,4,train
4358,今週は沖縄までの行き方を調べていると思っている。,旅行・観光,2,train
4359,ふと思って、リーグ戦のフォームを改善したい,スポーツ,3,train
4360,家で宿泊の名所を調べていると考えている。,旅行・観光,2,train
4361,昨日、トーナメントを観戦したい。もっと上達する方法を探している。,スポーツ,3,train
4362,来月に向けて、新幹線へ新幹線で行く。交通費を抑えたプランにしたい。,旅行・観光,2,train
4363,今日はマウスの容量を増やしたい。できれば使いやすいものを選びたい。,IT・テクノロジー,0,train
4364,ネットで那覇で温泉に入りたいのでメモしておいた。,旅行・観光,2,train
4365,友人と話していて、家計について制度を調べたと考えている。,金融・経済,4,train
4366,今週は金融政策について専門家の解説を読んだと考えている。,金融・経済,4,train
4367,家で調味料を休日に楽しみたい。,食事・料理,1,train
4368,今週は観光ルートから帰ってきた。,旅行・観光,2,train
4369,休日にサンドイッチを手作りした。値段と量のバランスも気になる。,食事・料理,1,train
4370,ふと思って、展望台でお土産を買いたいので詳しく調べている。,旅行・観光,2,train
4371,休日にリーグ戦の大会結果に驚いた。体力づくりにも役立てたい。,スポーツ,3,train
4372,休日にFRBを長期的に見ている。,金融・経済,4,train
4373,来月に向けて、レシピを家族と食べたい。家族にも好評な味にしたい。,食事・料理,1,train
4374,友人と話していて、寿司を休日に楽しみたい！,食事・料理,1,train
4375,ふと思って、福岡の観光スポットを知りたい,旅行・観光,2,train
4376,練習の戦術を分析したい,スポーツ,3,train
4377,朝から定期預金について専門家の解説を読んだ。家計への影響も確認しておきたい。,金融・経済,4,train
4378,少し前からPythonをアップデートしたい。初心者でも扱いやすい方法を探している。,IT・テクノロジー,0,test
4379,少し前から政策金利を資産形成に活用したい！,金融・経済,4,test
4380,ふと思って、ボクシングを練習している。無理なく長く続けたい。,スポーツ,3,train
4381,来月に向けて、レストランをさっぱり味にしたい。家族にも好評な味にしたい。,食事・料理,1,train
4382,朝からピザの人気店を調べていると考えている。,食事・料理,1,validation
4383,ゴールを練習していると思っている。,スポーツ,3,train
4384,ネットでスープを食べ比べたい。,食事・料理,1,train
4385,朝から投資の最新情報を調べていると思っている。,金融・経済,4,train
4386,家で金融政策の見通しを確認している。,金融・経済,4,train
4387,仕事の合間に野菜を手作りした！,食事・料理,1,train
4388,今週はCopilotを新しくしたい,IT・テクノロジー,0,train
4389,ふと思って、バレーボールの日本代表が気になる。体力づくりにも役立てたい。,スポーツ,3,train
4390,ふと思って、レスリングの結果を確認した。基礎からフォームを見直したい。,スポーツ,3,test
4391,卓球のチームに入りたい。次の試合も楽しみにしている。,スポーツ,3,train
4392,生成AIの構成を考えている！,IT・テクノロジー,0,train
4393,家で仙台を観光したい。,旅行・観光,2,train
4394,休日にTOPIXについて経済指標を見ている。リスクとリターンの両方を考えたい。,金融・経済,4,train
4395,友人と話していて、CPUを設定している,IT・テクノロジー,0,train
4396,ふと思って、SQLを勉強したい！,IT・テクノロジー,0,train
4397,昨日、株式を毎日チェックしている。,金融・経済,4,validation
4398,最近、体操のトレーニングを始めたのでメモしておいた。,スポーツ,3,train
4399,少し前から景気について制度を調べた！,金融・経済,4,train
4400,家でランチの盛り付けを工夫した。家族にも好評な味にしたい。,食事・料理,1,train
4401,来月に向けて、プリンを食べたい。,食事・料理,1,train
4402,今週は財政のリスクを考えている。短期的な変動だけで判断しないようにしたい。,金融・経済,4,train
4403,友人と話していて、資産運用について投資判断を考えているのが最近の関心事だ。,金融・経済,4,train
4404,友人と話していて、試合のルールを調べているのでメモしておいた。,スポーツ,3,train
4405,仕事の合間にステーキを食べ比べたい。近くのおいしい店も探している。,食事・料理,1,train
4406,朝から離島までの行き方を調べている！,旅行・観光,2,train
4407,朝から国内旅行の旅行プランを作っている。,旅行・観光,2,train
4408,家で定食をさっぱり味にしたいと考えている。,食事・料理,1,train
4409,昨日、コンテナを導入したい。,IT・テクノロジー,0,train
4410,朝から監督で記録を伸ばしたい。次の試合も楽しみにしている。,スポーツ,3,train
4411,ネットで牛丼をお弁当に入れたい。,食事・料理,1,train
4412,来月に向けて、Linuxの最新版が気になる。,IT・テクノロジー,0,train
4413,家でローンが上がっているので情報を集めている。,金融・経済,4,train
4414,少し前から城を一日で回りたい。交通費を抑えたプランにしたい。,旅行・観光,2,train
4415,来月に向けて、調味料のレシピを探している。,食事・料理,1,train
4416,友人と話していて、ゴルフの試合日程を見ているのが最近の関心事だ。,スポーツ,3,train
4417,友人と話していて、オリンピックのルールを調べている。選手のプレーを参考にしたい。,スポーツ,3,train
4418,家でPythonを勉強したい。できれば使いやすいものを選びたい。,IT・テクノロジー,0,train
4419,ピザを食べたいと思っている。,食事・料理,1,train
4420,今日はケーキに合う調味料を知りたい。近くのおいしい店も探している。,食事・料理,1,train
4421,少し前からゴールの観戦チケットを取った。,スポーツ,3,train
4422,朝から温泉街でゆっくり過ごしたい。,旅行・観光,2,train
4423,最近、神戸で写真を撮りたいので情報を集めている。,旅行・観光,2,train
4424,ネットでモニターを開発している。,IT・テクノロジー,0,train
4425,友人と話していて、北海道への旅行を計画していると思っている。,旅行・観光,2,train
4426,昨日、お土産の名所を調べている！,旅行・観光,2,train
4427,今週はゲーミングPCを自動化に使いたいので詳しく調べている。,IT・テクノロジー,0,train
4428,朝からステーキを注文した。,食事・料理,1,train
4429,仕事の合間にカフェのおすすめを知りたい。近くのおいしい店も探している。,食事・料理,1,train
4430,少し前から動物園へ飛行機で向かう！,旅行・観光,2,train
4431,休日に住宅ローンについて投資判断を考えている。リスクとリターンの両方を考えたい。,金融・経済,4,test
4432,ふと思って、マラソンの練習試合に参加した。体力づくりにも役立てたい。,スポーツ,3,validation
4433,昨日、FRBについて家計への影響を確認したのでメモしておいた。,金融・経済,4,train
4434,昨日、美術館で泊まりたいのでメモしておいた。,旅行・観光,2,train
4435,チームで汗を流した。基礎からフォームを見直したい。,スポーツ,3,train
4436,来月に向けて、プリンを休日に楽しみたい。,食事・料理,1,train
4437,今週はデータベースの容量を増やしたい！,IT・テクノロジー,0,train
4438,最近、城で観光案内を見ている！,旅行・観光,2,validation
4439,ネットで政策金利について経済指標を見ているのが最近の関心事だ。,金融・経済,4,test
4440,昨日、温泉で泊まりたい。家族でも楽しめる場所がいい。,旅行・観光,2,validation
4441,ふと思って、日経平均が下がっていると思っている。,金融・経済,4,train
4442,休日に函館で写真を撮りたい。宿泊先の評判も確認している。,旅行・観光,2,train
4443,今週は焼肉に合う調味料を知りたい！,食事・料理,1,train
4444,休日に保険の動きを確認している。,金融・経済,4,train
4445,少し前からゴルフの大会をテレビで見た。無理なく長く続けたい。,スポーツ,3,test
4446,朝から資産運用をニュース記事で読んだ。,金融・経済,4,train
4447,最近、ラグビーの選手を応援している！,スポーツ,3,train
4448,今週は飛行機までの行き方を調べている。家族でも楽しめる場所がいい。,旅行・観光,2,train
4449,昨日、タブレットの設定を見直したい。予算と性能のバランスも気になる。,IT・テクノロジー,0,test
4450,友人と話していて、体育館の選手成績を調べている。,スポーツ,3,train
4451,今週は税金について制度を調べた。短期的な変動だけで判断しないようにしたい。,金融・経済,4,train
4452,企業業績の動向に注目している！,金融・経済,4,train
4453,来月に向けて、スパイスを食べ比べたい。辛さは控えめにしたい。,食事・料理,1,validation
4454,朝からレストランを夕食に作る。,食事・料理,1,train
4455,少し前から予算を長期的に見ている！,金融・経済,4,train
4456,朝から天ぷらを作りたいので詳しく調べている。,食事・料理,1,test
4457,今日は試合の選手を応援している。,スポーツ,3,train
4458,今週は唐揚げのレシピを探している。家族にも好評な味にしたい。,食事・料理,1,train
4459,最近、温泉街の旅館を予約したい。,旅行・観光,2,test
4460,休日に財政の最新情報を調べている。リスクとリターンの両方を考えたい。,金融・経済,4,validation
4461,昨日、国内旅行へ一人旅したい。宿泊先の評判も確認している。,旅行・観光,2,train
4462,今週は博物館の旅館を予約したい。宿泊先の評判も確認している。,旅行・観光,2,train
4463,少し前から観光ルートの景色を見たいのでメモしておいた。,旅行・観光,2,train
4464,昨日、寺で泊まりたいのでメモしておいた。,旅行・観光,2,train
4465,来月に向けて、モニターを業務に活用したい。,IT・テクノロジー,0,train
4466,ネットでスポーツ観戦の得点シーンを見返したので詳しく調べている。,スポーツ,3,train
4467,ふと思って、ルーターの構成を考えているので情報を集めている。,IT・テクノロジー,0,test
4468,仕事の合間にクレジットカードの推移をグラフで見ている。,金融・経済,4,train
4469,ふと思って、家族旅行の旅館を予約したい。混雑を避けて回りたい。,旅行・観光,2,train
4470,仕事の合間に選手の得点シーンを見返した。次の試合も楽しみにしている。,スポーツ,3,validation
4471,仕事の合間にPCの構成を考えているのが最近の関心事だ。,IT・テクノロジー,0,train
4472,来月に向けて、柔道のチームに入りたい！,スポーツ,3,validation
4473,友人と話していて、大会で汗を流した。もっと上達する方法を探している。,スポーツ,3,validation
4474,最近、パンを冷凍保存したい！,食事・料理,1,test
4475,最近、ランニングの試合日程を見ている。,スポーツ,3,train
4476,ゴルフを毎週続けている。無理なく長く続けたい。,スポーツ,3,train
4477,最近、デザートを夕食に作る。,食事・料理,1,test
4478,ネットでJavaScriptでエラーが出た。仕事でも使える構成にしたい。,IT・テクノロジー,0,train
4479,朝からスマートフォンをアップデートしたい,IT・テクノロジー,0,train
4480,今週は機械学習を新しくしたいので情報を集めている。,IT・テクノロジー,0,train
4481,朝からプログラミングを買い替えたい！,IT・テクノロジー,0,train
4482,ネットで金沢へ新幹線で行くのでメモしておいた。,旅行・観光,2,train
4483,今週は観光バスの観光スポットを知りたい！,旅行・観光,2,train
4484,昨日、温泉の景色を見たいのが最近の関心事だ。,旅行・観光,2,train
4485,昨日、居酒屋を辛めに作りたい。,食事・料理,1,validation
4486,最近、債券について専門家の解説を読んだ。,金融・経済,4,train
4487,朝から朝食を簡単に作りたい。休日にゆっくり楽しみたい。,食事・料理,1,train
4488,家で財政の最新情報を調べていると考えている。,金融・経済,4,train
4489,朝から住宅ローンの今後が気になる。数字の背景も理解したい。,金融・経済,4,test
4490,昨日、株式を毎日チェックしている！,金融・経済,4,train
4491,最近、投資のリスクを考えている。家計への影響も確認しておきたい。,金融・経済,4,train
4492,北海道までの行き方を調べている。,旅行・観光,2,train
4493,休日に温泉を家族で訪れたいので詳しく調べている。,旅行・観光,2,train
4494,今日はデータベースの設定を見直したい。,IT・テクノロジー,0,train
4495,ネットで魚料理のレシピを探している。,食事・料理,1,train
4496,最近、セキュリティの使い方を知りたい。予算と性能のバランスも気になる。,IT・テクノロジー,0,train
4497,家でサーバーを買い替えたい。,IT・テクノロジー,0,validation
4498,友人と話していて、OSを導入したい。,IT・テクノロジー,0,train
4499,ふと思って、ゴルフのプロ選手を目指している。選手のプレーを参考にしたい。,スポーツ,3,train
4500,ふと思って、消費税が生活費に響いていると思っている。,金融・経済,4,test
4501,友人と話していて、唐揚げを冷凍保存したい。できれば簡単に作れる方法がいい。,食事・料理,1,train
4502,テーマパークへ一人旅したい。,旅行・観光,2,train
4503,今日はOSを新しくしたい！,IT・テクノロジー,0,test
4504,ふと思って、観光バスで泊まりたい。家族でも楽しめる場所がいい。,旅行・観光,2,train
4505,仕事の合間にSQLを自動化に使いたい。予算と性能のバランスも気になる。,IT・テクノロジー,0,validation
4506,ふと思って、絶景スポットの名所を調べている。交通費を抑えたプランにしたい。,旅行・観光,2,validation
4507,ネットでラーメンを夕食に作る。辛さは控えめにしたい。,食事・料理,1,train
4508,ふと思って、NBAのチームに入りたい。次の試合も楽しみにしている。,スポーツ,3,validation
4509,来月に向けて、トレーニングが上手くなりたい！,スポーツ,3,train
4510,友人と話していて、AIをアップデートしたい,IT・テクノロジー,0,train
4511,ふと思って、動物園の混雑状況が気になる。交通費を抑えたプランにしたい。,旅行・観光,2,validation
4512,昨日、プログラミングの性能を比較したい,IT・テクノロジー,0,test
4513,来月に向けて、デスクトップPCを買い替えたい。新しい機能も試してみたい。,IT・テクノロジー,0,train
4514,最近、ファイアウォールの不具合を直したい！,IT・テクノロジー,0,train
4515,友人と話していて、ラーメンのレシピを探している。,食事・料理,1,test
4516,最近、アプリを新しくしたい。初心者でも扱いやすい方法を探している。,IT・テクノロジー,0,train
4517,友人と話していて、オリンピックの結果を確認した。,スポーツ,3,test
4518,朝からサンドイッチを友人と食べに行くと考えている。,食事・料理,1,train
4519,今週は家計について家計への影響を確認したので詳しく調べている。,金融・経済,4,train
4520,休日に城の旅館を予約したい。宿泊先の評判も確認している。,旅行・観光,2,train
4521,休日に奈良で温泉に入りたい。移動時間をなるべく短くしたい。,旅行・観光,2,train
4522,昨日、SQLを買い替えたい。初心者でも扱いやすい方法を探している。,IT・テクノロジー,0,train
4523,少し前から炒飯を簡単に作りたいのが最近の関心事だ。,食事・料理,1,train
4524,ネットでクラウドの動作が遅い。,IT・テクノロジー,0,train
4525,今週はボクシングが上手くなりたい。もっと上達する方法を探している。,スポーツ,3,train
4526,今週はピザのレシピを探している。近くのおいしい店も探している。,食事・料理,1,train
4527,最近、パソコンについて調べている,IT・テクノロジー,0,train
4528,家でCPUがほしい。初心者でも扱いやすい方法を探している。,IT・テクノロジー,0,train
4529,朝からCPUの容量を増やしたい！,IT・テクノロジー,0,train
4530,今週はレストランに野菜を追加したい。値段と量のバランスも気になる。,食事・料理,1,validation
4531,ネットで資源価格の今後が気になる！,金融・経済,4,train
4532,今日は観光地の名所を調べている。,旅行・観光,2,train
4533,ふと思って、居酒屋を辛めに作りたい。近くのおいしい店も探している。,食事・料理,1,validation
4534,ふと思って、居酒屋を休日に楽しみたい。休日にゆっくり楽しみたい。,食事・料理,1,train
4535,今日は貯金が上がっているのが最近の関心事だ。,金融・経済,4,test
4536,家で仙台の混雑状況が気になる。移動時間をなるべく短くしたい。,旅行・観光,2,train
4537,ふと思って、物価を比較している！,金融・経済,4,train
4538,来月に向けて、貯金の動向に注目しているので情報を集めている。,金融・経済,4,train
4539,家でバスケットボールで体を動かしたい！,スポーツ,3,train
4540,休日にチャットボットの構成を考えている。できれば使いやすいものを選びたい。,IT・テクノロジー,0,train
4541,ネットでインフレについてデータを集めているので情報を集めている。,金融・経済,4,train
4542,今日は天ぷらを注文した。,食事・料理,1,train
4543,休日に預金をニュースで見た。,金融・経済,4,train
4544,休日に為替について勉強しているので情報を集めている。,金融・経済,4,train
4545,仕事の合間に陸上の得点シーンを見返した。,スポーツ,3,train
4546,仕事の合間にOSのログを確認している！,IT・テクノロジー,0,train
4547,ふと思って、観光ルートで泊まりたい。,旅行・観光,2,train
4548,仕事の合間に財政についてデータを集めている！,金融・経済,4,train
4549,来月に向けて、焼き魚を朝食に用意した。できれば簡単に作れる方法がいい。,食事・料理,1,train
4550,今週はフォームのフォームを改善したい。,スポーツ,3,test
4551,休日に所得税の仕組みを知りたい。複数の情報源を比較している。,金融・経済,4,train
4552,休日に神戸でお土産を買いたい。宿泊先の評判も確認している。,旅行・観光,2,train
4553,最近、投資信託への影響を調べている！,金融・経済,4,test
4554,朝からスマホを新しくしたい。できれば使いやすいものを選びたい。,IT・テクノロジー,0,train
4555,最近、消費税について家計への影響を確認したのでメモしておいた。,金融・経済,4,validation
4556,最近、水泳を毎週続けている。体力づくりにも役立てたい。,スポーツ,3,train
4557,休日に競技場の大会に出たい,スポーツ,3,train
4558,少し前からおにぎりのレシピを探している。,食事・料理,1,train
4559,仕事の合間に函館の景色を見たい。混雑を避けて回りたい。,旅行・観光,2,train
4560,今週は預金の予測を確認している,金融・経済,4,train
4561,休日にオリンピックの試合日程を見ている！,スポーツ,3,train
4562,最近、キーボードを試してみたい。できれば使いやすいものを選びたい。,IT・テクノロジー,0,train
4563,ネットで温泉街への交通費を調べている！,旅行・観光,2,test
4564,仕事の合間に長崎のホテルを探している。,旅行・観光,2,train
4565,昨日、キャンプ場へ連休に行く予定だ。宿泊先の評判も確認している。,旅行・観光,2,validation
4566,少し前からパンがおいしかった。近くのおいしい店も探している。,食事・料理,1,train
4567,ふと思って、ステーキの味付けを工夫したい。辛さは控えめにしたい。,食事・料理,1,train
4568,昨日、政策金利を家計簿と一緒に確認していると思っている。,金融・経済,4,train
4569,最近、パンの店を探している。近くのおいしい店も探している。,食事・料理,1,train
4570,少し前からジョギングの日本代表が気になると思っている。,スポーツ,3,validation
4571,朝から観光ルートへ週末に出かけるので詳しく調べている。,旅行・観光,2,train
4572,家でスノーボードの得点シーンを見返した。無理なく長く続けたい。,スポーツ,3,train
4573,紅茶をもう一度食べたい。できれば簡単に作れる方法がいい。,食事・料理,1,train
4574,城へ一人旅したい。宿泊先の評判も確認している。,旅行・観光,2,train
4575,昨日、海の宿泊費を比較している。混雑を避けて回りたい。,旅行・観光,2,test
4576,朝からスマートフォンでツールを作りたいと考えている。,IT・テクノロジー,0,train
4577,家で水泳の試合日程を見ている。,スポーツ,3,train
4578,来月に向けて、貯金をニュースで見た。,金融・経済,4,train
4579,今日は紅茶の味付けを工夫したい！,食事・料理,1,train
4580,ふと思って、SSDを勉強したい,IT・テクノロジー,0,train
4581,休日に那覇で食べ歩きしたいのでメモしておいた。,旅行・観光,2,train
4582,来月に向けて、海外旅行への旅行を計画していると考えている。,旅行・観光,2,train
4583,来月に向けて、貯金についてデータを集めている。短期的な変動だけで判断しないようにしたい。,金融・経済,4,train
4584,仕事の合間に物価が生活費に響いているので情報を集めている。,金融・経済,4,test
4585,友人と話していて、サラダを冷凍保存したいと思っている。,食事・料理,1,train
4586,ふと思って、デスクトップPCについて調べている。,IT・テクノロジー,0,train
4587,休日に寺への交通費を調べている。,旅行・観光,2,train
4588,少し前から税金が生活費に響いている！,金融・経済,4,train
4589,家で金沢の観光スポットを知りたい。,旅行・観光,2,train
4590,今日は住宅ローンの変化が気になっている。,金融・経済,4,train
4591,朝から餃子のレシピを探している。家族にも好評な味にしたい。,食事・料理,1,train
4592,来月に向けて、たこ焼きを手作りした。家族にも好評な味にしたい。,食事・料理,1,validation
4593,来月に向けて、パスタを友人と食べに行く。,食事・料理,1,train
4594,ふと思って、肉料理に合う調味料を知りたい。辛さは控えめにしたい。,食事・料理,1,test
4595,ふと思って、卓球の練習試合に参加した。,スポーツ,3,train
4596,休日にインフレを毎日チェックしているので情報を集めている。,金融・経済,4,train
4597,朝から経済ニュースを家計簿と一緒に確認している。,金融・経済,4,train
4598,仕事の合間に配当を比較している。,金融・経済,4,train
4599,今日はリーグ戦の観戦チケットを取った。基礎からフォームを見直したい。,スポーツ,3,train
4600,今週は貯金を資産形成に活用したい。リスクとリターンの両方を考えたい。,金融・経済,4,train
4601,ネットでおにぎりのカロリーが気になるので情報を集めている。,食事・料理,1,train
4602,友人と話していて、Google Cloudを設定している。,IT・テクノロジー,0,train
4603,仕事の合間にLinuxを開発していると思っている。,IT・テクノロジー,0,validation
4604,少し前からバスケットボールのチームに入りたい。選手のプレーを参考にしたい。,スポーツ,3,test
4605,ふと思って、卓球を観戦したいのでメモしておいた。,スポーツ,3,train
4606,仕事の合間に機械学習のログを確認している！,IT・テクノロジー,0,validation
4607,今週は寿司をお弁当に入れたいので情報を集めている。,食事・料理,1,train
4608,朝から長崎の旅館を予約したい。,旅行・観光,2,train
4609,今日はTOPIXについてデータを集めている。,金融・経済,4,train
4610,友人と話していて、プロ野球の練習メニューを考えている！,スポーツ,3,train
4611,友人と話していて、為替レートを毎日チェックしていると考えている。,金融・経済,4,validation
4612,仕事の合間に原油価格が上がっている。家計への影響も確認しておきたい。,金融・経済,4,test
4613,今週はホームランのスタジアムへ行きたい。体力づくりにも役立てたい。,スポーツ,3,validation
4614,最近、肉料理を作りたい。休日にゆっくり楽しみたい。,食事・料理,1,train
4615,家でコーヒーに野菜を追加したい。値段と量のバランスも気になる。,食事・料理,1,train
4616,家でランチのおすすめを知りたいのでメモしておいた。,食事・料理,1,validation
4617,友人と話していて、自転車競技のプロ選手を目指していると考えている。,スポーツ,3,train
4618,最近、ボクシングの練習メニューを考えている。,スポーツ,3,validation
4619,朝から寺へ一人旅したい！,旅行・観光,2,validation
4620,今日はジョギングで記録を伸ばしたい。,スポーツ,3,train
4621,友人と話していて、コーヒーの味付けを工夫したいと考えている。,食事・料理,1,train
4622,来月に向けて、ワールドカップのプロ選手を目指している。,スポーツ,3,train
4623,来月に向けて、博物館で食べ歩きしたい！,旅行・観光,2,validation
4624,家で財政への影響を調べているのでメモしておいた。,金融・経済,4,train
4625,家で刺身のおすすめを知りたい。休日にゆっくり楽しみたい。,食事・料理,1,validation
4626,友人と話していて、モニターをアップデートしたい。,IT・テクノロジー,0,validation
4627,ふと思って、Wi-Fiの動作が遅い。,IT・テクノロジー,0,train
4628,今週はプログラミングがほしい。初心者でも扱いやすい方法を探している。,IT・テクノロジー,0,train
4629,少し前から野菜の店を探しているのでメモしておいた。,食事・料理,1,train
4630,今週はVS Codeを導入したい。新しい機能も試してみたい。,IT・テクノロジー,0,train
4631,仕事の合間にスキーが上手くなりたい。,スポーツ,3,train
4632,ふと思って、仙台でお土産を買いたい。交通費を抑えたプランにしたい。,旅行・観光,2,train
4633,朝から神戸へ飛行機で向かう！,旅行・観光,2,validation
4634,政策金利の変化が気になっている。短期的な変動だけで判断しないようにしたい。,金融・経済,4,train
4635,Linuxについて調べているのが最近の関心事だ。,IT・テクノロジー,0,train
4636,友人と話していて、展望台の宿泊費を比較していると思っている。,旅行・観光,2,train
4637,今週はケーキのカロリーが気になる。,食事・料理,1,train
4638,友人と話していて、スマートフォンを導入したい。,IT・テクノロジー,0,train
4639,昨日、競技場の道具を買い替えたい！,スポーツ,3,validation
4640,家でゲーミングPCの性能を比較したい。初心者でも扱いやすい方法を探している。,IT・テクノロジー,0,train
4641,京都へ週末に出かける。,旅行・観光,2,train
4642,今日はDockerを仕事で使いたいので情報を集めている。,IT・テクノロジー,0,validation
4643,ネットで沖縄で食べ歩きしたい。,旅行・観光,2,train
4644,昨日、年金について基本から学びたいので詳しく調べている。,金融・経済,4,test
4645,最近、ローンの予測を確認している！,金融・経済,4,train
4646,少し前から為替のリスクを考えている。数字の背景も理解したい。,金融・経済,4,train
4647,朝から夕食の店を探していると思っている。,食事・料理,1,train
4648,最近、神戸の混雑状況が気になる。,旅行・観光,2,test
4649,最近、肉料理の盛り付けを工夫した。,食事・料理,1,train
4650,ふと思って、ケーキを辛めに作りたい。家族にも好評な味にしたい。,食事・料理,1,train
4651,休日にラグビーの練習メニューを考えている。体力づくりにも役立てたい。,スポーツ,3,test
4652,最近、たこ焼きがおいしかった。近くのおいしい店も探している。,食事・料理,1,train
4653,友人と話していて、居酒屋の作り方を覚えたい。できれば簡単に作れる方法がいい。,食事・料理,1,validation
4654,今週はJリーグの大会に出たい。,スポーツ,3,test
4655,ふと思って、肉料理を家族と食べたい！,食事・料理,1,train
4656,来月に向けて、沖縄の景色を見たい。,旅行・観光,2,train
4657,ネットで投資の予測を確認している。短期的な変動だけで判断しないようにしたい。,金融・経済,4,train
4658,今週はフォームの練習メニューを考えていると思っている。,スポーツ,3,train
4659,来月に向けて、絶景スポットで温泉に入りたいのでメモしておいた。,旅行・観光,2,train
4660,休日に柔道を友人とプレーした。次の試合も楽しみにしている。,スポーツ,3,train
4661,休日に炒飯を簡単に作りたいので情報を集めている。,食事・料理,1,train
4662,仕事の合間にJリーグで記録を伸ばしたい。もっと上達する方法を探している。,スポーツ,3,test
4663,家で神社の景色を見たいので情報を集めている。,旅行・観光,2,train
4664,家でサラダの材料を買ってきた。,食事・料理,1,train
4665,株式について制度を調べた。数字の背景も理解したい。,金融・経済,4,train
4666,家で債券の動きを確認しているのでメモしておいた。,金融・経済,4,validation
4667,ワールドカップの結果を確認したのが最近の関心事だ。,スポーツ,3,train
4668,来月に向けて、競技場の大会に出たい。選手のプレーを参考にしたい。,スポーツ,3,train
4669,今日は財政が上がっているので詳しく調べている。,金融・経済,4,validation
4670,仕事の合間にNBAの大会結果に驚いた。選手のプレーを参考にしたい。,スポーツ,3,train
4671,今日は新幹線へ飛行機で向かう。混雑を避けて回りたい。,旅行・観光,2,train
4672,少し前からローンの最新情報を調べている。リスクとリターンの両方を考えたい。,金融・経済,4,validation
4673,朝から旅行費用の観光スポットを知りたいのでメモしておいた。,旅行・観光,2,train
4674,今日はバックアップを開発しているのが最近の関心事だ。,IT・テクノロジー,0,train
4675,最近、雇用統計を比較しているのでメモしておいた。,金融・経済,4,train
4676,SSDを新しくしたいのが最近の関心事だ。,IT・テクノロジー,0,train
4677,ネットで自転車競技の戦術を分析したいのが最近の関心事だ。,スポーツ,3,train
4678,休日にマウスを接続したいと考えている。,IT・テクノロジー,0,test
4679,来月に向けて、スキーのフォームを改善したい。,スポーツ,3,train
4680,朝から弁当を食べ比べたいのが最近の関心事だ。,食事・料理,1,train
4681,休日にLinuxのセキュリティを強化したい,IT・テクノロジー,0,train
4682,今日は預金の動きを確認している。リスクとリターンの両方を考えたい。,金融・経済,4,train
4683,ネットでネットワークのセキュリティを強化したい。できれば使いやすいものを選びたい。,IT・テクノロジー,0,train
4684,休日に配当について家計への影響を確認したのが最近の関心事だ。,金融・経済,4,test
4685,炒飯をテイクアウトしたい！,食事・料理,1,train
4686,休日に沖縄から帰ってきた。混雑を避けて回りたい。,旅行・観光,2,train
4687,友人と話していて、天ぷらを手作りしたので情報を集めている。,食事・料理,1,train
4688,今週はスープの店を探している。,食事・料理,1,train
4689,友人と話していて、広島へ新幹線で行く。移動時間をなるべく短くしたい。,旅行・観光,2,train
4690,休日に沖縄を家族で訪れたいので詳しく調べている。,旅行・観光,2,validation
4691,友人と話していて、保険の動向に注目している。,金融・経済,4,train
4692,今日は原油価格が上がっている！,金融・経済,4,train
4693,ふと思って、サラダがおいしかった。家族にも好評な味にしたい。,食事・料理,1,train
4694,リーグ戦のチームに入りたい,スポーツ,3,train
4695,今日は弁当がおいしかった。,食事・料理,1,train
4696,今日はスキーの結果を確認した。体力づくりにも役立てたい。,スポーツ,3,train
4697,友人と話していて、サッカーのチームに入りたい。基礎からフォームを見直したい。,スポーツ,3,train
4698,ふと思って、肉料理のおすすめを知りたいのが最近の関心事だ。,食事・料理,1,train
4699,休日に魚料理を家族と食べたい！,食事・料理,1,train
4700,今日は野菜を冷凍保存したいのが最近の関心事だ。,食事・料理,1,validation
4701,友人と話していて、スマホでツールを作りたいと思っている。,IT・テクノロジー,0,train
4702,休日にキーボードを仕事で使いたい。,IT・テクノロジー,0,validation
4703,休日にバックアップを接続したい。初心者でも扱いやすい方法を探している。,IT・テクノロジー,0,train
4704,来月に向けて、離島の名所を調べている。混雑を避けて回りたい。,旅行・観光,2,train
4705,少し前から住宅ローンの予測を確認している。数字の背景も理解したい。,金融・経済,4,train
4706,仕事の合間に株式の見通しを確認している。リスクとリターンの両方を考えたい。,金融・経済,4,train
4707,朝から配当が企業業績に与える影響を調べた。,金融・経済,4,train
4708,休日にマラソンの結果を確認したのが最近の関心事だ。,スポーツ,3,validation
4709,昨日、コーヒーの人気店を調べている。,食事・料理,1,train
4710,仕事の合間に人工知能でエラーが出た。速度と安定性を重視している。,IT・テクノロジー,0,train
4711,昨日、バックアップについて調べている。初心者でも扱いやすい方法を探している。,IT・テクノロジー,0,validation
4712,来月に向けて、ワールドカップで汗を流した。選手のプレーを参考にしたい。,スポーツ,3,train
4713,昨日、神社への旅行を計画している。交通費を抑えたプランにしたい。,旅行・観光,2,train
4714,昨日、ホテルへ連休に行く予定だ。,旅行・観光,2,train
4715,昨日、観光ルートから帰ってきた。混雑を避けて回りたい。,旅行・観光,2,train
4716,来月に向けて、天ぷらを手作りした。近くのおいしい店も探している。,食事・料理,1,train
4717,少し前からJavaScriptでエラーが出た！,IT・テクノロジー,0,train
4718,ネットで体育館のチームに入りたいのでメモしておいた。,スポーツ,3,train
4719,休日にトレーニングが上手くなりたい。,スポーツ,3,train
4720,今日は財政を資産形成に活用したいのでメモしておいた。,金融・経済,4,train
4721,友人と話していて、セキュリティの最新版が気になる。新しい機能も試してみたい。,IT・テクノロジー,0,train
4722,ふと思って、離島へ連休に行く予定だのが最近の関心事だ。,旅行・観光,2,validation
4723,朝からNBAの大会結果に驚いたので詳しく調べている。,スポーツ,3,train
4724,昨日、ゲーミングPCの不具合を直したい。,IT・テクノロジー,0,train
4725,朝からJavaScriptの使い方を知りたい。,IT・テクノロジー,0,train
4726,家でサラダを食べたい。休日にゆっくり楽しみたい。,食事・料理,1,test
4727,昨日、スキーの道具を買い替えたい。,スポーツ,3,test
4728,家で筋トレを練習している。体力づくりにも役立てたい。,スポーツ,3,train
4729,ふと思って、デスクトップPCの最新版が気になる。できれば使いやすいものを選びたい。,IT・テクノロジー,0,train
4730,朝からドル円について制度を調べた！,金融・経済,4,train
4731,ネットで住宅ローンの動きを確認している。複数の情報源を比較している。,金融・経済,4,train
4732,仕事の合間に年金への影響を調べている。短期的な変動だけで判断しないようにしたい。,金融・経済,4,train
4733,ふと思って、アプリを買い替えたい。速度と安定性を重視している。,IT・テクノロジー,0,test
4734,家で温泉で温泉に入りたい。混雑を避けて回りたい。,旅行・観光,2,train
4735,最近、モニターの構成を考えている。予算と性能のバランスも気になる。,IT・テクノロジー,0,train
4736,ふと思って、唐揚げの人気店を調べている。できれば簡単に作れる方法がいい。,食事・料理,1,test
4737,最近、海への交通費を調べている。,旅行・観光,2,train
4738,ふと思って、ランニングを毎週続けている。もっと上達する方法を探している。,スポーツ,3,train
4739,ふと思って、予算の動きを確認しているので詳しく調べている。,金融・経済,4,train
4740,Copilotの性能を比較したい。,IT・テクノロジー,0,test
4741,朝から体操の練習試合に参加したのが最近の関心事だ。,スポーツ,3,train
4742,家で為替について制度を調べた。,金融・経済,4,train
4743,休日に経済ニュースの動向に注目していると思っている。,金融・経済,4,train
4744,朝から体育館の観戦チケットを取ったのが最近の関心事だ。,スポーツ,3,validation
4745,休日にフィギュアスケートの大会をテレビで見たのでメモしておいた。,スポーツ,3,train
4746,今週はお土産を観光したい。現地のおいしいものも楽しみたい。,旅行・観光,2,test
4747,仕事の合間にマラソンの大会をテレビで見たと思っている。,スポーツ,3,train
4748,ネットで味噌汁を夕食に作る。できれば簡単に作れる方法がいい。,食事・料理,1,train
4749,休日にカレーを注文したのでメモしておいた。,食事・料理,1,train
4750,少し前からボクシングで記録を伸ばしたい。体力づくりにも役立てたい。,スポーツ,3,train
4751,朝から日本代表で記録を伸ばしたい！,スポーツ,3,train
4752,今週はスマホの構成を考えている。できれば使いやすいものを選びたい。,IT・テクノロジー,0,train
4753,少し前から定期預金の最新情報を調べている。,金融・経済,4,train
4754,今日は札幌で観光案内を見ている。移動時間をなるべく短くしたい。,旅行・観光,2,test
4755,休日に日本代表の結果を確認した。次の試合も楽しみにしている。,スポーツ,3,train
4756,昨日、スマホの構成を考えている,IT・テクノロジー,0,train
4757,今週は投資の仕組みを知りたい。リスクとリターンの両方を考えたい。,金融・経済,4,train
4758,弁当のレシピを探している。,食事・料理,1,train
4759,ふと思って、レシピを家族と食べたいので詳しく調べている。,食事・料理,1,train
4760,少し前からシーフードを昼ごはんに食べたのが最近の関心事だ。,食事・料理,1,train
4761,今日はサンドイッチの味付けを工夫したい。辛さは控えめにしたい。,食事・料理,1,train
4762,今週はランニングの観戦チケットを取ったので詳しく調べている。,スポーツ,3,train
4763,少し前からJリーグで体を動かしたい。次の試合も楽しみにしている。,スポーツ,3,train
4764,最近、機械学習を開発している。,IT・テクノロジー,0,train
4765,友人と話していて、寿司を家族と食べたい。家族にも好評な味にしたい。,食事・料理,1,test
4766,休日に家族旅行の混雑状況が気になる。,旅行・観光,2,train
4767,友人と話していて、寿司をお弁当に入れたい。辛さは控えめにしたい。,食事・料理,1,train
4768,昨日、唐揚げに野菜を追加したいと考えている。,食事・料理,1,train
4769,最近、バレーボールの練習メニューを考えている。無理なく長く続けたい。,スポーツ,3,train
4770,休日に弁当をお弁当に入れたい,食事・料理,1,train
4771,今週は剣道の戦術を分析したい。無理なく長く続けたい。,スポーツ,3,train
4772,ネットでタブレットを仕事で使いたい。新しい機能も試してみたい。,IT・テクノロジー,0,train
4773,少し前からそばのレシピを探している。,食事・料理,1,validation
4774,来月に向けて、VS Codeを開発している。予算と性能のバランスも気になる。,IT・テクノロジー,0,train
4775,今日はホテルへの交通費を調べている。交通費を抑えたプランにしたい。,旅行・観光,2,train
4776,今日はAIを新しくしたいのでメモしておいた。,IT・テクノロジー,0,train
4777,朝から旅行の宿泊費を比較している！,旅行・観光,2,train
4778,昨日、函館へ新幹線で行く。交通費を抑えたプランにしたい。,旅行・観光,2,train
4779,仕事の合間にケーキをもう一度食べたい。できれば簡単に作れる方法がいい。,食事・料理,1,test
4780,少し前からFRBをニュース記事で読んだ。長期的な傾向を見て判断したい。,金融・経済,4,train
4781,定期預金の今後が気になるので詳しく調べている。,金融・経済,4,train
4782,昨日、スノーボードを毎週続けている。選手のプレーを参考にしたい。,スポーツ,3,train
4783,家で柔道の日本代表が気になる。次の試合も楽しみにしている。,スポーツ,3,train
4784,今週は餃子を簡単に作りたい！,食事・料理,1,test
4785,少し前からネットワークの使い方を知りたい。,IT・テクノロジー,0,test
4786,沖縄の名所を調べているので詳しく調べている。,旅行・観光,2,train
4787,今日はフィギュアスケートの練習メニューを考えている！,スポーツ,3,train
4788,友人と話していて、長崎で観光案内を見ている。交通費を抑えたプランにしたい。,旅行・観光,2,validation
4789,今日はスパイスをお弁当に入れたい。,食事・料理,1,train
4790,来月に向けて、福岡の観光スポットを知りたい。,旅行・観光,2,train
4791,最近、温泉街へ一人旅したい。,旅行・観光,2,train
4792,仕事の合間にマウスの構成を考えている。,IT・テクノロジー,0,train
4793,少し前から山のおすすめルートを知りたいので情報を集めている。,旅行・観光,2,train
4794,最近、LLMがほしい！,IT・テクノロジー,0,train
4795,少し前からAzureを導入したい。初心者でも扱いやすい方法を探している。,IT・テクノロジー,0,train
4796,ネットでコンテナの容量を増やしたい。,IT・テクノロジー,0,train
4797,友人と話していて、AWSのセキュリティを強化したい。予算と性能のバランスも気になる。,IT・テクノロジー,0,train
4798,マウスを開発しているのが最近の関心事だ。,IT・テクノロジー,0,train
4799,友人と話していて、長崎の旅館を予約したい！,旅行・観光,2,train
4800,友人と話していて、海の宿泊費を比較している。現地のおいしいものも楽しみたい。,旅行・観光,2,train
4801,少し前からスタジアムの選手を応援している。,スポーツ,3,train
4802,来月に向けて、プリンに野菜を追加したい。家族にも好評な味にしたい。,食事・料理,1,test
4803,今週は国債の最新情報を調べていると思っている。,金融・経済,4,train
4804,今日はラーメンを昼ごはんに食べた。,食事・料理,1,train
4805,ネットで国債の推移をグラフで見ている。リスクとリターンの両方を考えたい。,金融・経済,4,validation
4806,今日はスタジアムの選手を応援している。もっと上達する方法を探している。,スポーツ,3,train
4807,友人と話していて、焼肉をもう一度食べたいので詳しく調べている。,食事・料理,1,train
4808,ネットでカフェの人気店を調べている。家族にも好評な味にしたい。,食事・料理,1,test
4809,少し前から市場を長期的に見ていると考えている。,金融・経済,4,train
4810,昨日、GPUを導入したい。,IT・テクノロジー,0,train
4811,来月に向けて、消費税についてデータを集めている。,金融・経済,4,validation
4812,ホテルの観光スポットを知りたい,旅行・観光,2,test
4813,友人と話していて、VS Codeについて学習中だ。,IT・テクノロジー,0,train
4814,朝からOSの容量を増やしたい。速度と安定性を重視している。,IT・テクノロジー,0,test
4815,ふと思って、旅行で温泉に入りたいので情報を集めている。,旅行・観光,2,train
4816,友人と話していて、スープの作り方を覚えたい。辛さは控えめにしたい。,食事・料理,1,test
4817,朝から機械学習の構成を考えているので情報を集めている。,IT・テクノロジー,0,train
4818,少し前からトレーニングの練習メニューを考えている。無理なく長く続けたい。,スポーツ,3,train
4819,休日に筋トレの結果を確認した。無理なく長く続けたい。,スポーツ,3,validation
4820,仕事の合間に奈良をレンタカーで巡りたい。,旅行・観光,2,train
4821,昨日、朝食を食べ比べたい。値段と量のバランスも気になる。,食事・料理,1,train
4822,家でトーナメントを毎週続けている。,スポーツ,3,train
4823,休日にスマホを自作してみたい。,IT・テクノロジー,0,test
4824,ネットでノートパソコンの容量を増やしたい。速度と安定性を重視している。,IT・テクノロジー,0,train
4825,ランニングの日本代表が気になる。,スポーツ,3,train
4826,仕事の合間に体操を毎週続けている。,スポーツ,3,train
4827,ネットでGitHubをアップデートしたい。速度と安定性を重視している。,IT・テクノロジー,0,test
4828,ふと思って、カレーのおすすめを知りたい。,食事・料理,1,train
4829,来月に向けて、温泉の景色を見たい。混雑を避けて回りたい。,旅行・観光,2,test
4830,少し前からメモリを接続したい！,IT・テクノロジー,0,train
4831,少し前から所得税を毎日チェックしている。数字の背景も理解したい。,金融・経済,4,train
4832,来月に向けて、オムライスがおいしかった,食事・料理,1,train
4833,ふと思って、親子丼を簡単に作りたい！,食事・料理,1,test
4834,ふと思って、Wi-Fiのセキュリティを強化したい。新しい機能も試してみたい。,IT・テクノロジー,0,train
4835,休日に刺身のレシピを探している。,食事・料理,1,train
4836,最近、チームの選手成績を調べている！,スポーツ,3,train
4837,最近、オムライスを作りたい。,食事・料理,1,train
4838,天ぷらを注文した！,食事・料理,1,train
4839,家でGPUの使い方を知りたい。,IT・テクノロジー,0,validation
4840,仕事の合間にスポーツ観戦で記録を伸ばしたいのでメモしておいた。,スポーツ,3,train
4841,今週はサッカーの選手を応援している。,スポーツ,3,train
4842,最近、肉料理の盛り付けを工夫した。家族にも好評な味にしたい。,食事・料理,1,train
4843,来月に向けて、キーボードを設定している。,IT・テクノロジー,0,validation
4844,今日は家族旅行への旅行を計画している,旅行・観光,2,train
4845,今週は大会の大会に出たいのが最近の関心事だ。,スポーツ,3,train
4846,昨日、刺身を冷凍保存したい。できれば簡単に作れる方法がいい。,食事・料理,1,train
4847,今週はスキーの選手成績を調べているのが最近の関心事だ。,スポーツ,3,train
4848,昨日、練習を友人とプレーした。選手のプレーを参考にしたい。,スポーツ,3,train
4849,朝から観光地を観光したい。,旅行・観光,2,train
4850,今日は株価の見通しを確認しているので詳しく調べている。,金融・経済,4,validation
4851,今日は炒飯を朝食に用意したので情報を集めている。,食事・料理,1,train
4852,ネットで為替について経済指標を見ている。,金融・経済,4,train
4853,仕事の合間に魚料理を食べ比べたいので詳しく調べている。,食事・料理,1,train
4854,仕事の合間に経済ニュースの予測を確認している。リスクとリターンの両方を考えたい。,金融・経済,4,train
4855,今日はサラダをさっぱり味にしたい！,食事・料理,1,train
4856,今日はスポーツ観戦で体を動かしたいので詳しく調べている。,スポーツ,3,train
4857,仕事の合間に円相場が生活費に響いている。短期的な変動だけで判断しないようにしたい。,金融・経済,4,train
4858,ふと思って、予算を家計簿と一緒に確認している。,金融・経済,4,train
4859,家で水泳のトレーニングを始めた！,スポーツ,3,train
4860,来月に向けて、Webアプリの設定を見直したい。予算と性能のバランスも気になる。,IT・テクノロジー,0,validation
4861,ネットでフォームの得点シーンを見返したのでメモしておいた。,スポーツ,3,train
4862,来月に向けて、サンドイッチを家族と食べたい。家族にも好評な味にしたい。,食事・料理,1,train
4863,家でサラダを簡単に作りたい！,食事・料理,1,train
4864,SSDを設定しているので情報を集めている。,IT・テクノロジー,0,train
4865,仕事の合間に函館から帰ってきた！,旅行・観光,2,train
4866,最近、企業業績の見通しを確認しているので詳しく調べている。,金融・経済,4,train
4867,最近、試合の結果を確認した。,スポーツ,3,train
4868,今週はスープをテイクアウトしたいと考えている。,食事・料理,1,train
4869,家でピザがおいしかった。,食事・料理,1,train
4870,来月に向けて、美術館へ行きたい！,旅行・観光,2,validation
4871,昨日、海外旅行への交通費を調べている。,旅行・観光,2,train
4872,休日に体育館を友人とプレーした,スポーツ,3,train
4873,今週はゲーミングPCを買い替えたい。速度と安定性を重視している。,IT・テクノロジー,0,validation
4874,仕事の合間に予算をニュース記事で読んだと考えている。,金融・経済,4,train
4875,景気について制度を調べた,金融・経済,4,train
4876,ネットでJavaScriptを仕事で使いたい。,IT・テクノロジー,0,train
4877,少し前から旅行費用でお土産を買いたい。,旅行・観光,2,train
4878,朝から株価をニュースで見た。短期的な変動だけで判断しないようにしたい。,金融・経済,4,train
4879,休日にJavaScriptを試してみたい。,IT・テクノロジー,0,test
4880,仕事の合間に京都の旅館を予約したい。移動時間をなるべく短くしたい。,旅行・観光,2,train
4881,休日にマウスを業務に活用したい！,IT・テクノロジー,0,train
4882,昨日、札幌へ連休に行く予定だ。交通費を抑えたプランにしたい。,旅行・観光,2,validation
4883,仕事の合間にマウスを試してみたい。予算と性能のバランスも気になる。,IT・テクノロジー,0,train
4884,来月に向けて、監督で体を動かしたい。基礎からフォームを見直したい。,スポーツ,3,train
4885,最近、ルーターを自動化に使いたい。できれば使いやすいものを選びたい。,IT・テクノロジー,0,train
4886,ホームランのフォームを改善したいと考えている。,スポーツ,3,train
4887,ふと思って、家計について基本から学びたいので情報を集めている。,金融・経済,4,test
4888,休日に税金の仕組みを知りたい。長期的な傾向を見て判断したい。,金融・経済,4,validation
4889,ネットで天ぷらを休日に楽しみたい。,食事・料理,1,train
4890,仕事の合間にクレジットカードの動向に注目しているのでメモしておいた。,金融・経済,4,train
4891,最近、GitHubを導入したいのが最近の関心事だ。,IT・テクノロジー,0,train
4892,ふと思って、飛行機の混雑状況が気になる。,旅行・観光,2,test
4893,今日はAzureの構成を考えている。,IT・テクノロジー,0,train
4894,昨日、スープを夕食に作る。近くのおいしい店も探している。,食事・料理,1,train
4895,仕事の合間に自転車競技で汗を流した。,スポーツ,3,train
4896,家でローンのリスクを考えているので情報を集めている。,金融・経済,4,validation
4897,ネットでTOPIXの変化が気になっているので情報を集めている。,金融・経済,4,train
4898,ふと思って、一人旅へ飛行機で向かう。宿泊先の評判も確認している。,旅行・観光,2,validation
4899,最近、美術館までの行き方を調べている！,旅行・観光,2,train
4900,友人と話していて、定期預金について基本から学びたい！,金融・経済,4,train
4901,友人と話していて、スパイスに合う調味料を知りたい。,食事・料理,1,train
4902,ネットでたこ焼きのカロリーが気になるので情報を集めている。,食事・料理,1,train
4903,家で債券を長期的に見ている。,金融・経済,4,train
4904,来月に向けて、投資の動向に注目している。長期的な傾向を見て判断したい。,金融・経済,4,train
4905,昨日、親子丼の店を探している！,食事・料理,1,train
4906,来月に向けて、OSを自作してみたい。,IT・テクノロジー,0,train
4907,休日に居酒屋をお弁当に入れたい。休日にゆっくり楽しみたい。,食事・料理,1,train
4908,今日はフィギュアスケートのルールを調べている！,スポーツ,3,validation
4909,休日に新幹線の宿泊費を比較している。宿泊先の評判も確認している。,旅行・観光,2,train
4910,ネットで美術館でゆっくり過ごしたいと考えている。,旅行・観光,2,train
4911,ネットで選手を友人とプレーした。,スポーツ,3,test
4912,今日は中央銀行の動きを確認している。家計への影響も確認しておきたい。,金融・経済,4,train
4913,来月に向けて、道の駅の旅行プランを作っている！,旅行・観光,2,test
4914,今週はランチを昼ごはんに食べた,食事・料理,1,train
4915,少し前から経済ニュースについて投資判断を考えている。,金融・経済,4,test
4916,今週はバレーボールの得点シーンを見返したので情報を集めている。,スポーツ,3,train
4917,家で新幹線へ飛行機で向かうのが最近の関心事だ。,旅行・観光,2,train
4918,来月に向けて、親子丼を食べたい。,食事・料理,1,train
4919,昨日、ファイアウォールをインストールしたので情報を集めている。,IT・テクノロジー,0,test
4920,昨日、JavaScriptをインストールした。,IT・テクノロジー,0,train
4921,来月に向けて、ジョギングの道具を買い替えたい！,スポーツ,3,train
4922,昨日、為替レートが下がっている。長期的な傾向を見て判断したい。,金融・経済,4,train
4923,友人と話していて、スポーツ観戦の大会結果に驚いた！,スポーツ,3,train
4924,来月に向けて、CPUを導入したい！,IT・テクノロジー,0,train
4925,来月に向けて、展望台の旅館を予約したい。,旅行・観光,2,train
4926,SQLの最新版が気になるのでメモしておいた。,IT・テクノロジー,0,train
4927,来月に向けて、コンテナを接続したい。初心者でも扱いやすい方法を探している。,IT・テクノロジー,0,train
4928,来月に向けて、キャンプ場への交通費を調べているのでメモしておいた。,旅行・観光,2,train
4929,友人と話していて、一人旅で泊まりたい。,旅行・観光,2,train
4930,ふと思って、定食をお弁当に入れたい。,食事・料理,1,train
4931,ワールドカップで記録を伸ばしたいと考えている。,スポーツ,3,train
4932,ふと思って、モニターを高速化したいので詳しく調べている。,IT・テクノロジー,0,train
4933,昨日、たこ焼きの作り方を覚えたい。,食事・料理,1,test
4934,ふと思って、消費税について勉強していると考えている。,金融・経済,4,train
4935,今日は預金が企業業績に与える影響を調べた。,金融・経済,4,validation
4936,最近、ラーメンを夕食に作るのが最近の関心事だ。,食事・料理,1,train
4937,家でドル円のリスクを考えている！,金融・経済,4,train
4938,家で寿司の店を探している。,食事・料理,1,train
4939,仕事の合間に日本銀行の最新情報を調べている。長期的な傾向を見て判断したい。,金融・経済,4,train
4940,来月に向けて、売上の今後が気になる。,金融・経済,4,train
4941,朝から奈良で写真を撮りたい。移動時間をなるべく短くしたい。,旅行・観光,2,train
4942,家でネットワークをインストールしたので詳しく調べている。,IT・テクノロジー,0,validation
4943,今日はラーメンの材料を買ってきたのが最近の関心事だ。,食事・料理,1,test
4944,休日に住宅ローンを家計簿と一緒に確認している。複数の情報源を比較している。,金融・経済,4,train
4945,昨日、ステーキのレシピを探している。辛さは控えめにしたい。,食事・料理,1,train
4946,朝からピザを食べたい。近くのおいしい店も探している。,食事・料理,1,test
4947,今日はデフレを家計簿と一緒に確認しているのが最近の関心事だ。,金融・経済,4,train
4948,家でタブレットについて学習中だと考えている。,IT・テクノロジー,0,test
4949,最近、JavaScriptの最新版が気になる。新しい機能も試してみたい。,IT・テクノロジー,0,validation
4950,朝から野球を練習している。次の試合も楽しみにしている。,スポーツ,3,test
4951,最近、決算が企業業績に与える影響を調べた。長期的な傾向を見て判断したい。,金融・経済,4,test
4952,家でインフレについて専門家の解説を読んだ,金融・経済,4,train
4953,朝からマラソンのルールを調べているので情報を集めている。,スポーツ,3,train
4954,セキュリティを試してみたい。できれば使いやすいものを選びたい。,IT・テクノロジー,0,train
4955,ふと思って、レストランがおいしかった。,食事・料理,1,train
4956,友人と話していて、ゴルフで汗を流した。,スポーツ,3,train
4957,朝から水泳のスタジアムへ行きたいのでメモしておいた。,スポーツ,3,train
4958,少し前から居酒屋のカロリーが気になる！,食事・料理,1,train
4959,家で広島への旅行を計画している。,旅行・観光,2,train
4960,少し前からオリンピックを毎週続けている。もっと上達する方法を探している。,スポーツ,3,train
4961,家でお好み焼きの材料を買ってきた。値段と量のバランスも気になる。,食事・料理,1,train
4962,ステーキを手作りした。できれば簡単に作れる方法がいい。,食事・料理,1,test
4963,昨日、景気の最新情報を調べている。,金融・経済,4,train
4964,今週はOSについて調べているのでメモしておいた。,IT・テクノロジー,0,validation
4965,今週はプログラミングをインストールした。新しい機能も試してみたい。,IT・テクノロジー,0,train
4966,家で広島で写真を撮りたい！,旅行・観光,2,train
4967,仕事の合間に弁当をもう一度食べたい。,食事・料理,1,train
4968,ネットで仙台の名所を調べている。移動時間をなるべく短くしたい。,旅行・観光,2,train
4969,家でケーキを食べたい。値段と量のバランスも気になる。,食事・料理,1,train
4970,ふと思って、Pythonの性能を比較したい。予算と性能のバランスも気になる。,IT・テクノロジー,0,train
4971,休日に札幌の旅行プランを作っている！,旅行・観光,2,train
4972,ネットでPCを業務に活用したい,IT・テクノロジー,0,train
4973,今週はうどんのおすすめを知りたい。値段と量のバランスも気になる。,食事・料理,1,validation
4974,最近、旅行を観光したいと考えている。,旅行・観光,2,train
4975,少し前からサラダに野菜を追加したい。値段と量のバランスも気になる。,食事・料理,1,train
4976,友人と話していて、宿泊から帰ってきた！,旅行・観光,2,train
4977,友人と話していて、NBAの練習試合に参加した。,スポーツ,3,test
4978,今日は天ぷらをさっぱり味にしたい。値段と量のバランスも気になる。,食事・料理,1,validation
4979,家で投資信託を家計簿と一緒に確認しているので情報を集めている。,金融・経済,4,train
4980,ふと思って、債券を資産形成に活用したいのでメモしておいた。,金融・経済,4,test
4981,家でファイアウォールを導入したいのでメモしておいた。,IT・テクノロジー,0,train
4982,休日に空港へ新幹線で行く。現地のおいしいものも楽しみたい。,旅行・観光,2,train
4983,昨日、唐揚げの人気店を調べている。家族にも好評な味にしたい。,食事・料理,1,train
4984,朝から大阪へ新幹線で行く。,旅行・観光,2,train
4985,休日に札幌へ一人旅したい。移動時間をなるべく短くしたい。,旅行・観光,2,train
4986,ネットでバレーボールで汗を流した。もっと上達する方法を探している。,スポーツ,3,train
4987,神戸へ一人旅したい！,旅行・観光,2,train
4988,今週はスキーを毎週続けている。,スポーツ,3,test
4989,ネットで国内旅行で食べ歩きしたい！,旅行・観光,2,train
4990,来月に向けて、経済成長について基本から学びたい。数字の背景も理解したい。,金融・経済,4,train
4991,ネットでプログラミングを勉強したい。,IT・テクノロジー,0,train
4992,来月に向けて、城を観光したいのが最近の関心事だ。,旅行・観光,2,train
4993,少し前から山への交通費を調べている。家族でも楽しめる場所がいい。,旅行・観光,2,train
4994,ふと思って、PCを新しくしたいと思っている。,IT・テクノロジー,0,train
4995,仕事の合間に夕食を辛めに作りたい。辛さは控えめにしたい。,食事・料理,1,validation
4996,友人と話していて、ケーキを食べ比べたいのが最近の関心事だ。,食事・料理,1,train
4997,仕事の合間に国債の予測を確認している。数字の背景も理解したい。,金融・経済,4,train
4998,ネットで餃子の盛り付けを工夫した。値段と量のバランスも気になる。,食事・料理,1,train
4999,少し前から焼肉の作り方を覚えたいと思っている。,食事・料理,1,train
5000,仕事の合間に温泉で食べ歩きしたい。家族でも楽しめる場所がいい。,旅行・観光,2,train
