id,text,label,sentiment,domain,split
1,スポーツ映画は声優に少し不満があったが、迫力は良く、総合的には満足している。,1,高評価,映画,validation
2,バッテリー持ちが素晴らしく、さらにサイズ感にも満足した。組み立て家具をまた選びたい。,1,高評価,EC商品,train
3,カプセルホテルは高くないわけではないが、防音を考えると納得できる。,1,高評価,ホテル,train
4,歴史映画はアクションに少し不満があったが、会話は良く、総合的には満足している。,1,高評価,映画,train
5,席の広さは魅力的だったが、待ち時間がかなり残念で、全体としては満足できなかった。,0,低評価,飲食店,train
6,何度か利用してみた。チャットアプリはバッテリー消費に少し不満があったが、通知機能は良く、総合的には満足している。,1,高評価,アプリ,train
7,検索機能は少し悪かったものの、アップデートが期待以上だったので天気アプリには高評価を付けたい。,1,高評価,アプリ,train
8,実際に使ってみると、接続の安定性が想像より悪く、バッグには低評価を付けたい。,0,低評価,EC商品,train
9,ビジネスホテルは期待外れ。防音とフロント対応のどちらも使いにくく、がっかりした。,0,低評価,ホテル,train
10,声優には満足したものの、ラストが期待外れだったので歴史映画には低評価を付けたい。,0,低評価,映画,train
11,観光ホテルは部屋の清潔さに良い点もあった。しかしチェックアウトに問題があり、結果的にはおすすめしにくい。,0,低評価,ホテル,train
12,期待して購入した。SF映画は音楽が安定していて、ストレスなく使えた。,1,高評価,映画,train
13,一週間ほど試した。家計簿アプリは期待外れ。読み込み速度と同期機能のどちらも使いにくく、がっかりした。,0,低評価,アプリ,test
14,静かさは予想以上だったが、そのほかはチェックアウトが使いにくく不満が残った。,0,低評価,ホテル,train
15,スポーツ映画は余韻が良く、かなり満足している。,1,高評価,映画,train
16,今回初めて利用した。脚本は少し悪かったものの、世界観が期待以上だったのでアニメ映画には高評価を付けたい。,1,高評価,映画,train
17,デザートが素晴らしく、さらに料理の味にも満足した。そば屋をまた選びたい。,1,高評価,飲食店,train
18,ネジ穴の精度が想像より良く、パソコンには高評価を付けたい。,1,高評価,EC商品,train
19,ドリンクが想像より良く、寿司店には高評価を付けたい。,1,高評価,飲食店,train
20,実際に使ってみると、香りが良くないというレビューもあったが、自分はステーキ店に満足している。,1,高評価,飲食店,train
21,喫茶店は値段に見合わない。特にデザートに問題があった。,0,低評価,飲食店,test
22,シティホテルは眺めが不安定で、かなりストレスを感じた。,0,低評価,ホテル,test
23,部屋の清潔さがとても良かったので、空港ホテルをまた利用したい。,1,高評価,ホテル,train
24,評判が良かったので試した。ケーキ店の料理の味は悪くない。むしろ使ってみるとかなり満足できた。,1,高評価,飲食店,train
25,ミステリー映画を使ってみたが、アクションが期待以上だった。,1,高評価,映画,train
26,今回初めて利用した。ラーメン店は完璧ではなく接客に難がある。それでもボリュームが優れていて満足度は高い。,1,高評価,飲食店,train
27,浴場が全く使えないわけではないが、温泉旅館を高く評価するほどではない。,0,低評価,ホテル,train
28,駅前ホテルを使ってみたが、アメニティが期待以上だった。,1,高評価,ホテル,train
29,何度か利用してみた。チェックインのスムーズさが少し悪くなっているところもあったが、そのほかは価格が良く使いやすい。,1,高評価,ホテル,train
30,健康管理アプリは検索精度も同期機能もかなり悪かった。残念だが低評価。,0,低評価,アプリ,train
31,実際に使ってみると、テンポには満足したものの、テーマが期待外れだったのでサスペンス映画には低評価を付けたい。,0,低評価,映画,train
32,防音が素晴らしく、さらにアクセスにも満足した。海辺のホテルをまた選びたい。,1,高評価,ホテル,train
33,実際に使ってみると、頑丈さが悪くないというレビューもあったが、自分にはマウスは合わなかった。,0,低評価,EC商品,train
34,演技に不満があり、コメディ映画を選んだのは失敗だった。,0,低評価,映画,train
35,パン屋は盛り付けが悪く、かなりかなり残念だった。,0,低評価,飲食店,train
36,操作感が少し悪くなっているところもあったが、そのほかは動作の安定性が良く使いやすい。,1,高評価,EC商品,train
37,組み立て家具の音質は良くない。期待していただけに残念だった。,0,低評価,EC商品,test
38,価格に大きな不満はなく、空港ホテルを選んで正解だった。,1,高評価,ホテル,train
39,収納棚は動作の安定性が悪く、かなり不満が残った。,0,低評価,EC商品,train
40,レスポンスが想像より良く、ゲームアプリには高評価を付けたい。,1,高評価,アプリ,train
41,駅前ホテルは値段に見合わない。特にチェックインのスムーズさに問題があった。,0,低評価,ホテル,test
42,動作の安定性が想像より良く、電源タップには高評価を付けたい。,1,高評価,EC商品,validation
43,手触りが全く使えないわけではないが、デスクを高く評価するほどではない。,0,低評価,EC商品,train
44,レビューを見て選んだが、犯罪映画は期待外れ。声優と余韻のどちらも使いにくく、がっかりした。,0,低評価,映画,validation
45,動作速度には満足したものの、機能の分かりやすさが期待外れだったのでナビアプリには低評価を付けたい。,0,低評価,アプリ,train
46,実際に使ってみると、SNSアプリは期待以上。操作性と広告の少なさのどちらも使いやすく、とても気に入った。,1,高評価,アプリ,train
47,温泉ホテルはアクセスで気になる点もあった。しかしWi-Fiが良く、結果的には買って良かった。,1,高評価,ホテル,test
48,ミステリー映画はテンポも構成もかなり悪かった。残念だが低評価。,0,低評価,映画,train
49,雰囲気が想像より良く、定食屋には高評価を付けたい。,1,高評価,飲食店,train
50,イヤホンを使ってみたが、手触りが期待以上だった。,1,高評価,EC商品,train
51,中華料理店は値段に見合わない。特にメニューの豊富さに問題があった。,0,低評価,飲食店,train
52,評判が良かったので試した。機能の分かりやすさは少し悪かったものの、アップデートが期待以上だったので天気アプリには高評価を付けたい。,1,高評価,アプリ,train
53,Wi-Fiが想像より悪く、カプセルホテルには低評価を付けたい。,0,低評価,ホテル,train
54,最初の印象では、チェックアウトが少し悪くなっているところもあったが、そのほかは静かさが良く使いやすい。,1,高評価,ホテル,train
55,期待して購入した。音楽アプリは値段以上の価値を感じた。特に起動速度が素晴らしい。,1,高評価,アプリ,train
56,入力のしやすさが悪くないというレビューもあったが、自分には読書アプリは合わなかった。,0,低評価,アプリ,train
57,何度か利用してみた。耐久性が想像より良く、キーボードには高評価を付けたい。,1,高評価,EC商品,train
58,ミステリー映画は一見良さそうで世界観も悪くない。それでも迫力がひどく、次は選ばない。,0,低評価,映画,train
59,何度か利用してみた。スピーカーは使いやすさは良かったが、ネジ穴の精度が悪く、総合的には不満が残った。,0,低評価,EC商品,train
60,チャットアプリはログインも機能の分かりやすさも非常に良かった。文句なしで高評価。,1,高評価,アプリ,test
61,SNSアプリはバッテリー消費も操作性もかなり悪かった。残念だが低評価。,0,低評価,アプリ,train
62,期待して購入した。世界観に大きな不満はなく、家族向け映画を選んで正解だった。,1,高評価,映画,train
63,会話が想像より悪く、家族向け映画には低評価を付けたい。,0,低評価,映画,train
64,余韻が想像より良く、ホラー映画には高評価を付けたい。,1,高評価,映画,train
65,家計簿アプリはレスポンスが良く、かなり高く評価している。,1,高評価,アプリ,train
66,一週間ほど試した。ストーリーが想像より悪く、戦争映画には低評価を付けたい。,0,低評価,映画,train
67,写真アプリは一見良さそうで使い勝手も悪くない。それでも同期機能がひどく、次は選ばない。,0,低評価,アプリ,train
68,レビューを見て選んだが、キーボードを使ってみたが、ネジ穴の精度が期待以上だった。,1,高評価,EC商品,train
69,部屋の清潔さに不満があり、高級ホテルを選んだのは失敗だった。,0,低評価,ホテル,train
70,提供の早さは予想以上だったが、そのほかは接客が使いにくく不満が残った。,0,低評価,飲食店,train
71,ステーキ店は値段以上の価値を感じた。特にスタッフの対応が素晴らしい。,1,高評価,飲食店,validation
72,今回初めて利用した。アクセスは魅力的だったが、アメニティがかなり残念で、全体としては満足できなかった。,0,低評価,ホテル,train
73,店内の清潔さがとても良かったので、中華料理店をまた利用したい。,1,高評価,飲食店,train
74,何度か利用してみた。コメディ映画は感情表現で気になる点もあった。しかし脚本が良く、結果的には買って良かった。,1,高評価,映画,train
75,評判が良かったので試した。リゾートはアクセスに良い点もあった。しかし朝食に問題があり、結果的にはおすすめしにくい。,0,低評価,ホテル,train
76,期待して購入した。歴史映画は値段以上の価値を感じた。特にテーマが素晴らしい。,1,高評価,映画,validation
77,フロント対応が全く使えないわけではないが、観光ホテルを高く評価するほどではない。,0,低評価,ホテル,train
78,一週間ほど試した。電源タップは品質が不安定で、かなりストレスを感じた。,0,低評価,EC商品,train
79,品質が素晴らしく、さらに軽さにも満足した。椅子をまた選びたい。,1,高評価,EC商品,train
80,タブレットは期待を裏切らなかった。組み立てやすさにも不満はない。,1,高評価,EC商品,train
81,工具セットはネジ穴の精度に良い点もあった。しかし梱包に問題があり、結果的にはおすすめしにくい。,0,低評価,EC商品,train
82,テンポは予想以上だったが、そのほかは伏線が使いにくく不満が残った。,0,低評価,映画,train
83,ドキュメンタリー映画は値段以上の価値を感じた。特に脚本が素晴らしい。,1,高評価,映画,train
84,期待して購入した。ビュッフェは待ち時間が不安定で、かなりストレスを感じた。,0,低評価,飲食店,train
85,歴史映画はアクションは良かったが、会話が悪く、総合的には不満が残った。,0,低評価,映画,train
86,SF映画を使ってみたが、迫力が期待外れだった。,0,低評価,映画,test
87,ネジ穴の精度は少し悪かったものの、品質が期待以上だったので充電器には高評価を付けたい。,1,高評価,EC商品,train
88,評判が良かったので試した。恋愛映画は脚本が良く、かなり満足している。,1,高評価,映画,train
89,キーボードは反応速度で気になる点もあった。しかし梱包が良く、結果的には買って良かった。,1,高評価,EC商品,train
90,期待して購入した。パン屋は盛り付けで気になる点もあった。しかし料理の味が良く、結果的には買って良かった。,1,高評価,飲食店,validation
91,キャラクターがとても良かったので、SF映画をまた利用したい。,1,高評価,映画,train
92,家族向け映画はストーリーが良く、かなり満足している。,1,高評価,映画,train
93,席の広さには改善してほしい部分があるが、ドリンクはかなり良く、全体としては気に入った。,1,高評価,飲食店,train
94,料理の味が想像より悪く、喫茶店には低評価を付けたい。,0,低評価,飲食店,validation
95,犯罪映画は最初迫力が良いと感じたが、使い続けると声優の問題が目立ち、評価は下がった。,0,低評価,映画,train
96,決済アプリは期待を裏切らなかった。機能の分かりやすさにも不満はない。,1,高評価,アプリ,train
97,家計簿アプリは完璧ではなく検索機能に難がある。それでも検索精度が優れていて満足度は高い。,1,高評価,アプリ,train
98,何度か利用してみた。動作速度は予想以上だったが、そのほかは安定性が使いにくく不満が残った。,0,低評価,アプリ,train
99,山の旅館は完璧ではなく静かさに難がある。それでも防音が優れていて満足度は高い。,1,高評価,ホテル,validation
100,SNSアプリは一見良さそうで操作性も悪くない。それでも使い勝手がひどく、次は選ばない。,0,低評価,アプリ,train
101,最初の印象では、ナビアプリを使ってみたが、広告の少なさが期待以上だった。,1,高評価,アプリ,train
102,動作の安定性が少し悪くなっているところもあったが、そのほかはバッテリー持ちが良く使いやすい。,1,高評価,EC商品,train
103,今回初めて利用した。充電器は期待以上。デザインとネジ穴の精度のどちらも使いやすく、とても気に入った。,1,高評価,EC商品,validation
104,評判が良かったので試した。カレンダーアプリは検索精度も同期機能もかなり悪かった。残念だが低評価。,0,低評価,アプリ,train
105,高級ホテルは期待以上。フロント対応と空調のどちらも使いやすく、とても気に入った。,1,高評価,ホテル,test
106,寿司店は料理の味に良い点もあった。しかし席の広さに問題があり、結果的にはおすすめしにくい。,0,低評価,飲食店,train
107,最初の印象では、ファンタジー映画はテーマが悪く、かなり不満が残った。,0,低評価,映画,train
108,デスクは反応速度が悪く、かなり不満が残った。,0,低評価,EC商品,validation
109,清掃が残念だったので、空港ホテルはもう利用したくない。,0,低評価,ホテル,train
110,山の旅館の眺めは良くない。期待していただけに残念だった。,0,低評価,ホテル,validation
111,浴場には満足したものの、館内設備が期待外れだったので駅前ホテルには低評価を付けたい。,0,低評価,ホテル,train
112,ゲームアプリは期待外れ。広告の少なさと検索精度のどちらも使いにくく、がっかりした。,0,低評価,アプリ,train
113,温泉旅館はアクセスが不安定で、かなりストレスを感じた。,0,低評価,ホテル,train
114,料理の味には満足したものの、立地が期待外れだったのでケーキ店には低評価を付けたい。,0,低評価,飲食店,train
115,接客に大きな不満はなく、焼肉店を選んで正解だった。,1,高評価,飲食店,validation
116,駅前ホテルは最初チェックインのスムーズさが気になったが、使い続けると部屋の広さの良さが分かり、今は満足している。,1,高評価,ホテル,train
117,ドリンクがとても良かったので、回転寿司をまた利用したい。,1,高評価,飲食店,train
118,チャットアプリはレスポンスも動作速度もかなり悪かった。残念だが低評価。,0,低評価,アプリ,train
119,回転寿司は最初香りが良いと感じたが、使い続けると料理の味の問題が目立ち、評価は下がった。,0,低評価,飲食店,train
120,バッグは高くないわけではないが、サイズ感を考えると納得できる。,1,高評価,EC商品,train
121,会計には改善してほしい部分があるが、料理の味はかなり良く、全体としては気に入った。,1,高評価,飲食店,train
122,冒険映画は完璧ではなくテーマに難がある。それでも演技が優れていて満足度は高い。,1,高評価,映画,validation
123,最初の印象では、ドキュメンタリー映画は期待に応えてくれなかった。世界観にも満足できない。,0,低評価,映画,train
124,民宿は空調が悪く、かなり不満が残った。,0,低評価,ホテル,train
125,脚本に問題があり、さらに声優にも不満がある。家族向け映画はもう選ばない。,0,低評価,映画,test
126,健康管理アプリは完璧ではなくデザインに難がある。それでも通知機能が優れていて満足度は高い。,1,高評価,アプリ,train
127,部屋の清潔さは魅力的だったが、清掃がかなり残念で、全体としては満足できなかった。,0,低評価,ホテル,train
128,寿司店は完璧ではなく店内の清潔さに難がある。それでもデザートが優れていて満足度は高い。,1,高評価,飲食店,train
129,高級ホテルは最初アクセスが気になったが、使い続けるとアメニティの良さが分かり、今は満足している。,1,高評価,ホテル,test
130,実際に使ってみると、天気アプリは入力のしやすさが不安定で、かなりストレスを感じた。,0,低評価,アプリ,train
131,タブレットは使いやすさが良く、かなり満足している。,1,高評価,EC商品,train
132,レビューを見て選んだが、高級ホテルは値段に見合わない。特にアメニティに問題があった。,0,低評価,ホテル,train
133,期待して購入した。焼肉店は最初提供の早さが気になったが、使い続けると食材の新鮮さの良さが分かり、今は満足している。,1,高評価,飲食店,validation
134,SF映画はキャラクターに良い点もあった。しかし世界観に問題があり、結果的にはおすすめしにくい。,0,低評価,映画,train
135,期待して購入した。リゾートを使ってみたが、ベッドの快適さが期待以上だった。,1,高評価,ホテル,train
136,動画アプリは検索精度も画面の見やすさも非常に良かった。文句なしで高評価。,1,高評価,アプリ,train
137,チェックアウトに問題がないとは言えないが、リゾートホテルは総合的には十分満足できる。,1,高評価,ホテル,test
138,ケーキ店は料理の味も食材の新鮮さも非常に良かった。文句なしで高評価。,1,高評価,飲食店,train
139,実際に使ってみると、家族向け映画の迫力は良くない。期待していただけに残念だった。,0,低評価,映画,train
140,今回初めて利用した。翻訳アプリは値段以上の価値を感じた。特にバッテリー消費が素晴らしい。,1,高評価,アプリ,train
141,温度が少し悪くなっているところもあったが、そのほかはボリュームが良く使いやすい。,1,高評価,飲食店,train
142,レビューを見て選んだが、メモアプリを使ってみたが、機能の分かりやすさが期待以上だった。,1,高評価,アプリ,train
143,手触りは決して悪くなく、水筒を選んで良かったと思う。,1,高評価,EC商品,train
144,パソコンは品質も接続の安定性もかなり悪かった。残念だが低評価。,0,低評価,EC商品,train
145,タスク管理アプリは完璧ではなく読み込み速度に難がある。それでも同期機能が優れていて満足度は高い。,1,高評価,アプリ,test
146,スタッフの対応が良くないというレビューもあったが、自分はリゾートホテルに高く評価している。,1,高評価,ホテル,train
147,反応速度には改善してほしい部分があるが、接続の安定性はかなり良く、全体としては気に入った。,1,高評価,EC商品,train
148,一週間ほど試した。恋愛映画は演技は良かったが、構成が悪く、総合的には不満が残った。,0,低評価,映画,validation
149,ゲストハウスはスタッフの対応で気になる点もあった。しかし防音が良く、結果的には買って良かった。,1,高評価,ホテル,train
150,定食屋を使ってみたが、提供の早さが期待以上だった。,1,高評価,飲食店,test
151,脚本がとても良かったので、犯罪映画をまた利用したい。,1,高評価,映画,train
152,店内の清潔さは少し悪かったものの、立地が期待以上だったのでケーキ店には高評価を付けたい。,1,高評価,飲食店,train
153,今回初めて利用した。ネジ穴の精度に大きな不満はなく、タブレットを選んで正解だった。,1,高評価,EC商品,train
154,伏線が少し悪くなっているところもあったが、そのほかは映像が良く使いやすい。,1,高評価,映画,train
155,カレンダーアプリは広告の少なさに良い点もあった。しかしレスポンスに問題があり、結果的にはおすすめしにくい。,0,低評価,アプリ,train
156,戦争映画は値段以上の価値を感じた。特に映像が素晴らしい。,1,高評価,映画,train
157,デザインに大きな不満はなく、工具セットを選んで正解だった。,1,高評価,EC商品,train
158,席の広さに問題があり、さらに食材の新鮮さにも不満がある。洋食店はもう選ばない。,0,低評価,飲食店,train
159,伏線が想像より悪く、冒険映画には低評価を付けたい。,0,低評価,映画,train
160,観光ホテルは最初チェックアウトが気になったが、使い続けると清掃の良さが分かり、今は満足している。,1,高評価,ホテル,train
161,手触りは魅力的だったが、ネジ穴の精度がかなり残念で、全体としては満足できなかった。,0,低評価,EC商品,validation
162,安定性が想像より良く、家計簿アプリには高評価を付けたい。,1,高評価,アプリ,validation
163,世界観に大きな不満はなく、ドラマ映画を選んで正解だった。,1,高評価,映画,validation
164,パソコンはコストパフォーマンスは良かったが、デザインが悪く、総合的にはかなり残念だった。,0,低評価,EC商品,train
165,立地には改善してほしい部分があるが、価格はかなり良く、全体としては気に入った。,1,高評価,飲食店,train
166,今回初めて利用した。演技は少し悪かったものの、ストーリーが期待以上だったのでサスペンス映画には高評価を付けたい。,1,高評価,映画,train
167,評判が良かったので試した。清掃に不満があり、格安ホテルを選んだのは失敗だった。,0,低評価,ホテル,train
168,通知機能が残念だったので、地図アプリはもう利用したくない。,0,低評価,アプリ,train
169,テーマが少し悪くなっているところもあったが、そのほかは演技が良く使いやすい。,1,高評価,映画,train
170,ドリンクは予想以上だったが、そのほかは店内の清潔さが使いにくく不満が残った。,0,低評価,飲食店,test
171,ホラー映画は完璧ではなく迫力に難がある。それでもテーマが優れていて満足度は高い。,1,高評価,映画,train
172,ファミレスは値段に見合わない。特にスタッフの対応に問題があった。,0,低評価,飲食店,test
173,実際に使ってみると、恋愛映画は世界観で気になる点もあった。しかし余韻が良く、結果的には買って良かった。,1,高評価,映画,test
174,実際に使ってみると、ネジ穴の精度がとても良かったので、バッグをまた利用したい。,1,高評価,EC商品,train
175,安定性には満足したものの、画面の見やすさが期待外れだったので予約アプリには低評価を付けたい。,0,低評価,アプリ,train
176,最初の印象では、ホテルの価格は良くない。期待していただけに残念だった。,0,低評価,ホテル,train
177,チェックアウトが想像より良く、旅館には高評価を付けたい。,1,高評価,ホテル,train
178,ケーキ店は値段以上の価値を感じた。特に店内の清潔さが素晴らしい。,1,高評価,飲食店,train
179,音楽アプリは設定画面で気になる点もあった。しかし操作性が良く、結果的には買って良かった。,1,高評価,アプリ,train
180,香りがとても良かったので、寿司店をまた利用したい。,1,高評価,飲食店,train
181,リゾートは静かさが不安定で、かなりストレスを感じた。,0,低評価,ホテル,train
182,チャットアプリは高くないわけではないが、操作性を考えると納得できる。,1,高評価,アプリ,validation
183,定食屋は香りも料理の味もかなり悪かった。残念だが低評価。,0,低評価,飲食店,train
184,しばらく利用した結果、デザインは決して悪くなく、ヘッドホンを選んで良かったと思う。,1,高評価,EC商品,train
185,今回初めて利用した。温泉ホテルを使ってみたが、フロント対応が期待外れだった。,0,低評価,ホテル,train
186,使いやすさは魅力的だったが、組み立てやすさがかなり残念で、全体としては満足できなかった。,0,低評価,EC商品,test
187,ファミレスを使ってみたが、メニューの豊富さが期待以上だった。,1,高評価,飲食店,test
188,何度か利用してみた。リゾートホテルは期待に応えてくれなかった。フロント対応にも満足できない。,0,低評価,ホテル,train
189,ステーキ店は接客が悪く、かなり不満が残った。,0,低評価,飲食店,test
190,組み立て家具は値段以上の価値を感じた。特に動作の安定性が素晴らしい。,1,高評価,EC商品,train
191,通知機能は予想以上だったが、そのほかは安定性が使いにくく納得できなかった。,0,低評価,アプリ,train
192,最初の印象では、館内設備が残念だったので、和風旅館はもう利用したくない。,0,低評価,ホテル,validation
193,喫茶店は完璧ではなく接客に難がある。それでもドリンクが優れていて満足度は高い。,1,高評価,飲食店,train
194,操作性は予想以上だったが、そのほかは画面の見やすさが使いにくく不満が残った。,0,低評価,アプリ,test
195,一週間ほど試した。価格に不満があり、リゾートを選んだのは失敗だった。,0,低評価,ホテル,train
196,中華料理店は安くないのに、接客がこの程度では納得できない。,0,低評価,飲食店,train
197,スポーツ映画は値段に見合わない。特に構成に問題があった。,0,低評価,映画,train
198,何度か利用してみた。洋食店は立地に良い点もあった。しかし雰囲気に問題があり、結果的にはおすすめしにくい。,0,低評価,飲食店,train
199,収納棚は耐久性も動作の安定性も非常に良かった。文句なしで高評価。,1,高評価,EC商品,train
200,梱包は決して悪くなく、バッグを選んで良かったと思う。,1,高評価,EC商品,train
201,最初の印象では、家族向け映画は期待以上。ラストとアクションのどちらも使いやすく、とても気に入った。,1,高評価,映画,train
202,期待して購入した。サスペンス映画のテンポは悪くない。むしろ使ってみるとかなり満足できた。,1,高評価,映画,train
203,ドキュメンタリー映画は演出は良かったが、音楽が悪く、総合的には不満が残った。,0,低評価,映画,validation
204,最初の印象では、サスペンス映画は安くないのに、世界観がこの程度では納得できない。,0,低評価,映画,validation
205,そば屋は完璧ではなく提供の早さに難がある。それでもメニューの豊富さが優れていて満足度は高い。,1,高評価,飲食店,validation
206,部屋の清潔さが全く使えないわけではないが、ゲストハウスを高く評価するほどではない。,0,低評価,ホテル,train
207,格安ホテルを使ってみたが、清掃が期待以上だった。,1,高評価,ホテル,train
208,期待して購入した。音質が残念だったので、充電器はもう利用したくない。,0,低評価,EC商品,train
209,最初の印象では、演出が残念だったので、ホラー映画はもう利用したくない。,0,低評価,映画,test
210,今回初めて利用した。椅子は操作感に少し不満があったが、反応速度は良く、総合的には満足している。,1,高評価,EC商品,train
211,リゾートは最初浴場が気になったが、使い続けると館内設備の良さが分かり、今は満足している。,1,高評価,ホテル,train
212,評判が良かったので試した。工具セットは品質は良かったが、軽さが悪く、総合的には不満が残った。,0,低評価,EC商品,train
213,デスクは完璧ではなく接続の安定性に難がある。それでも音質が優れていて満足度は高い。,1,高評価,EC商品,train
214,カプセルホテルは部屋の広さが安定していて、ストレスなく使えた。,1,高評価,ホテル,validation
215,実際に使ってみると、家族向け映画は高くないわけではないが、脚本を考えると納得できる。,1,高評価,映画,train
216,注文のしやすさには満足したものの、盛り付けが期待外れだったのでファミレスには低評価を付けたい。,0,低評価,飲食店,train
217,ドリンクが全く使えないわけではないが、喫茶店を高く評価するほどではない。,0,低評価,飲食店,train
218,一週間ほど試した。サスペンス映画は値段以上の価値を感じた。特に迫力が素晴らしい。,1,高評価,映画,train
219,ベッドの快適さが良くないというレビューもあったが、自分は温泉ホテルに満足している。,1,高評価,ホテル,train
220,盛り付けがとても良かったので、うどん店をまた利用したい。,1,高評価,飲食店,train
221,ケーブルはコストパフォーマンスに良い点もあった。しかし耐久性に問題があり、結果的にはおすすめしにくい。,0,低評価,EC商品,train
222,スピーカーの使いやすさは良くない。期待していただけに残念だった。,0,低評価,EC商品,train
223,部屋の広さが少し悪くなっているところもあったが、そのほかはアメニティが良く使いやすい。,1,高評価,ホテル,validation
224,期待して購入した。音質に不満があり、モニターを選んだのは失敗だった。,0,低評価,EC商品,train
225,実際に使ってみると、ラストが想像より悪く、ミステリー映画には低評価を付けたい。,0,低評価,映画,validation
226,短編映画は音楽に良い点もあった。しかし会話に問題があり、結果的にはおすすめしにくい。,0,低評価,映画,validation
227,説明書に不満があり、スピーカーを選んだのは失敗だった。,0,低評価,EC商品,train
228,手触りに不満があり、掃除機を選んだのは失敗だった。,0,低評価,EC商品,train
229,サスペンス映画は映像が悪く、かなり不満が残った。,0,低評価,映画,train
230,民宿を使ってみたが、スタッフの対応が期待以上だった。,1,高評価,ホテル,test
231,水筒は一見良さそうで静音性も悪くない。それでも反応速度がひどく、次は選ばない。,0,低評価,EC商品,validation
232,組み立て家具は期待以上。操作感と音質のどちらも使いやすく、とても気に入った。,1,高評価,EC商品,validation
233,ミステリー映画は期待に応えてくれなかった。構成にも満足できない。,0,低評価,映画,validation
234,評判が良かったので試した。カレンダーアプリのバッテリー消費は良くない。期待していただけに残念だった。,0,低評価,アプリ,train
235,冒険映画は一見良さそうで声優も悪くない。それでも世界観がひどく、次は選ばない。,0,低評価,映画,train
236,立地は決して良いとは言えず、ラーメン店には不満が残った。,0,低評価,飲食店,test
237,会話がとても良かったので、ファンタジー映画をまた利用したい。,1,高評価,映画,train
238,SF映画は演技が悪く、かなり不満が残った。,0,低評価,映画,train
239,余韻がとても良かったので、家族向け映画をまた利用したい。,1,高評価,映画,train
240,温度は魅力的だったが、立地がかなり残念で、全体としては満足できなかった。,0,低評価,飲食店,validation
241,館内設備には改善してほしい部分があるが、朝食はかなり良く、全体としては気に入った。,1,高評価,ホテル,train
242,価格が残念だったので、格安ホテルはもう利用したくない。,0,低評価,ホテル,train
243,家族向け映画はテーマも演出も非常に良かった。文句なしで高評価。,1,高評価,映画,test
244,最初の印象では、翻訳アプリは値段に見合わない。特に安定性に問題があった。,0,低評価,アプリ,train
245,期待して購入した。収納棚は完璧ではなく使いやすさに難がある。それでも組み立てやすさが優れていて満足度は高い。,1,高評価,EC商品,test
246,喫茶店を使ってみたが、待ち時間が期待以上だった。,1,高評価,飲食店,train
247,映像美には改善してほしい部分があるが、余韻はかなり良く、全体としては気に入った。,1,高評価,映画,train
248,しばらく利用した結果、ケーブルを使ってみたが、説明書が期待以上だった。,1,高評価,EC商品,train
249,動作の安定性が少し悪くなっているところもあったが、そのほかは耐久性が良く使いやすい。,1,高評価,EC商品,validation
250,期待して購入した。スタッフの対応には改善してほしい部分があるが、フロント対応はかなり良く、全体としては気に入った。,1,高評価,ホテル,train
251,期待して購入した。喫茶店は注文のしやすさに少し不満があったが、盛り付けは良く、総合的には満足している。,1,高評価,飲食店,train
252,ミステリー映画の演技は良くない。期待していただけに残念だった。,0,低評価,映画,train
253,実際に使ってみると、予約アプリは動作速度が安定していて、ストレスなく使えた。,1,高評価,アプリ,train
254,画面の見やすさが残念だったので、読書アプリはもう利用したくない。,0,低評価,アプリ,train
255,パン屋は盛り付けが悪く、かなり不満が残った。,0,低評価,飲食店,train
256,イタリアンは一見良さそうで雰囲気も悪くない。それでもボリュームがひどく、次は選ばない。,0,低評価,飲食店,train
257,品質が想像より悪く、スマートフォンには低評価を付けたい。,0,低評価,EC商品,train
258,ネジ穴の精度が残念だったので、掃除機はもう利用したくない。,0,低評価,EC商品,train
259,音質が素晴らしく、さらにバッテリー持ちにも満足した。スピーカーをまた選びたい。,1,高評価,EC商品,train
260,ラーメン店は提供の早さが安定していて、ストレスなく使えた。,1,高評価,飲食店,validation
261,接客が少し悪くなっているところもあったが、そのほかは待ち時間が良く使いやすい。,1,高評価,飲食店,test
262,実際に使ってみると、ケーブルはバッテリー持ちが不安定で、かなりストレスを感じた。,0,低評価,EC商品,train
263,空調が残念だったので、観光ホテルはもう利用したくない。,0,低評価,ホテル,train
264,何度か利用してみた。恋愛映画は迫力で気になる点もあった。しかし演技が良く、結果的には買って良かった。,1,高評価,映画,train
265,声優には改善してほしい部分があるが、会話はかなり良く、全体としては気に入った。,1,高評価,映画,validation
266,宿泊施設は一見良さそうで空調も悪くない。それでも静かさがひどく、次は選ばない。,0,低評価,ホテル,train
267,清掃が想像より良く、民宿には高評価を付けたい。,1,高評価,ホテル,validation
268,サスペンス映画はアクションが良く、かなり満足している。,1,高評価,映画,train
269,検索精度が素晴らしく、さらに検索機能にも満足した。音楽アプリをまた選びたい。,1,高評価,アプリ,train
270,充電器は頑丈さが悪く、かなり納得できなかった。,0,低評価,EC商品,test
271,収納棚は一見良さそうで音質も悪くない。それでもサイズ感がひどく、次は選ばない。,0,低評価,EC商品,train
272,サイズ感が想像より悪く、イヤホンには低評価を付けたい。,0,低評価,EC商品,train
273,タブレットを使ってみたが、コストパフォーマンスが期待以上だった。,1,高評価,EC商品,train
274,カレンダーアプリはバッテリー消費も同期機能もかなり悪かった。残念だが低評価。,0,低評価,アプリ,train
275,タブレットは期待以上。サイズ感と頑丈さのどちらも使いやすく、とても気に入った。,1,高評価,EC商品,validation
276,レビューを見て選んだが、カレンダーアプリは完璧ではなく安定性に難がある。それでもレスポンスが優れていて満足度は高い。,1,高評価,アプリ,train
277,何度か利用してみた。学習アプリを使ってみたが、動作速度が期待外れだった。,0,低評価,アプリ,train
278,SNSアプリは最初操作性が良いと感じたが、使い続けると入力のしやすさの問題が目立ち、評価は下がった。,0,低評価,アプリ,train
279,盛り付けには満足したものの、提供の早さが期待外れだったのでそば屋には低評価を付けたい。,0,低評価,飲食店,train
280,地図アプリは動作速度が良く、かなり満足している。,1,高評価,アプリ,validation
281,回転寿司は期待以上。ドリンクと料理の味のどちらも使いやすく、とても気に入った。,1,高評価,飲食店,test
282,最初の印象では、コメディ映画は演技が安定していて、ストレスなく使えた。,1,高評価,映画,train
283,写真アプリは検索機能が不安定で、かなりストレスを感じた。,0,低評価,アプリ,train
284,最初の印象では、ケーキ店はドリンクが不安定で、かなりストレスを感じた。,0,低評価,飲食店,train
285,接客が全く使えないわけではないが、そば屋を高く評価するほどではない。,0,低評価,飲食店,train
286,最初の印象では、家計簿アプリは値段以上の価値を感じた。特に同期機能が素晴らしい。,1,高評価,アプリ,train
287,スポーツ映画のテンポは悪くない。むしろ使ってみるとかなり満足できた。,1,高評価,映画,train
288,操作感に大きな不満はなく、スピーカーを選んで正解だった。,1,高評価,EC商品,train
289,実際に使ってみると、冒険映画は構成が安定していて、ストレスなく使えた。,1,高評価,映画,train
290,音質は予想以上だったが、そのほかは耐久性が使いにくく不満が残った。,0,低評価,EC商品,test
291,ファンタジー映画は期待以上。キャラクターと世界観のどちらも使いやすく、とても気に入った。,1,高評価,映画,validation
292,アメニティには満足したものの、眺めが期待外れだったので温泉ホテルには低評価を付けたい。,0,低評価,ホテル,train
293,実際に使ってみると、ヘッドホンは組み立てやすさで気になる点もあった。しかし接続の安定性が良く、結果的には買って良かった。,1,高評価,EC商品,train
294,広告の少なさが少し悪くなっているところもあったが、そのほかは起動速度が良く使いやすい。,1,高評価,アプリ,train
295,盛り付けが素晴らしく、さらにスタッフの対応にも満足した。ファミレスをまた選びたい。,1,高評価,飲食店,train
296,評判が良かったので試した。短編映画は期待を裏切らなかった。アクションにも不満はない。,1,高評価,映画,train
297,翻訳アプリは起動速度で気になる点もあった。しかし設定画面が良く、結果的には買って良かった。,1,高評価,アプリ,train
298,設定画面が全く使えないわけではないが、音楽アプリを高く評価するほどではない。,0,低評価,アプリ,train
299,キャラクターは少し悪かったものの、音楽が期待以上だったのでスポーツ映画には高評価を付けたい。,1,高評価,映画,train
300,品質が少し悪くなっているところもあったが、そのほかは音質が良く使いやすい。,1,高評価,EC商品,train
301,天気アプリはアップデートに良い点もあった。しかしデザインに問題があり、結果的にはおすすめしにくい。,0,低評価,アプリ,validation
302,マウスはサイズ感も反応速度も非常に良かった。文句なしで高評価。,1,高評価,EC商品,validation
303,期待して購入した。脚本がとても良かったので、家族向け映画をまた利用したい。,1,高評価,映画,train
304,価格には改善してほしい部分があるが、料理の味はかなり良く、全体としては気に入った。,1,高評価,飲食店,validation
305,温泉旅館は最初浴場が気になったが、使い続けるとWi-Fiの良さが分かり、今は満足している。,1,高評価,ホテル,validation
306,歴史映画はテーマに少し不満があったが、映像は良く、総合的には満足している。,1,高評価,映画,train
307,収納棚を使ってみたが、ネジ穴の精度が期待以上だった。,1,高評価,EC商品,train
308,レビューを見て選んだが、操作性が残念だったので、健康管理アプリはもう利用したくない。,0,低評価,アプリ,train
309,ゲストハウスは期待外れ。チェックアウトと浴場のどちらも使いにくく、がっかりした。,0,低評価,ホテル,test
310,チャットアプリは操作性で気になる点もあった。しかし起動速度が良く、結果的には買って良かった。,1,高評価,アプリ,train
311,ゲストハウスは完璧ではなくチェックアウトに難がある。それでも防音が優れていて満足度は高い。,1,高評価,ホテル,train
312,動作の安定性が少し悪くなっているところもあったが、そのほかはコストパフォーマンスが良く使いやすい。,1,高評価,EC商品,train
313,今回初めて利用した。カレー店は値段に見合わない。特に食材の新鮮さに問題があった。,0,低評価,飲食店,validation
314,価格が少し悪くなっているところもあったが、そのほかはアメニティが良く使いやすい。,1,高評価,ホテル,train
315,演技は魅力的だったが、迫力がかなり残念で、全体としては満足できなかった。,0,低評価,映画,train
316,音楽映画はキャラクターも伏線もかなり悪かった。残念だが低評価。,0,低評価,映画,train
317,声優が想像より良く、アニメ映画には高評価を付けたい。,1,高評価,映画,train
318,翻訳アプリは設定画面は良かったが、広告の少なさが悪く、総合的にはかなり残念だった。,0,低評価,アプリ,test
319,読み込み速度に大きな不満はなく、タスク管理アプリを選んで正解だった。,1,高評価,アプリ,train
320,期待して購入した。恋愛映画は最初音楽が気になったが、使い続けるとストーリーの良さが分かり、今は満足している。,1,高評価,映画,train
321,静かさが少し悪くなっているところもあったが、そのほかはアメニティが良く使いやすい。,1,高評価,ホテル,train
322,映像は魅力的だったが、キャラクターがかなり残念で、全体としては満足できなかった。,0,低評価,映画,train
323,スタッフの対応が少し悪くなっているところもあったが、そのほかは眺めが良く使いやすい。,1,高評価,ホテル,test
324,カレー店は盛り付けに良い点もあった。しかし料理の味に問題があり、結果的にはおすすめしにくい。,0,低評価,飲食店,validation
325,何度か利用してみた。格安ホテルは清掃が悪く、かなり不満が残った。,0,低評価,ホテル,train
326,写真アプリは値段に見合わない。特に検索精度に問題があった。,0,低評価,アプリ,train
327,実際に使ってみると、格安ホテルは浴場に少し不満があったが、静かさは良く、総合的には満足している。,1,高評価,ホテル,train
328,家族向け映画は構成も世界観も非常に良かった。文句なしで高評価。,1,高評価,映画,train
329,冒険映画は世界観もストーリーもかなり悪かった。残念だが低評価。,0,低評価,映画,train
330,焼肉店は期待以上。スタッフの対応と食材の新鮮さのどちらも使いやすく、とても気に入った。,1,高評価,飲食店,train
331,映像に問題がないとは言えないが、家族向け映画は総合的には十分満足できる。,1,高評価,映画,train
332,評判が良かったので試した。立地が想像より悪く、カレー店には低評価を付けたい。,0,低評価,飲食店,train
333,今回初めて利用した。映像は少し悪かったものの、脚本が期待以上だったので家族向け映画には高評価を付けたい。,1,高評価,映画,test
334,声優は魅力的だったが、テーマがかなり残念で、全体としては満足できなかった。,0,低評価,映画,test
335,脚本は少し悪かったものの、会話が期待以上だったのでファンタジー映画には高評価を付けたい。,1,高評価,映画,train
336,実際に使ってみると、駅前ホテルは空調に良い点もあった。しかし防音に問題があり、結果的にはおすすめしにくい。,0,低評価,ホテル,train
337,評判が良かったので試した。写真アプリは最初設定画面が気になったが、使い続けると検索機能の良さが分かり、今は満足している。,1,高評価,アプリ,train
338,冒険映画は一見良さそうでラストも悪くない。それでもテンポがひどく、次は選ばない。,0,低評価,映画,train
339,演技がとても良かったので、コメディ映画をまた利用したい。,1,高評価,映画,train
340,朝食には改善してほしい部分があるが、スタッフの対応はかなり良く、全体としては気に入った。,1,高評価,ホテル,train
341,頑丈さは少し悪かったものの、ネジ穴の精度が期待以上だったのでスマートフォンには高評価を付けたい。,1,高評価,EC商品,test
342,テーマは予想以上だったが、そのほかは世界観が使いにくく納得できなかった。,0,低評価,映画,train
343,キーボードは説明書が悪く、かなり満足できなかった。,0,低評価,EC商品,train
344,操作感に不満があり、バッグを選んだのは失敗だった。,0,低評価,EC商品,train
345,検索機能は魅力的だったが、レスポンスがかなり残念で、全体としては満足できなかった。,0,低評価,アプリ,train
346,評判が良かったので試した。注文のしやすさには満足したものの、盛り付けが期待外れだったのでファミレスには低評価を付けたい。,0,低評価,飲食店,train
347,何度か利用してみた。検索機能が素晴らしく、さらにバッテリー消費にも満足した。カレンダーアプリをまた選びたい。,1,高評価,アプリ,validation
348,価格が想像より良く、ビュッフェには高評価を付けたい。,1,高評価,飲食店,train
349,レビューを見て選んだが、手触りに大きな不満はなく、工具セットを選んで正解だった。,1,高評価,EC商品,train
350,SNSアプリのレスポンスは悪くない。むしろ使ってみるとかなり満足できた。,1,高評価,アプリ,train
351,何度か利用してみた。使い勝手が想像より悪く、写真アプリには低評価を付けたい。,0,低評価,アプリ,train
352,評判が良かったので試した。カフェは高くないわけではないが、メニューの豊富さを考えると納得できる。,1,高評価,飲食店,train
353,ミステリー映画の会話は悪くない。むしろ使ってみるとかなり満足できた。,1,高評価,映画,train
354,安定性が良くないというレビューもあったが、自分は健康管理アプリに満足している。,1,高評価,アプリ,validation
355,アメニティが想像より悪く、旅館には低評価を付けたい。,0,低評価,ホテル,train
356,高級ホテルを使ってみたが、フロント対応が期待外れだった。,0,低評価,ホテル,train
357,評判が良かったので試した。寿司店は完璧ではなく立地に難がある。それでも店内の清潔さが優れていて満足度は高い。,1,高評価,飲食店,train
358,イヤホンは期待外れ。手触りと組み立てやすさのどちらも使いにくく、がっかりした。,0,低評価,EC商品,train
359,一週間ほど試した。椅子を使ってみたが、接続の安定性が期待以上だった。,1,高評価,EC商品,train
360,ファンタジー映画はテンポが悪く、かなり不満が残った。,0,低評価,映画,train
361,ドキュメンタリー映画は音楽もテーマもかなり悪かった。残念だが低評価。,0,低評価,映画,validation
362,コメディ映画は高くないわけではないが、アクションを考えると納得できる。,1,高評価,映画,test
363,雰囲気に大きな不満はなく、ビュッフェを選んで正解だった。,1,高評価,飲食店,train
364,通知機能に問題がないとは言えないが、家計簿アプリは総合的には十分満足できる。,1,高評価,アプリ,train
365,価格が少し悪くなっているところもあったが、そのほかはスタッフの対応が良く使いやすい。,1,高評価,飲食店,train
366,天気アプリは動作速度に良い点もあった。しかし入力のしやすさに問題があり、結果的にはおすすめしにくい。,0,低評価,アプリ,train
367,恋愛映画はラストが不安定で、かなりストレスを感じた。,0,低評価,映画,train
368,スマートフォンを使ってみたが、軽さが期待外れだった。,0,低評価,EC商品,validation
369,食材の新鮮さが想像より良く、洋食店には高評価を付けたい。,1,高評価,飲食店,train
370,ビジネスホテルは安くないのに、朝食がこの程度では納得できない。,0,低評価,ホテル,train
371,観光ホテルは防音が良く、かなり満足している。,1,高評価,ホテル,validation
372,旅館を使ってみたが、アクセスが期待以上だった。,1,高評価,ホテル,train
373,軽さがとても良かったので、マウスをまた利用したい。,1,高評価,EC商品,train
374,最初の印象では、待ち時間が想像より悪く、中華料理店には低評価を付けたい。,0,低評価,飲食店,train
375,期待して購入した。メモアプリは検索機能が良く、かなり満足している。,1,高評価,アプリ,train
376,実際に使ってみると、収納棚は期待外れ。頑丈さとコストパフォーマンスのどちらも使いにくく、がっかりした。,0,低評価,EC商品,train
377,会計には改善してほしい部分があるが、ボリュームはかなり良く、全体としては気に入った。,1,高評価,飲食店,train
378,中華料理店は最初メニューの豊富さが良いと感じたが、使い続けると香りの問題が目立ち、評価は下がった。,0,低評価,飲食店,train
379,注文のしやすさが素晴らしく、さらに会計にも満足した。カレー店をまた選びたい。,1,高評価,飲食店,validation
380,カプセルホテルは空調が悪く、かなり不満が残った。,0,低評価,ホテル,test
381,キーボードは使いやすさが悪く、かなり不満が残った。,0,低評価,EC商品,train
382,通知機能が悪くないというレビューもあったが、自分には読書アプリは合わなかった。,0,低評価,アプリ,train
383,メモアプリは機能の分かりやすさに少し不満があったが、レスポンスは良く、総合的には満足している。,1,高評価,アプリ,train
384,焼肉店は待ち時間が安定していて、ストレスなく使えた。,1,高評価,飲食店,train
385,今回初めて利用した。香りが素晴らしく、さらにスタッフの対応にも満足した。うどん店をまた選びたい。,1,高評価,飲食店,train
386,ミステリー映画は感情表現が良く、かなり満足している。,1,高評価,映画,train
387,写真アプリは画面の見やすさが不安定で、かなりストレスを感じた。,0,低評価,アプリ,validation
388,一週間ほど試した。接客は予想以上だったが、そのほかは価格が使いにくくかなり残念だった。,0,低評価,飲食店,train
389,最初の印象では、注文のしやすさには改善してほしい部分があるが、雰囲気はかなり良く、全体としては気に入った。,1,高評価,飲食店,train
390,何度か利用してみた。天気アプリの広告の少なさは悪くない。むしろ使ってみるとかなり満足できた。,1,高評価,アプリ,train
391,歴史映画はキャラクターが悪く、かなり不満が残った。,0,低評価,映画,test
392,ヘッドホンはネジ穴の精度が悪く、かなり満足できなかった。,0,低評価,EC商品,train
393,実際に使ってみると、アメニティは魅力的だったが、防音がかなり残念で、全体としては満足できなかった。,0,低評価,ホテル,train
394,喫茶店はデザートに良い点もあった。しかし料理の味に問題があり、結果的にはおすすめしにくい。,0,低評価,飲食店,train
395,一週間ほど試した。リゾートはアクセスに良い点もあった。しかし朝食に問題があり、結果的にはおすすめしにくい。,0,低評価,ホテル,validation
396,民宿を使ってみたが、静かさが期待外れだった。,0,低評価,ホテル,train
397,雰囲気に問題がないとは言えないが、喫茶店は総合的には十分満足できる。,1,高評価,飲食店,train
398,説明書が素晴らしく、さらに操作感にも満足した。ケーブルをまた選びたい。,1,高評価,EC商品,test
399,アニメ映画の世界観は良くない。期待していただけに残念だった。,0,低評価,映画,train
400,居酒屋は最初香りが気になったが、使い続けると会計の良さが分かり、今は満足している。,1,高評価,飲食店,train
401,期待して購入した。戦争映画は迫力に少し不満があったが、構成は良く、総合的には満足している。,1,高評価,映画,train
402,チャットアプリは広告の少なさが悪く、かなり不満が残った。,0,低評価,アプリ,train
403,声優が悪くないというレビューもあったが、自分には冒険映画は合わなかった。,0,低評価,映画,train
404,期待して購入した。清掃に問題があり、さらに浴場にも不満がある。空港ホテルはもう選ばない。,0,低評価,ホテル,validation
405,中華料理店を使ってみたが、香りが期待外れだった。,0,低評価,飲食店,train
406,レビューを見て選んだが、ドキュメンタリー映画は一見良さそうで音楽も悪くない。それでも演出がひどく、次は選ばない。,0,低評価,映画,train
407,家計簿アプリは一見良さそうで読み込み速度も悪くない。それでも機能の分かりやすさがひどく、次は選ばない。,0,低評価,アプリ,train
408,ボリュームがとても良かったので、ハンバーガー店をまた利用したい。,1,高評価,飲食店,train
409,バッグは値段以上の価値を感じた。特に反応速度が素晴らしい。,1,高評価,EC商品,train
410,翻訳アプリは広告の少なさが安定していて、ストレスなく使えた。,1,高評価,アプリ,train
411,収納棚を使ってみたが、説明書が期待以上だった。,1,高評価,EC商品,validation
412,読み込み速度が想像より悪く、読書アプリには低評価を付けたい。,0,低評価,アプリ,train
413,動作速度が残念だったので、翻訳アプリはもう利用したくない。,0,低評価,アプリ,train
414,椅子は頑丈さが不安定で、かなりストレスを感じた。,0,低評価,EC商品,train
415,リゾートは期待以上。部屋の広さと静かさのどちらも使いやすく、とても気に入った。,1,高評価,ホテル,train
416,しばらく利用した結果、声優が想像より悪く、ホラー映画には低評価を付けたい。,0,低評価,映画,train
417,実際に使ってみると、写真アプリは入力のしやすさが安定していて、ストレスなく使えた。,1,高評価,アプリ,train
418,しばらく利用した結果、パソコンはネジ穴の精度は良かったが、説明書が悪く、総合的には満足できなかった。,0,低評価,EC商品,train
419,水筒は値段以上の価値を感じた。特に梱包が素晴らしい。,1,高評価,EC商品,train
420,清掃は決して悪くなく、観光ホテルを選んで良かったと思う。,1,高評価,ホテル,train
421,最初の印象では、同期機能には改善してほしい部分があるが、設定画面はかなり良く、全体としては気に入った。,1,高評価,アプリ,train
422,ゲームアプリは安定性が不安定で、かなりストレスを感じた。,0,低評価,アプリ,train
423,一週間ほど試した。民宿はスタッフの対応が不安定で、かなりストレスを感じた。,0,低評価,ホテル,train
424,ビュッフェは期待以上。提供の早さと接客のどちらも使いやすく、とても気に入った。,1,高評価,飲食店,train
425,カフェは最初立地が良いと感じたが、使い続けると食材の新鮮さの問題が目立ち、評価は下がった。,0,低評価,飲食店,validation
426,手触りが想像より良く、スマートフォンには高評価を付けたい。,1,高評価,EC商品,train
427,ゲームアプリはアップデートに良い点もあった。しかし同期機能に問題があり、結果的にはおすすめしにくい。,0,低評価,アプリ,train
428,ホテルはチェックアウトに少し不満があったが、フロント対応は良く、総合的には満足している。,1,高評価,ホテル,train
429,健康管理アプリは安定性に少し不満があったが、通知機能は良く、総合的には満足している。,1,高評価,アプリ,train
430,一週間ほど試した。地図アプリの機能の分かりやすさは良くない。期待していただけに残念だった。,0,低評価,アプリ,train
431,実際に使ってみると、ニュースアプリは最初通知機能が良いと感じたが、使い続けると画面の見やすさの問題が目立ち、評価は下がった。,0,低評価,アプリ,train
432,デザインがとても良かったので、地図アプリをまた利用したい。,1,高評価,アプリ,train
433,水筒は期待を裏切らなかった。説明書にも不満はない。,1,高評価,EC商品,train
434,使いやすさに大きな不満はなく、マウスを選んで正解だった。,1,高評価,EC商品,train
435,モニターは最初ネジ穴の精度が良いと感じたが、使い続けると反応速度の問題が目立ち、評価は下がった。,0,低評価,EC商品,train
436,ケーブルは音質に良い点もあった。しかし頑丈さに問題があり、結果的にはおすすめしにくい。,0,低評価,EC商品,validation
437,一週間ほど試した。高級ホテルは朝食が悪く、かなり不満が残った。,0,低評価,ホテル,train
438,中華料理店は待ち時間に良い点もあった。しかし店内の清潔さに問題があり、結果的にはおすすめしにくい。,0,低評価,飲食店,train
439,掃除機は使いやすさが安定していて、ストレスなく使えた。,1,高評価,EC商品,train
440,デザインは決して悪くなく、読書アプリを選んで良かったと思う。,1,高評価,アプリ,train
441,家計簿アプリは読み込み速度が良く、かなり満足している。,1,高評価,アプリ,test
442,健康管理アプリは動作速度も使い勝手も非常に良かった。文句なしで高評価。,1,高評価,アプリ,train
443,防音に問題があり、さらに清掃にも不満がある。高級ホテルはもう選ばない。,0,低評価,ホテル,train
444,歴史映画を使ってみたが、会話が期待外れだった。,0,低評価,映画,train
445,一週間ほど試した。海辺のホテルは高くないわけではないが、フロント対応を考えると納得できる。,1,高評価,ホテル,train
446,カレー店は店内の清潔さが良く、かなり満足している。,1,高評価,飲食店,train
447,組み立て家具は完璧ではなくサイズ感に難がある。それでもバッテリー持ちが優れていて満足度は高い。,1,高評価,EC商品,train
448,実際に使ってみると、浴場は決して悪くなく、ホテルを選んで良かったと思う。,1,高評価,ホテル,train
449,スピーカーを使ってみたが、梱包が期待外れだった。,0,低評価,EC商品,train
450,ラストは少し悪かったものの、アクションが期待以上だったのでコメディ映画には高評価を付けたい。,1,高評価,映画,train
451,コストパフォーマンスに不満があり、バッグを選んだのは失敗だった。,0,低評価,EC商品,train
452,ラストが素晴らしく、さらにテーマにも満足した。アクション映画をまた選びたい。,1,高評価,映画,train
453,サイズ感が少し悪くなっているところもあったが、そのほかは反応速度が良く使いやすい。,1,高評価,EC商品,train
454,健康管理アプリは広告の少なさに良い点もあった。しかし安定性に問題があり、結果的にはおすすめしにくい。,0,低評価,アプリ,train
455,感情表現が素晴らしく、さらに迫力にも満足した。ミステリー映画をまた選びたい。,1,高評価,映画,train
456,イヤホンは反応速度も使いやすさもかなり悪かった。残念だが低評価。,0,低評価,EC商品,validation
457,アクション映画は期待以上。ラストと声優のどちらも使いやすく、とても気に入った。,1,高評価,映画,train
458,デスクは静音性に少し不満があったが、動作の安定性は良く、総合的には満足している。,1,高評価,EC商品,test
459,スタッフの対応には改善してほしい部分があるが、食材の新鮮さはかなり良く、全体としては気に入った。,1,高評価,飲食店,train
460,ニュースアプリはレスポンスで気になる点もあった。しかし動作速度が良く、結果的には買って良かった。,1,高評価,アプリ,train
461,デスクは耐久性が悪く、かなり不満が残った。,0,低評価,EC商品,train
462,読み込み速度がとても良かったので、ナビアプリをまた利用したい。,1,高評価,アプリ,train
463,評判が良かったので試した。犯罪映画は演技に少し不満があったが、キャラクターは良く、総合的には満足している。,1,高評価,映画,train
464,立地は決して良いとは言えず、ケーキ店には不満が残った。,0,低評価,飲食店,train
465,コストパフォーマンスは少し悪かったものの、接続の安定性が期待以上だったので椅子には高評価を付けたい。,1,高評価,EC商品,train
466,学習アプリは設定画面も動作速度もかなり悪かった。残念だが低評価。,0,低評価,アプリ,train
467,音楽映画は一見良さそうで伏線も悪くない。それでも構成がひどく、次は選ばない。,0,低評価,映画,train
468,部屋の広さに大きな不満はなく、空港ホテルを選んで正解だった。,1,高評価,ホテル,train
469,軽さに大きな不満はなく、椅子を選んで正解だった。,1,高評価,EC商品,train
470,価格は決して悪くなく、パン屋を選んで良かったと思う。,1,高評価,飲食店,train
471,定食屋は値段に見合わない。特に盛り付けに問題があった。,0,低評価,飲食店,train
472,レビューを見て選んだが、ゲストハウスは館内設備は良かったが、静かさが悪く、総合的には不満が残った。,0,低評価,ホテル,train
473,温泉ホテルはWi-Fiが悪く、かなり不満が残った。,0,低評価,ホテル,train
474,デザインがとても良かったので、水筒をまた利用したい。,1,高評価,EC商品,train
475,定食屋は最初ボリュームが良いと感じたが、使い続けるとドリンクの問題が目立ち、評価は下がった。,0,低評価,飲食店,train
476,余韻には改善してほしい部分があるが、ラストはかなり良く、全体としては気に入った。,1,高評価,映画,train
477,今回初めて利用した。スタッフの対応が想像より悪く、寿司店には低評価を付けたい。,0,低評価,飲食店,train
478,しばらく利用した結果、アニメ映画は一見良さそうで感情表現も悪くない。それでも映像美がひどく、次は選ばない。,0,低評価,映画,train
479,写真アプリは操作性が良く、かなり満足している。,1,高評価,アプリ,test
480,健康管理アプリは一見良さそうで機能の分かりやすさも悪くない。それでも操作性がひどく、次は選ばない。,0,低評価,アプリ,validation
481,今回初めて利用した。居酒屋は最初注文のしやすさが良いと感じたが、使い続けると提供の早さの問題が目立ち、評価は下がった。,0,低評価,飲食店,validation
482,静かさが全く使えないわけではないが、シティホテルを高く評価するほどではない。,0,低評価,ホテル,train
483,部屋の広さは決して良いとは言えず、旅館には不満が残った。,0,低評価,ホテル,test
484,ログインが想像より悪く、ゲームアプリには低評価を付けたい。,0,低評価,アプリ,train
485,伏線に不満があり、ドラマ映画を選んだのは失敗だった。,0,低評価,映画,validation
486,温泉ホテルを使ってみたが、朝食が期待外れだった。,0,低評価,ホテル,train
487,眺めは魅力的だったが、スタッフの対応がかなり残念で、全体としては満足できなかった。,0,低評価,ホテル,train
488,反応速度が全く使えないわけではないが、バッグを高く評価するほどではない。,0,低評価,EC商品,train
489,最初の印象では、デスクは値段に見合わない。特にバッテリー持ちに問題があった。,0,低評価,EC商品,train
490,犯罪映画は会話が悪く、かなり不満が残った。,0,低評価,映画,train
491,盛り付けには満足したものの、温度が期待外れだったので焼肉店には低評価を付けたい。,0,低評価,飲食店,train
492,しばらく利用した結果、伏線が想像より良く、青春映画には高評価を付けたい。,1,高評価,映画,train
493,ホラー映画は一見良さそうで音楽も悪くない。それでもテンポがひどく、次は選ばない。,0,低評価,映画,train
494,レビューを見て選んだが、学習アプリのアップデートは悪くない。むしろ使ってみるとかなり満足できた。,1,高評価,アプリ,train
495,入力のしやすさには満足したものの、アップデートが期待外れだったのでカレンダーアプリには低評価を付けたい。,0,低評価,アプリ,train
496,恋愛映画はキャラクターが安定していて、ストレスなく使えた。,1,高評価,映画,train
497,一週間ほど試した。ラストが少し悪くなっているところもあったが、そのほかは伏線が良く使いやすい。,1,高評価,映画,test
498,評判が良かったので試した。ホラー映画を使ってみたが、キャラクターが期待外れだった。,0,低評価,映画,validation
499,期待して購入した。耐久性には改善してほしい部分があるが、説明書はかなり良く、全体としては気に入った。,1,高評価,EC商品,test
500,バッグは軽さもコストパフォーマンスもかなり悪かった。残念だが低評価。,0,低評価,EC商品,train
501,音質に大きな不満はなく、電源タップを選んで正解だった。,1,高評価,EC商品,train
502,提供の早さが素晴らしく、さらに接客にも満足した。洋食店をまた選びたい。,1,高評価,飲食店,train
503,バッグは値段以上の価値を感じた。特に頑丈さが素晴らしい。,1,高評価,EC商品,validation
504,戦争映画は脚本に少し不満があったが、ラストは良く、総合的には満足している。,1,高評価,映画,train
505,期待して購入した。耐久性に問題がないとは言えないが、水筒は総合的には十分満足できる。,1,高評価,EC商品,train
506,使い勝手に問題がないとは言えないが、地図アプリは総合的には十分満足できる。,1,高評価,アプリ,train
507,入力のしやすさには満足したものの、デザインが期待外れだったので音楽アプリには低評価を付けたい。,0,低評価,アプリ,test
508,アクセスが残念だったので、リゾートはもう利用したくない。,0,低評価,ホテル,train
509,音楽アプリは期待に応えてくれなかった。画面の見やすさにも満足できない。,0,低評価,アプリ,train
510,歴史映画は構成で気になる点もあった。しかしストーリーが良く、結果的には買って良かった。,1,高評価,映画,train
511,リゾートは完璧ではなく部屋の清潔さに難がある。それでもWi-Fiが優れていて満足度は高い。,1,高評価,ホテル,train
512,デザインには改善してほしい部分があるが、動作速度はかなり良く、全体としては気に入った。,1,高評価,アプリ,train
513,空港ホテルは期待以上。空調と防音のどちらも使いやすく、とても気に入った。,1,高評価,ホテル,train
514,空港ホテルは最初眺めが気になったが、使い続けるとフロント対応の良さが分かり、今は満足している。,1,高評価,ホテル,train
515,今回初めて利用した。デザインが想像より良く、健康管理アプリには高評価を付けたい。,1,高評価,アプリ,train
516,ホテルは部屋の清潔さに良い点もあった。しかし空調に問題があり、結果的にはおすすめしにくい。,0,低評価,ホテル,train
517,期待して購入した。香りに大きな不満はなく、喫茶店を選んで正解だった。,1,高評価,飲食店,train
518,カプセルホテルは清掃が不安定で、かなりストレスを感じた。,0,低評価,ホテル,train
519,音楽に不満があり、アニメ映画を選んだのは失敗だった。,0,低評価,映画,validation
520,説明書は魅力的だったが、操作感がかなり残念で、全体としては満足できなかった。,0,低評価,EC商品,train
521,今回初めて利用した。入力のしやすさが残念だったので、翻訳アプリはもう利用したくない。,0,低評価,アプリ,train
522,伏線は魅力的だったが、音楽がかなり残念で、全体としては満足できなかった。,0,低評価,映画,train
523,評判が良かったので試した。写真アプリは最初動作速度が良いと感じたが、使い続けると機能の分かりやすさの問題が目立ち、評価は下がった。,0,低評価,アプリ,validation
524,提供の早さが悪くないというレビューもあったが、自分には焼肉店は合わなかった。,0,低評価,飲食店,train
525,観光ホテルは安くないのに、スタッフの対応がこの程度では納得できない。,0,低評価,ホテル,train
526,冒険映画は一見良さそうで音楽も悪くない。それでもラストがひどく、次は選ばない。,0,低評価,映画,train
527,同期機能は魅力的だったが、動作速度がかなり残念で、全体としては満足できなかった。,0,低評価,アプリ,train
528,宿泊施設は価格は良かったが、浴場が悪く、総合的には不満が残った。,0,低評価,ホテル,validation
529,評判が良かったので試した。接続の安定性に大きな不満はなく、キーボードを選んで正解だった。,1,高評価,EC商品,train
530,和風旅館を使ってみたが、館内設備が期待外れだった。,0,低評価,ホテル,train
531,品質は決して良いとは言えず、電源タップにはかなり残念だった。,0,低評価,EC商品,train
532,デザインが素晴らしく、さらに読み込み速度にも満足した。ニュースアプリをまた選びたい。,1,高評価,アプリ,train
533,最初の印象では、フロント対応は予想以上だったが、そのほかは眺めが使いにくくかなり残念だった。,0,低評価,ホテル,train
534,駅前ホテルは最初空調が気になったが、使い続けるとチェックアウトの良さが分かり、今は満足している。,1,高評価,ホテル,train
535,組み立て家具は値段以上の価値を感じた。特に説明書が素晴らしい。,1,高評価,EC商品,validation
536,カフェはボリュームに少し不満があったが、盛り付けは良く、総合的には満足している。,1,高評価,飲食店,train
537,戦争映画はキャラクターも声優も非常に良かった。文句なしで高評価。,1,高評価,映画,train
538,リゾートホテルはチェックインのスムーズさで気になる点もあった。しかしWi-Fiが良く、結果的には買って良かった。,1,高評価,ホテル,train
539,居酒屋はドリンクに少し不満があったが、店内の清潔さは良く、総合的には満足している。,1,高評価,飲食店,test
540,洋食店は完璧ではなく待ち時間に難がある。それでも盛り付けが優れていて満足度は高い。,1,高評価,飲食店,train
541,チェックインのスムーズさがとても良かったので、リゾートホテルをまた利用したい。,1,高評価,ホテル,train
542,実際に使ってみると、アップデートは魅力的だったが、検索精度がかなり残念で、全体としては満足できなかった。,0,低評価,アプリ,train
543,実際に使ってみると、和風旅館は期待に応えてくれなかった。フロント対応にも満足できない。,0,低評価,ホテル,validation
544,期待して購入した。安定性に不満があり、家計簿アプリを選んだのは失敗だった。,0,低評価,アプリ,train
545,何度か利用してみた。検索精度がとても良かったので、写真アプリをまた利用したい。,1,高評価,アプリ,train
546,実際に使ってみると、映像が想像より良く、アニメ映画には高評価を付けたい。,1,高評価,映画,train
547,バッグは操作感は良かったが、耐久性が悪く、総合的には不満が残った。,0,低評価,EC商品,train
548,実際に使ってみると、家計簿アプリは最初検索精度が気になったが、使い続けると検索機能の良さが分かり、今は満足している。,1,高評価,アプリ,train
549,使い勝手には満足したものの、レスポンスが期待外れだったので天気アプリには低評価を付けたい。,0,低評価,アプリ,train
550,ラストが想像より悪く、犯罪映画には低評価を付けたい。,0,低評価,映画,train
551,頑丈さは決して良いとは言えず、椅子には不満が残った。,0,低評価,EC商品,train
552,冒険映画は感情表現は良かったが、ラストが悪く、総合的には不満が残った。,0,低評価,映画,validation
553,実際に使ってみると、ハンバーガー店は価格で気になる点もあった。しかし温度が良く、結果的には買って良かった。,1,高評価,飲食店,train
554,レビューを見て選んだが、観光ホテルは期待に応えてくれなかった。静かさにも満足できない。,0,低評価,ホテル,train
555,伏線が悪くないというレビューもあったが、自分にはコメディ映画は合わなかった。,0,低評価,映画,test
556,何度か利用してみた。動作の安定性が想像より良く、ヘッドホンには高評価を付けたい。,1,高評価,EC商品,train
557,ミステリー映画は音楽が良く、かなり高く評価している。,1,高評価,映画,train
558,今回初めて利用した。SF映画は迫力が良く、かなり満足している。,1,高評価,映画,test
559,椅子のサイズ感は良くない。期待していただけに残念だった。,0,低評価,EC商品,train
560,温泉旅館はチェックアウトに良い点もあった。しかしベッドの快適さに問題があり、結果的にはおすすめしにくい。,0,低評価,ホテル,train
561,カレンダーアプリは設定画面が安定していて、ストレスなく使えた。,1,高評価,アプリ,train
562,今回初めて利用した。ナビアプリは機能の分かりやすさが不安定で、かなりストレスを感じた。,0,低評価,アプリ,train
563,居酒屋は高くないわけではないが、会計を考えると納得できる。,1,高評価,飲食店,train
564,評判が良かったので試した。メモアプリは期待以上。動作速度と使い勝手のどちらも使いやすく、とても気に入った。,1,高評価,アプリ,train
565,期待して購入した。温度に大きな不満はなく、洋食店を選んで正解だった。,1,高評価,飲食店,train
566,しばらく利用した結果、シティホテルはアクセスが安定していて、ストレスなく使えた。,1,高評価,ホテル,train
567,期待して購入した。会話は魅力的だったが、世界観がかなり残念で、全体としては満足できなかった。,0,低評価,映画,test
568,しばらく利用した結果、音楽が少し悪くなっているところもあったが、そのほかは迫力が良く使いやすい。,1,高評価,映画,train
569,イヤホンは期待以上。耐久性と軽さのどちらも使いやすく、とても気に入った。,1,高評価,EC商品,train
570,サイズ感が全く使えないわけではないが、イヤホンを高く評価するほどではない。,0,低評価,EC商品,validation
571,工具セットは最初音質が良いと感じたが、使い続けると接続の安定性の問題が目立ち、評価は下がった。,0,低評価,EC商品,test
572,バッグを使ってみたが、静音性が期待外れだった。,0,低評価,EC商品,train
573,海辺のホテルはアメニティは良かったが、チェックインのスムーズさが悪く、総合的には不満が残った。,0,低評価,ホテル,train
574,アップデートに大きな不満はなく、予約アプリを選んで正解だった。,1,高評価,アプリ,train
575,ホテルを使ってみたが、Wi-Fiが期待外れだった。,0,低評価,ホテル,test
576,清掃は予想以上だったが、そのほかはチェックインのスムーズさが使いにくく不満が残った。,0,低評価,ホテル,train
577,期待して購入した。冒険映画は世界観も伏線も非常に良かった。文句なしで高評価。,1,高評価,映画,test
578,居酒屋は雰囲気に少し不満があったが、ボリュームは良く、総合的には気に入っている。,1,高評価,飲食店,train
579,カフェは店内の清潔さは良かったが、メニューの豊富さが悪く、総合的には不満が残った。,0,低評価,飲食店,train
580,注文のしやすさは決して良いとは言えず、うどん店には不満が残った。,0,低評価,飲食店,validation
581,最初の印象では、マウスは静音性が良く、かなり満足している。,1,高評価,EC商品,validation
582,評判が良かったので試した。ホラー映画はテンポに少し不満があったが、感情表現は良く、総合的には満足している。,1,高評価,映画,train
583,工具セットは一見良さそうで操作感も悪くない。それでもバッテリー持ちがひどく、次は選ばない。,0,低評価,EC商品,train
584,デザインに問題がないとは言えないが、モニターは総合的には十分満足できる。,1,高評価,EC商品,test
585,青春映画はキャラクターが安定していて、ストレスなく使えた。,1,高評価,映画,train
586,アクション映画は脚本に少し不満があったが、会話は良く、総合的には満足している。,1,高評価,映画,train
587,戦争映画は安くないのに、ラストがこの程度では納得できない。,0,低評価,映画,train
588,組み立て家具のサイズ感は悪くない。むしろ使ってみるとかなり満足できた。,1,高評価,EC商品,test
589,今回初めて利用した。アメニティに大きな不満はなく、ビジネスホテルを選んで正解だった。,1,高評価,ホテル,train
590,最初の印象では、テーマが想像より悪く、音楽映画には低評価を付けたい。,0,低評価,映画,train
591,ドラマ映画は値段以上の価値を感じた。特に映像美が素晴らしい。,1,高評価,映画,train
592,一週間ほど試した。うどん店は待ち時間が良く、かなり満足している。,1,高評価,飲食店,train
593,観光ホテルはベッドの快適さもチェックアウトもかなり悪かった。残念だが低評価。,0,低評価,ホテル,train
594,定食屋は値段に見合わない。特に店内の清潔さに問題があった。,0,低評価,飲食店,train
595,しばらく利用した結果、起動速度には改善してほしい部分があるが、広告の少なさはかなり良く、全体としては気に入った。,1,高評価,アプリ,test
596,デザートがとても良かったので、パン屋をまた利用したい。,1,高評価,飲食店,validation
597,最初の印象では、検索機能に問題がないとは言えないが、ゲームアプリは総合的には十分満足できる。,1,高評価,アプリ,train
598,眺めがとても良かったので、観光ホテルをまた利用したい。,1,高評価,ホテル,train
599,しばらく利用した結果、迫力に不満があり、スポーツ映画を選んだのは失敗だった。,0,低評価,映画,train
600,サスペンス映画は映像が良く、かなり満足している。,1,高評価,映画,train
601,ネジ穴の精度に不満があり、マウスを選んだのは失敗だった。,0,低評価,EC商品,train
602,実際に使ってみると、朝食は予想以上だったが、そのほかはスタッフの対応が使いにくく満足できなかった。,0,低評価,ホテル,train
603,電源タップは期待に応えてくれなかった。音質にも満足できない。,0,低評価,EC商品,validation
604,最初の印象では、ボリュームがとても良かったので、パン屋をまた利用したい。,1,高評価,飲食店,train
605,バッテリー持ちは予想以上だったが、そのほかは組み立てやすさが使いにくく不満が残った。,0,低評価,EC商品,train
606,実際に使ってみると、そば屋は完璧ではなくスタッフの対応に難がある。それでも待ち時間が優れていて満足度は高い。,1,高評価,飲食店,train
607,ラーメン店は会計が悪く、かなり不満が残った。,0,低評価,飲食店,validation
608,宿泊施設を使ってみたが、価格が期待外れだった。,0,低評価,ホテル,test
609,モニターは完璧ではなく説明書に難がある。それでも反応速度が優れていて満足度は高い。,1,高評価,EC商品,train
610,歴史映画はラストが安定していて、ストレスなく使えた。,1,高評価,映画,validation
611,スピーカーは値段以上の価値を感じた。特に手触りが素晴らしい。,1,高評価,EC商品,train
612,ステーキ店は提供の早さが悪く、かなり不満が残った。,0,低評価,飲食店,train
613,喫茶店は立地が悪く、かなり不満が残った。,0,低評価,飲食店,train
614,回転寿司の食材の新鮮さは悪くない。むしろ使ってみるとかなり満足できた。,1,高評価,飲食店,train
615,何度か利用してみた。冒険映画は世界観に良い点もあった。しかし余韻に問題があり、結果的にはおすすめしにくい。,0,低評価,映画,train
616,地図アプリはアップデートは良かったが、入力のしやすさが悪く、総合的には不満が残った。,0,低評価,アプリ,validation
617,ストーリーには満足したものの、映像が期待外れだったので犯罪映画には低評価を付けたい。,0,低評価,映画,train
618,声優には満足したものの、映像美が期待外れだったので家族向け映画には低評価を付けたい。,0,低評価,映画,train
619,一週間ほど試した。品質が想像より悪く、マウスには低評価を付けたい。,0,低評価,EC商品,validation
620,使いやすさは決して悪くなく、電源タップを選んで良かったと思う。,1,高評価,EC商品,train
621,決済アプリは読み込み速度に少し不満があったが、起動速度は良く、総合的には満足している。,1,高評価,アプリ,train
622,最初の印象では、立地には満足したものの、アメニティが期待外れだったので海辺のホテルには低評価を付けたい。,0,低評価,ホテル,train
623,椅子は期待に応えてくれなかった。デザインにも満足できない。,0,低評価,EC商品,train
624,冒険映画は完璧ではなくストーリーに難がある。それでもアクションが優れていて満足度は高い。,1,高評価,映画,validation
625,盛り付けは少し悪かったものの、会計が期待以上だったのでカフェには高評価を付けたい。,1,高評価,飲食店,train
626,組み立てやすさには改善してほしい部分があるが、ネジ穴の精度はかなり良く、全体としては気に入った。,1,高評価,EC商品,train
627,シティホテルは期待に応えてくれなかった。部屋の広さにも満足できない。,0,低評価,ホテル,train
628,席の広さが想像より良く、ハンバーガー店には高評価を付けたい。,1,高評価,飲食店,train
629,そば屋を使ってみたが、会計が期待外れだった。,0,低評価,飲食店,train
630,最初の印象では、動作の安定性には改善してほしい部分があるが、静音性はかなり良く、全体としては気に入った。,1,高評価,EC商品,train
631,最初の印象では、戦争映画は余韻が悪く、かなり不満が残った。,0,低評価,映画,train
632,実際に使ってみると、そば屋はスタッフの対応は良かったが、立地が悪く、総合的には不満が残った。,0,低評価,飲食店,validation
633,ストーリーは決して良いとは言えず、歴史映画には不満が残った。,0,低評価,映画,train
634,朝食には改善してほしい部分があるが、フロント対応はかなり良く、全体としては気に入った。,1,高評価,ホテル,train
635,通知機能は少し悪かったものの、操作性が期待以上だったのでタスク管理アプリには高評価を付けたい。,1,高評価,アプリ,train
636,評判が良かったので試した。アクセスには満足したものの、眺めが期待外れだったので民宿には低評価を付けたい。,0,低評価,ホテル,train
637,余韻が残念だったので、家族向け映画はもう利用したくない。,0,低評価,映画,train
638,期待して購入した。ニュースアプリのアップデートは悪くない。むしろ使ってみるとかなり満足できた。,1,高評価,アプリ,train
639,一週間ほど試した。接続の安定性には改善してほしい部分があるが、バッテリー持ちはかなり良く、全体としては気に入った。,1,高評価,EC商品,train
640,リゾートホテルは最初清掃が良いと感じたが、使い続けるとスタッフの対応の問題が目立ち、評価は下がった。,0,低評価,ホテル,train
641,今回初めて利用した。テンポは決して悪くなく、家族向け映画を選んで良かったと思う。,1,高評価,映画,validation
642,実際に使ってみると、朝食が想像より良く、リゾートには高評価を付けたい。,1,高評価,ホテル,train
643,ゲストハウスを使ってみたが、アメニティが期待外れだった。,0,低評価,ホテル,train
644,海辺のホテルは値段に見合わない。特にチェックアウトに問題があった。,0,低評価,ホテル,train
645,デスクは静音性も頑丈さもかなり悪かった。残念だが低評価。,0,低評価,EC商品,test
646,価格がとても良かったので、洋食店をまた利用したい。,1,高評価,飲食店,train
647,立地に不満があり、リゾートホテルを選んだのは失敗だった。,0,低評価,ホテル,train
648,席の広さが悪くないというレビューもあったが、自分にはパン屋は合わなかった。,0,低評価,飲食店,train
649,バッグを使ってみたが、手触りが期待以上だった。,1,高評価,EC商品,train
650,翻訳アプリはアップデートが安定していて、ストレスなく使えた。,1,高評価,アプリ,train
651,使いやすさが想像より悪く、掃除機には低評価を付けたい。,0,低評価,EC商品,test
652,Wi-Fiがとても良かったので、民宿をまた利用したい。,1,高評価,ホテル,train
653,しばらく利用した結果、立地は決して良いとは言えず、定食屋には納得できなかった。,0,低評価,飲食店,train
654,リゾートホテルはベッドの快適さが悪く、かなり不満が残った。,0,低評価,ホテル,train
655,スマートフォンはバッテリー持ちが良く、かなり高く評価している。,1,高評価,EC商品,train
656,反応速度が素晴らしく、さらに組み立てやすさにも満足した。デスクをまた選びたい。,1,高評価,EC商品,train
657,Wi-Fiに不満があり、和風旅館を選んだのは失敗だった。,0,低評価,ホテル,train
658,アクション映画は構成は良かったが、映像が悪く、総合的には不満が残った。,0,低評価,映画,train
659,デザートが想像より悪く、ファミレスには低評価を付けたい。,0,低評価,飲食店,train
660,ヘッドホンは音質に良い点もあった。しかしネジ穴の精度に問題があり、結果的にはおすすめしにくい。,0,低評価,EC商品,test
661,写真アプリは画面の見やすさが良く、かなり満足している。,1,高評価,アプリ,train
662,同期機能は決して悪くなく、タスク管理アプリを選んで良かったと思う。,1,高評価,アプリ,train
663,梱包に問題がないとは言えないが、ケーブルは総合的には十分満足できる。,1,高評価,EC商品,validation
664,今回初めて利用した。スタッフの対応には改善してほしい部分があるが、アメニティはかなり良く、全体としては気に入った。,1,高評価,ホテル,train
665,レスポンスは予想以上だったが、そのほかは操作性が使いにくくかなり残念だった。,0,低評価,アプリ,train
666,評判が良かったので試した。バッテリー消費がとても良かったので、予約アプリをまた利用したい。,1,高評価,アプリ,train
667,何度か利用してみた。動作速度は決して良いとは言えず、SNSアプリには不満が残った。,0,低評価,アプリ,train
668,期待して購入した。立地がとても良かったので、カフェをまた利用したい。,1,高評価,飲食店,train
669,一週間ほど試した。ハンバーガー店は最初盛り付けが気になったが、使い続けると雰囲気の良さが分かり、今は満足している。,1,高評価,飲食店,train
670,喫茶店は温度が不安定で、かなりストレスを感じた。,0,低評価,飲食店,train
671,健康管理アプリは広告の少なさで気になる点もあった。しかし通知機能が良く、結果的には買って良かった。,1,高評価,アプリ,validation
672,シティホテルは館内設備が良く、かなり満足している。,1,高評価,ホテル,test
673,評判が良かったので試した。健康管理アプリを使ってみたが、操作性が期待以上だった。,1,高評価,アプリ,validation
674,期待して購入した。接続の安定性に大きな不満はなく、パソコンを選んで正解だった。,1,高評価,EC商品,train
675,演技に問題がないとは言えないが、戦争映画は総合的には十分満足できる。,1,高評価,映画,train
676,評判が良かったので試した。注文のしやすさは少し悪かったものの、ドリンクが期待以上だったのでハンバーガー店には高評価を付けたい。,1,高評価,飲食店,train
677,期待して購入した。天気アプリは読み込み速度は良かったが、通知機能が悪く、総合的には不満が残った。,0,低評価,アプリ,train
678,レビューを見て選んだが、タブレットは説明書が安定していて、ストレスなく使えた。,1,高評価,EC商品,train
679,犯罪映画は値段に見合わない。特に演出に問題があった。,0,低評価,映画,train
680,レビューを見て選んだが、カレー店は会計も席の広さも非常に良かった。文句なしで高評価。,1,高評価,飲食店,train
681,待ち時間は予想以上だったが、そのほかは立地が使いにくくかなり残念だった。,0,低評価,飲食店,train
682,スポーツ映画は期待外れ。演出と余韻のどちらも使いにくく、がっかりした。,0,低評価,映画,train
683,チェックアウトに不満があり、高級ホテルを選んだのは失敗だった。,0,低評価,ホテル,validation
684,しばらく利用した結果、ニュースアプリは通知機能も安定性もかなり悪かった。残念だが低評価。,0,低評価,アプリ,train
685,冒険映画は期待に応えてくれなかった。感情表現にも満足できない。,0,低評価,映画,train
686,スマートフォンはサイズ感に良い点もあった。しかし手触りに問題があり、結果的にはおすすめしにくい。,0,低評価,EC商品,train
687,ドラマ映画は期待外れ。世界観とテーマのどちらも使いにくく、がっかりした。,0,低評価,映画,validation
688,サイズ感は予想以上だったが、そのほかは反応速度が使いにくく不満が残った。,0,低評価,EC商品,train
689,立地は予想以上だったが、そのほかは会計が使いにくく納得できなかった。,0,低評価,飲食店,train
690,定食屋は席の広さが悪く、かなり不満が残った。,0,低評価,飲食店,train
691,サスペンス映画は感情表現で気になる点もあった。しかし構成が良く、結果的には買って良かった。,1,高評価,映画,train
692,しばらく利用した結果、構成が良くないというレビューもあったが、自分はドラマ映画に満足している。,1,高評価,映画,train
693,ファンタジー映画は高くないわけではないが、ラストを考えると納得できる。,1,高評価,映画,train
694,ニュースアプリは機能の分かりやすさも同期機能もかなり悪かった。残念だが低評価。,0,低評価,アプリ,train
695,実際に使ってみると、収納棚は接続の安定性が良く、かなり高く評価している。,1,高評価,EC商品,train
696,何度か利用してみた。会計がとても良かったので、カレー店をまた利用したい。,1,高評価,飲食店,test
697,部屋の広さに大きな不満はなく、駅前ホテルを選んで正解だった。,1,高評価,ホテル,train
698,スポーツ映画は世界観に少し不満があったが、声優は良く、総合的には満足している。,1,高評価,映画,train
699,映像がとても良かったので、冒険映画をまた利用したい。,1,高評価,映画,train
700,伏線に問題がないとは言えないが、SF映画は総合的には十分満足できる。,1,高評価,映画,train
701,カプセルホテルは最初浴場が良いと感じたが、使い続けると眺めの問題が目立ち、評価は下がった。,0,低評価,ホテル,train
702,梱包が少し悪くなっているところもあったが、そのほかは反応速度が良く使いやすい。,1,高評価,EC商品,validation
703,一週間ほど試した。恋愛映画を使ってみたが、音楽が期待外れだった。,0,低評価,映画,train
704,一週間ほど試した。ラーメン店は安くないのに、待ち時間がこの程度では納得できない。,0,低評価,飲食店,train
705,何度か利用してみた。構成が想像より悪く、ミステリー映画には低評価を付けたい。,0,低評価,映画,train
706,眺めに問題があり、さらにスタッフの対応にも不満がある。温泉ホテルはもう選ばない。,0,低評価,ホテル,train
707,ラストが悪くないというレビューもあったが、自分にはSF映画は合わなかった。,0,低評価,映画,validation
708,ボリュームがとても良かったので、回転寿司をまた利用したい。,1,高評価,飲食店,train
709,掃除機は期待に応えてくれなかった。ネジ穴の精度にも満足できない。,0,低評価,EC商品,train
710,戦争映画は期待以上。映像と構成のどちらも使いやすく、とても気に入った。,1,高評価,映画,train
711,評判が良かったので試した。ラーメン店は待ち時間に少し不満があったが、注文のしやすさは良く、総合的には満足している。,1,高評価,飲食店,train
712,今回初めて利用した。接続の安定性が残念だったので、収納棚はもう利用したくない。,0,低評価,EC商品,train
713,短編映画は構成が悪く、かなり不満が残った。,0,低評価,映画,train
714,翻訳アプリは期待以上。操作性と使い勝手のどちらも使いやすく、とても気に入った。,1,高評価,アプリ,train
715,迫力は魅力的だったが、伏線がかなり残念で、全体としては満足できなかった。,0,低評価,映画,train
716,同期機能には満足したものの、安定性が期待外れだったので地図アプリには低評価を付けたい。,0,低評価,アプリ,test
717,デザートには改善してほしい部分があるが、提供の早さはかなり良く、全体としては気に入った。,1,高評価,飲食店,validation
718,ナビアプリは値段以上の価値を感じた。特に動作速度が素晴らしい。,1,高評価,アプリ,validation
719,レスポンスは決して悪くなく、地図アプリを選んで良かったと思う。,1,高評価,アプリ,train
720,バッテリー持ちが想像より悪く、電源タップには低評価を付けたい。,0,低評価,EC商品,train
721,一週間ほど試した。ケーキ店は期待を裏切らなかった。香りにも不満はない。,1,高評価,飲食店,train
722,設定画面が悪くないというレビューもあったが、自分には動画アプリは合わなかった。,0,低評価,アプリ,train
723,何度か利用してみた。ログインに不満があり、ニュースアプリを選んだのは失敗だった。,0,低評価,アプリ,train
724,余韻に問題があり、さらにストーリーにも不満がある。短編映画はもう選ばない。,0,低評価,映画,train
725,喫茶店は最初待ち時間が良いと感じたが、使い続けると温度の問題が目立ち、評価は下がった。,0,低評価,飲食店,train
726,モニターは一見良さそうで操作感も悪くない。それでも反応速度がひどく、次は選ばない。,0,低評価,EC商品,train
727,部屋の清潔さには満足したものの、空調が期待外れだったのでリゾートには低評価を付けたい。,0,低評価,ホテル,train
728,映像美が想像より悪く、コメディ映画には低評価を付けたい。,0,低評価,映画,train
729,朝食が想像より悪く、ホテルには低評価を付けたい。,0,低評価,ホテル,train
730,チェックインのスムーズさが残念だったので、ホテルはもう利用したくない。,0,低評価,ホテル,train
731,焼肉店は期待以上。会計とスタッフの対応のどちらも使いやすく、とても気に入った。,1,高評価,飲食店,train
732,広告の少なさに問題があり、さらに検索精度にも不満がある。チャットアプリはもう選ばない。,0,低評価,アプリ,train
733,香りがとても良かったので、中華料理店をまた利用したい。,1,高評価,飲食店,validation
734,料理の味には改善してほしい部分があるが、盛り付けはかなり良く、全体としては気に入った。,1,高評価,飲食店,test
735,一週間ほど試した。ストーリーがとても良かったので、音楽映画をまた利用したい。,1,高評価,映画,test
736,ケーキ店は値段に見合わない。特に接客に問題があった。,0,低評価,飲食店,train
737,組み立て家具は期待を裏切らなかった。コストパフォーマンスにも不満はない。,1,高評価,EC商品,train
738,期待して購入した。ログインには満足したものの、レスポンスが期待外れだったので読書アプリには低評価を付けたい。,0,低評価,アプリ,train
739,読書アプリは広告の少なさが不安定で、かなりストレスを感じた。,0,低評価,アプリ,validation
740,海辺のホテルのアクセスは悪くない。むしろ使ってみるとかなり満足できた。,1,高評価,ホテル,train
741,SNSアプリは値段に見合わない。特に動作速度に問題があった。,0,低評価,アプリ,train
742,パン屋は提供の早さは良かったが、食材の新鮮さが悪く、総合的には不満が残った。,0,低評価,飲食店,validation
743,青春映画は会話が悪く、かなり不満が残った。,0,低評価,映画,train
744,海辺のホテルは値段に見合わない。特に朝食に問題があった。,0,低評価,ホテル,train
745,最初の印象では、アクション映画は期待に応えてくれなかった。映像にも満足できない。,0,低評価,映画,train
746,アップデートが素晴らしく、さらに検索精度にも満足した。SNSアプリをまた選びたい。,1,高評価,アプリ,train
747,浴場には改善してほしい部分があるが、空調はかなり良く、全体としては気に入った。,1,高評価,ホテル,train
748,一週間ほど試した。居酒屋は最初接客が気になったが、使い続けると提供の早さの良さが分かり、今は満足している。,1,高評価,飲食店,train
749,ミステリー映画は脚本に少し不満があったが、アクションは良く、総合的には満足している。,1,高評価,映画,train
750,学習アプリを使ってみたが、読み込み速度が期待以上だった。,1,高評価,アプリ,train
751,期待して購入した。決済アプリは最初同期機能が気になったが、使い続けると読み込み速度の良さが分かり、今は満足している。,1,高評価,アプリ,test
752,恋愛映画は最初アクションが良いと感じたが、使い続けると映像の問題が目立ち、評価は下がった。,0,低評価,映画,train
753,デザインは魅力的だったが、動作速度がかなり残念で、全体としては満足できなかった。,0,低評価,アプリ,train
754,実際に使ってみると、ラーメン店は値段以上の価値を感じた。特にメニューの豊富さが素晴らしい。,1,高評価,飲食店,validation
755,リゾートは高くないわけではないが、防音を考えると納得できる。,1,高評価,ホテル,train
756,海辺のホテルは最初Wi-Fiが気になったが、使い続けると価格の良さが分かり、今は満足している。,1,高評価,ホテル,train
757,居酒屋は接客が良く、かなり満足している。,1,高評価,飲食店,train
758,評判が良かったので試した。そば屋は最初盛り付けが気になったが、使い続けると雰囲気の良さが分かり、今は満足している。,1,高評価,飲食店,train
759,ビュッフェは値段以上の価値を感じた。特に注文のしやすさが素晴らしい。,1,高評価,飲食店,train
760,何度か利用してみた。演出は予想以上だったが、そのほかは構成が使いにくく不満が残った。,0,低評価,映画,train
761,実際に使ってみると、手触りに不満があり、椅子を選んだのは失敗だった。,0,低評価,EC商品,train
762,実際に使ってみると、海辺のホテルは最初館内設備が気になったが、使い続けると空調の良さが分かり、今は満足している。,1,高評価,ホテル,train
763,期待して購入した。恋愛映画はラストが不安定で、かなりストレスを感じた。,0,低評価,映画,train
764,操作性には満足したものの、入力のしやすさが期待外れだったので翻訳アプリには低評価を付けたい。,0,低評価,アプリ,train
765,実際に使ってみると、空港ホテルは防音が不安定で、かなりストレスを感じた。,0,低評価,ホテル,train
766,一週間ほど試した。スタッフの対応に大きな不満はなく、格安ホテルを選んで正解だった。,1,高評価,ホテル,train
767,健康管理アプリは値段に見合わない。特に操作性に問題があった。,0,低評価,アプリ,test
768,期待して購入した。スピーカーは期待外れ。ネジ穴の精度と接続の安定性のどちらも使いにくく、がっかりした。,0,低評価,EC商品,train
769,レビューを見て選んだが、バッグは最初梱包が良いと感じたが、使い続けると手触りの問題が目立ち、評価は下がった。,0,低評価,EC商品,train
770,今回初めて利用した。ファミレスを使ってみたが、メニューの豊富さが期待外れだった。,0,低評価,飲食店,train
771,ヘッドホンは一見良さそうで頑丈さも悪くない。それでもバッテリー持ちがひどく、次は選ばない。,0,低評価,EC商品,train
772,映像美がとても良かったので、家族向け映画をまた利用したい。,1,高評価,映画,train
773,待ち時間が素晴らしく、さらにデザートにも満足した。パン屋をまた選びたい。,1,高評価,飲食店,train
774,スピーカーは手触りが安定していて、ストレスなく使えた。,1,高評価,EC商品,train
775,ナビアプリは期待以上。アップデートと通知機能のどちらも使いやすく、とても気に入った。,1,高評価,アプリ,train
776,期待して購入した。待ち時間が残念だったので、パン屋はもう利用したくない。,0,低評価,飲食店,test
777,温泉旅館は価格が不安定で、かなりストレスを感じた。,0,低評価,ホテル,train
778,迫力が悪くないというレビューもあったが、自分には恋愛映画は合わなかった。,0,低評価,映画,train
779,コストパフォーマンスが悪くないというレビューもあったが、自分には組み立て家具は合わなかった。,0,低評価,EC商品,validation
780,洋食店を使ってみたが、ドリンクが期待外れだった。,0,低評価,飲食店,validation
781,民宿は最初浴場が気になったが、使い続けると清掃の良さが分かり、今は高く評価している。,1,高評価,ホテル,train
782,ゲストハウスを使ってみたが、部屋の清潔さが期待以上だった。,1,高評価,ホテル,train
783,海辺のホテルはスタッフの対応が不安定で、かなりストレスを感じた。,0,低評価,ホテル,train
784,恋愛映画は構成が不安定で、かなりストレスを感じた。,0,低評価,映画,test
785,料理の味が残念だったので、定食屋はもう利用したくない。,0,低評価,飲食店,train
786,何度か利用してみた。ドラマ映画は構成に少し不満があったが、感情表現は良く、総合的には満足している。,1,高評価,映画,train
787,実際に使ってみると、回転寿司はスタッフの対応は良かったが、席の広さが悪く、総合的には不満が残った。,0,低評価,飲食店,train
788,レビューを見て選んだが、メニューの豊富さは少し悪かったものの、料理の味が期待以上だったのでうどん店には高評価を付けたい。,1,高評価,飲食店,train
789,ストーリーは魅力的だったが、声優がかなり残念で、全体としては満足できなかった。,0,低評価,映画,train
790,最初の印象では、音楽が想像より悪く、家族向け映画には低評価を付けたい。,0,低評価,映画,train
791,そば屋を使ってみたが、温度が期待以上だった。,1,高評価,飲食店,train
792,最初の印象では、静音性には改善してほしい部分があるが、梱包はかなり良く、全体としては気に入った。,1,高評価,EC商品,train
793,予約アプリは値段以上の価値を感じた。特に設定画面が素晴らしい。,1,高評価,アプリ,test
794,イタリアンは高くないわけではないが、盛り付けを考えると納得できる。,1,高評価,飲食店,train
795,ミステリー映画は一見良さそうでキャラクターも悪くない。それでも映像美がひどく、次は選ばない。,0,低評価,映画,test
796,Wi-Fiは魅力的だったが、静かさがかなり残念で、全体としては満足できなかった。,0,低評価,ホテル,train
797,サイズ感は魅力的だったが、頑丈さがかなり残念で、全体としては満足できなかった。,0,低評価,EC商品,validation
798,期待して購入した。地図アプリを使ってみたが、通知機能が期待外れだった。,0,低評価,アプリ,train
799,喫茶店は香りが良く、かなり満足している。,1,高評価,飲食店,test
800,しばらく利用した結果、チャットアプリを使ってみたが、起動速度が期待以上だった。,1,高評価,アプリ,train
801,食材の新鮮さに不満があり、うどん店を選んだのは失敗だった。,0,低評価,飲食店,train
802,組み立て家具はコストパフォーマンスは良かったが、手触りが悪く、総合的には不満が残った。,0,低評価,EC商品,train
803,掃除機は説明書に良い点もあった。しかしネジ穴の精度に問題があり、結果的にはおすすめしにくい。,0,低評価,EC商品,train
804,一週間ほど試した。モニターは値段に見合わない。特に組み立てやすさに問題があった。,0,低評価,EC商品,train
805,格安ホテルはベッドの快適さもスタッフの対応もかなり悪かった。残念だが低評価。,0,低評価,ホテル,train
806,キーボードはネジ穴の精度に良い点もあった。しかし梱包に問題があり、結果的にはおすすめしにくい。,0,低評価,EC商品,train
807,最初の印象では、ゲストハウスは部屋の清潔さに少し不満があったが、フロント対応は良く、総合的には高く評価している。,1,高評価,ホテル,train
808,評判が良かったので試した。焼肉店は値段に見合わない。特に注文のしやすさに問題があった。,0,低評価,飲食店,train
809,空調には改善してほしい部分があるが、静かさはかなり良く、全体としては気に入った。,1,高評価,ホテル,train
810,実際に使ってみると、寿司店はデザートで気になる点もあった。しかし盛り付けが良く、結果的には買って良かった。,1,高評価,飲食店,train
811,立地が少し悪くなっているところもあったが、そのほかは清掃が良く使いやすい。,1,高評価,ホテル,train
812,清掃に問題があり、さらにWi-Fiにも不満がある。ゲストハウスはもう選ばない。,0,低評価,ホテル,train
813,旅館は部屋の清潔さも部屋の広さもかなり悪かった。残念だが低評価。,0,低評価,ホテル,train
814,設定画面に大きな不満はなく、SNSアプリを選んで正解だった。,1,高評価,アプリ,test
815,実際に使ってみると、学習アプリはデザインも動作速度もかなり悪かった。残念だが低評価。,0,低評価,アプリ,train
816,最初の印象では、青春映画は声優で気になる点もあった。しかしテーマが良く、結果的には買って良かった。,1,高評価,映画,train
817,中華料理店は雰囲気に良い点もあった。しかし店内の清潔さに問題があり、結果的にはおすすめしにくい。,0,低評価,飲食店,train
818,フロント対応に問題があり、さらに立地にも不満がある。旅館はもう選ばない。,0,低評価,ホテル,train
819,音楽には満足したものの、映像美が期待外れだったのでミステリー映画には低評価を付けたい。,0,低評価,映画,train
820,レスポンスには満足したものの、安定性が期待外れだったのでタスク管理アプリには低評価を付けたい。,0,低評価,アプリ,train
821,朝食には満足したものの、静かさが期待外れだったので和風旅館には低評価を付けたい。,0,低評価,ホテル,validation
822,組み立てやすさに問題がないとは言えないが、キーボードは総合的には十分満足できる。,1,高評価,EC商品,validation
823,今回初めて利用した。雰囲気が少し悪くなっているところもあったが、そのほかは注文のしやすさが良く使いやすい。,1,高評価,飲食店,train
824,世界観が悪くないというレビューもあったが、自分には冒険映画は合わなかった。,0,低評価,映画,train
825,雰囲気に不満があり、ファミレスを選んだのは失敗だった。,0,低評価,飲食店,test
826,評判が良かったので試した。デスクは最初手触りが良いと感じたが、使い続けると耐久性の問題が目立ち、評価は下がった。,0,低評価,EC商品,train
827,最初の印象では、起動速度に問題があり、さらに使い勝手にも不満がある。読書アプリはもう選ばない。,0,低評価,アプリ,train
828,何度か利用してみた。動画アプリは安定性で気になる点もあった。しかしデザインが良く、結果的には買って良かった。,1,高評価,アプリ,train
829,山の旅館は浴場が不安定で、かなりストレスを感じた。,0,低評価,ホテル,train
830,評判が良かったので試した。演出に不満があり、コメディ映画を選んだのは失敗だった。,0,低評価,映画,train
831,最初の印象では、翻訳アプリは安くないのに、アップデートがこの程度では納得できない。,0,低評価,アプリ,validation
832,動作の安定性には改善してほしい部分があるが、耐久性はかなり良く、全体としては気に入った。,1,高評価,EC商品,validation
833,説明書が想像より良く、掃除機には高評価を付けたい。,1,高評価,EC商品,train
834,デザインは魅力的だったが、バッテリー消費がかなり残念で、全体としては満足できなかった。,0,低評価,アプリ,train
835,アクション映画はテンポが悪く、かなりかなり残念だった。,0,低評価,映画,train
836,電源タップは期待以上。耐久性と音質のどちらも使いやすく、とても気に入った。,1,高評価,EC商品,train
837,シティホテルの部屋の広さは良くない。期待していただけに残念だった。,0,低評価,ホテル,train
838,しばらく利用した結果、山の旅館はベッドの快適さが良く、かなり高く評価している。,1,高評価,ホテル,train
839,充電器は反応速度が不安定で、かなりストレスを感じた。,0,低評価,EC商品,train
840,一週間ほど試した。音楽アプリは期待以上。入力のしやすさと広告の少なさのどちらも使いやすく、とても気に入った。,1,高評価,アプリ,train
841,アニメ映画は期待を裏切らなかった。声優にも不満はない。,1,高評価,映画,train
842,一週間ほど試した。SF映画を使ってみたが、伏線が期待外れだった。,0,低評価,映画,validation
843,コメディ映画のラストは良くない。期待していただけに残念だった。,0,低評価,映画,train
844,キャラクターがとても良かったので、ドキュメンタリー映画をまた利用したい。,1,高評価,映画,train
845,今回初めて利用した。部屋の清潔さに問題があり、さらに館内設備にも不満がある。駅前ホテルはもう選ばない。,0,低評価,ホテル,train
846,宿泊施設は防音は良かったが、部屋の清潔さが悪く、総合的には不満が残った。,0,低評価,ホテル,train
847,通知機能が想像より良く、音楽アプリには高評価を付けたい。,1,高評価,アプリ,train
848,リゾートはアメニティは良かったが、ベッドの快適さが悪く、総合的には不満が残った。,0,低評価,ホテル,train
849,何度か利用してみた。使いやすさは魅力的だったが、静音性がかなり残念で、全体としては満足できなかった。,0,低評価,EC商品,train
850,今回初めて利用した。スポーツ映画は映像が良く、かなり満足している。,1,高評価,映画,test
851,ホテルの館内設備は悪くない。むしろ使ってみるとかなり満足できた。,1,高評価,ホテル,train
852,空港ホテルは期待以上。部屋の広さとチェックアウトのどちらも使いやすく、とても気に入った。,1,高評価,ホテル,train
853,最初の印象では、音質に大きな不満はなく、タブレットを選んで正解だった。,1,高評価,EC商品,train
854,チェックアウトが良くないというレビューもあったが、自分はビジネスホテルに満足している。,1,高評価,ホテル,test
855,しばらく利用した結果、ハンバーガー店は高くないわけではないが、盛り付けを考えると納得できる。,1,高評価,飲食店,validation
856,工具セットは値段に見合わない。特にネジ穴の精度に問題があった。,0,低評価,EC商品,train
857,今回初めて利用した。広告の少なさが想像より悪く、翻訳アプリには低評価を付けたい。,0,低評価,アプリ,train
858,カフェは期待を裏切らなかった。立地にも不満はない。,1,高評価,飲食店,train
859,しばらく利用した結果、メモアプリは使い勝手もバッテリー消費もかなり悪かった。残念だが低評価。,0,低評価,アプリ,train
860,今回初めて利用した。天気アプリは広告の少なさに良い点もあった。しかし検索機能に問題があり、結果的にはおすすめしにくい。,0,低評価,アプリ,train
861,期待して購入した。同期機能に問題がないとは言えないが、予約アプリは総合的には十分満足できる。,1,高評価,アプリ,train
862,組み立てやすさが少し悪くなっているところもあったが、そのほかは動作の安定性が良く使いやすい。,1,高評価,EC商品,train
863,レビューを見て選んだが、うどん店は値段に見合わない。特に会計に問題があった。,0,低評価,飲食店,test
864,評判が良かったので試した。品質に大きな不満はなく、タブレットを選んで正解だった。,1,高評価,EC商品,validation
865,しばらく利用した結果、静かさが良くないというレビューもあったが、自分はリゾートに高く評価している。,1,高評価,ホテル,train
866,マウスは値段以上の価値を感じた。特にサイズ感が素晴らしい。,1,高評価,EC商品,train
867,コストパフォーマンスが想像より良く、収納棚には高評価を付けたい。,1,高評価,EC商品,train
868,一週間ほど試した。反応速度が想像より悪く、デスクには低評価を付けたい。,0,低評価,EC商品,train
869,レビューを見て選んだが、ラーメン店は値段に見合わない。特にドリンクに問題があった。,0,低評価,飲食店,train
870,ケーブルを使ってみたが、動作の安定性が期待外れだった。,0,低評価,EC商品,validation
871,レビューを見て選んだが、コストパフォーマンスには改善してほしい部分があるが、説明書はかなり良く、全体としては気に入った。,1,高評価,EC商品,train
872,評判が良かったので試した。モニターは期待に応えてくれなかった。軽さにも満足できない。,0,低評価,EC商品,train
873,アメニティは少し悪かったものの、静かさが期待以上だったのでリゾートには高評価を付けたい。,1,高評価,ホテル,train
874,食材の新鮮さには満足したものの、会計が期待外れだったのでうどん店には低評価を付けたい。,0,低評価,飲食店,train
875,演出が少し悪くなっているところもあったが、そのほかはキャラクターが良く使いやすい。,1,高評価,映画,train
876,接客が想像より良く、定食屋には高評価を付けたい。,1,高評価,飲食店,train
877,実際に使ってみると、民宿を使ってみたが、立地が期待以上だった。,1,高評価,ホテル,train
878,カレンダーアプリは一見良さそうで使い勝手も悪くない。それでもデザインがひどく、次は選ばない。,0,低評価,アプリ,test
879,喫茶店はドリンクが不安定で、かなりストレスを感じた。,0,低評価,飲食店,validation
880,最初の印象では、部屋の広さが想像より良く、宿泊施設には高評価を付けたい。,1,高評価,ホテル,test
881,リゾートホテルは値段以上の価値を感じた。特に眺めが素晴らしい。,1,高評価,ホテル,train
882,カレンダーアプリは広告の少なさで気になる点もあった。しかし検索機能が良く、結果的には買って良かった。,1,高評価,アプリ,train
883,画面の見やすさは決して良いとは言えず、予約アプリには不満が残った。,0,低評価,アプリ,validation
884,画面の見やすさが想像より良く、メモアプリには高評価を付けたい。,1,高評価,アプリ,train
885,軽さは決して良いとは言えず、デスクには不満が残った。,0,低評価,EC商品,validation
886,サスペンス映画を使ってみたが、演技が期待以上だった。,1,高評価,映画,train
887,定食屋は最初提供の早さが気になったが、使い続けると料理の味の良さが分かり、今は満足している。,1,高評価,飲食店,test
888,デザインに問題があり、さらに音質にも不満がある。ケーブルはもう選ばない。,0,低評価,EC商品,train
889,今回初めて利用した。観光ホテルは清掃で気になる点もあった。しかしアクセスが良く、結果的には買って良かった。,1,高評価,ホテル,validation
890,音楽に問題がないとは言えないが、音楽映画は総合的には十分満足できる。,1,高評価,映画,train
891,ファミレスは期待を裏切らなかった。ボリュームにも不満はない。,1,高評価,飲食店,test
892,しばらく利用した結果、パン屋は安くないのに、スタッフの対応がこの程度では納得できない。,0,低評価,飲食店,train
893,実際に使ってみると、世界観が全く使えないわけではないが、犯罪映画を高く評価するほどではない。,0,低評価,映画,train
894,テーマには改善してほしい部分があるが、声優はかなり良く、全体としては気に入った。,1,高評価,映画,train
895,ストーリーは予想以上だったが、そのほかは映像が使いにくく不満が残った。,0,低評価,映画,test
896,充電器はコストパフォーマンスが不安定で、かなりストレスを感じた。,0,低評価,EC商品,test
897,高級ホテルは高くないわけではないが、館内設備を考えると納得できる。,1,高評価,ホテル,train
898,旅館は値段以上の価値を感じた。特に立地が素晴らしい。,1,高評価,ホテル,train
899,実際に使ってみると、冒険映画の演技は悪くない。むしろ使ってみるとかなり満足できた。,1,高評価,映画,train
900,ストーリーには満足したものの、感情表現が期待外れだったのでスポーツ映画には低評価を付けたい。,0,低評価,映画,train
901,しばらく利用した結果、宿泊施設はベッドの快適さに少し不満があったが、朝食は良く、総合的には十分満足している。,1,高評価,ホテル,train
902,高級ホテルは期待外れ。部屋の広さと静かさのどちらも使いにくく、がっかりした。,0,低評価,ホテル,validation
903,眺めが少し悪くなっているところもあったが、そのほかは館内設備が良く使いやすい。,1,高評価,ホテル,train
904,レビューを見て選んだが、テーマが少し悪くなっているところもあったが、そのほかは会話が良く使いやすい。,1,高評価,映画,train
905,待ち時間には改善してほしい部分があるが、盛り付けはかなり良く、全体としては気に入った。,1,高評価,飲食店,validation
906,何度か利用してみた。パン屋は完璧ではなく注文のしやすさに難がある。それでも席の広さが優れていて満足度は高い。,1,高評価,飲食店,train
907,最初の印象では、ドキュメンタリー映画はキャラクターで気になる点もあった。しかし脚本が良く、結果的には買って良かった。,1,高評価,映画,train
908,読書アプリは広告の少なさが安定していて、ストレスなく使えた。,1,高評価,アプリ,test
909,注文のしやすさに不満があり、ステーキ店を選んだのは失敗だった。,0,低評価,飲食店,train
910,最初の印象では、脚本が想像より悪く、ドキュメンタリー映画には低評価を付けたい。,0,低評価,映画,train
911,評判が良かったので試した。そば屋はメニューの豊富さに良い点もあった。しかしデザートに問題があり、結果的にはおすすめしにくい。,0,低評価,飲食店,test
912,歴史映画を使ってみたが、ストーリーが期待外れだった。,0,低評価,映画,train
913,リゾートホテルは最初フロント対応が良いと感じたが、使い続けるとアメニティの問題が目立ち、評価は下がった。,0,低評価,ホテル,train
914,アメニティが悪くないというレビューもあったが、自分には空港ホテルは合わなかった。,0,低評価,ホテル,train
915,ドリンクが全く使えないわけではないが、洋食店を高く評価するほどではない。,0,低評価,飲食店,train
916,席の広さが少し悪くなっているところもあったが、そのほかは盛り付けが良く使いやすい。,1,高評価,飲食店,train
917,写真アプリは広告の少なさが不安定で、かなりストレスを感じた。,0,低評価,アプリ,train
918,価格は少し悪かったものの、席の広さが期待以上だったので中華料理店には高評価を付けたい。,1,高評価,飲食店,train
919,一週間ほど試した。組み立て家具は期待外れ。操作感とサイズ感のどちらも使いにくく、がっかりした。,0,低評価,EC商品,train
920,家族向け映画は期待に応えてくれなかった。映像美にも満足できない。,0,低評価,映画,train
921,ラストが残念だったので、ミステリー映画はもう利用したくない。,0,低評価,映画,train
922,ゲームアプリの動作速度は悪くない。むしろ使ってみるとかなり満足できた。,1,高評価,アプリ,train
923,スポーツ映画は値段に見合わない。特に迫力に問題があった。,0,低評価,映画,train
924,しばらく利用した結果、スタッフの対応は魅力的だったが、チェックアウトがかなり残念で、全体としては満足できなかった。,0,低評価,ホテル,train
925,機能の分かりやすさが残念だったので、音楽アプリはもう利用したくない。,0,低評価,アプリ,validation
926,評判が良かったので試した。イタリアンは席の広さが不安定で、かなりストレスを感じた。,0,低評価,飲食店,train
927,アニメ映画は映像も声優も非常に良かった。文句なしで高評価。,1,高評価,映画,train
928,そば屋は雰囲気が不安定で、かなりストレスを感じた。,0,低評価,飲食店,train
929,今回初めて利用した。検索機能は少し悪かったものの、安定性が期待以上だったので予約アプリには高評価を付けたい。,1,高評価,アプリ,train
930,写真アプリは入力のしやすさが悪く、かなり不満が残った。,0,低評価,アプリ,train
931,会計に不満があり、ハンバーガー店を選んだのは失敗だった。,0,低評価,飲食店,validation
932,期待して購入した。ネジ穴の精度に問題があり、さらに品質にも不満がある。電源タップはもう選ばない。,0,低評価,EC商品,train
933,デザインが全く使えないわけではないが、充電器を高く評価するほどではない。,0,低評価,EC商品,validation
934,ステーキ店は注文のしやすさに少し不満があったが、ボリュームは良く、総合的には高く評価している。,1,高評価,飲食店,test
935,工具セットは組み立てやすさが不安定で、かなりストレスを感じた。,0,低評価,EC商品,train
936,椅子は静音性も頑丈さも非常に良かった。文句なしで高評価。,1,高評価,EC商品,train
937,評判が良かったので試した。定食屋は一見良さそうで待ち時間も悪くない。それでもデザートがひどく、次は選ばない。,0,低評価,飲食店,train
938,評判が良かったので試した。使いやすさが全く使えないわけではないが、水筒を高く評価するほどではない。,0,低評価,EC商品,train
939,世界観が少し悪くなっているところもあったが、そのほかは余韻が良く使いやすい。,1,高評価,映画,train
940,迫力が良くないというレビューもあったが、自分はサスペンス映画に高く評価している。,1,高評価,映画,train
941,頑丈さは魅力的だったが、接続の安定性がかなり残念で、全体としては満足できなかった。,0,低評価,EC商品,train
942,今回初めて利用した。ドキュメンタリー映画は値段以上の価値を感じた。特にテーマが素晴らしい。,1,高評価,映画,train
943,ホラー映画は最初脚本が気になったが、使い続けると会話の良さが分かり、今は満足している。,1,高評価,映画,train
944,イヤホンは反応速度が安定していて、ストレスなく使えた。,1,高評価,EC商品,train
945,パン屋は期待外れ。雰囲気と温度のどちらも使いにくく、がっかりした。,0,低評価,飲食店,train
946,何度か利用してみた。立地が全く使えないわけではないが、空港ホテルを高く評価するほどではない。,0,低評価,ホテル,train
947,組み立てやすさが全く使えないわけではないが、掃除機を高く評価するほどではない。,0,低評価,EC商品,test
948,ホテルは眺めに少し不満があったが、価格は良く、総合的には気に入っている。,1,高評価,ホテル,train
949,空港ホテルはフロント対応が安定していて、ストレスなく使えた。,1,高評価,ホテル,train
950,コメディ映画を使ってみたが、アクションが期待外れだった。,0,低評価,映画,train
951,ハンバーガー店は価格は良かったが、香りが悪く、総合的には不満が残った。,0,低評価,飲食店,train
952,レビューを見て選んだが、ボリュームが残念だったので、中華料理店はもう利用したくない。,0,低評価,飲食店,train
953,和風旅館は朝食が安定していて、ストレスなく使えた。,1,高評価,ホテル,train
954,SF映画を使ってみたが、演出が期待外れだった。,0,低評価,映画,train
955,しばらく利用した結果、寿司店を使ってみたが、会計が期待外れだった。,0,低評価,飲食店,train
956,実際に使ってみると、スポーツ映画はアクションが良く、かなり高く評価している。,1,高評価,映画,train
957,格安ホテルは期待外れ。チェックアウトと静かさのどちらも使いにくく、がっかりした。,0,低評価,ホテル,train
958,レビューを見て選んだが、家族向け映画は世界観が良く、かなり満足している。,1,高評価,映画,validation
959,スポーツ映画は感情表現は良かったが、音楽が悪く、総合的には不満が残った。,0,低評価,映画,train
960,タブレットは手触りが良く、かなり満足している。,1,高評価,EC商品,train
961,イタリアンは提供の早さで気になる点もあった。しかしスタッフの対応が良く、結果的には買って良かった。,1,高評価,飲食店,train
962,ニュースアプリを使ってみたが、広告の少なさが期待外れだった。,0,低評価,アプリ,train
963,ドキュメンタリー映画はラストは良かったが、ストーリーが悪く、総合的には不満が残った。,0,低評価,映画,train
964,最初の印象では、価格は魅力的だったが、フロント対応がかなり残念で、全体としては満足できなかった。,0,低評価,ホテル,validation
965,アクションが良くないというレビューもあったが、自分はミステリー映画に満足している。,1,高評価,映画,test
966,実際に使ってみると、盛り付けには満足したものの、会計が期待外れだったのでステーキ店には低評価を付けたい。,0,低評価,飲食店,validation
967,最初の印象では、冒険映画は完璧ではなくテーマに難がある。それでも演出が優れていて満足度は高い。,1,高評価,映画,train
968,レビューを見て選んだが、ファミレスは安くないのに、料理の味がこの程度では納得できない。,0,低評価,飲食店,train
969,評判が良かったので試した。雰囲気は決して悪くなく、居酒屋を選んで良かったと思う。,1,高評価,飲食店,train
970,動作の安定性は魅力的だったが、静音性がかなり残念で、全体としては満足できなかった。,0,低評価,EC商品,train
971,格安ホテルを使ってみたが、浴場が期待以上だった。,1,高評価,ホテル,train
972,アクションが素晴らしく、さらに映像にも満足した。ミステリー映画をまた選びたい。,1,高評価,映画,train
973,ゲストハウスは朝食に少し不満があったが、フロント対応は良く、総合的には満足している。,1,高評価,ホテル,train
974,ニュースアプリを使ってみたが、設定画面が期待外れだった。,0,低評価,アプリ,train
975,ケーブルは値段に見合わない。特に動作の安定性に問題があった。,0,低評価,EC商品,train
976,最初の印象では、頑丈さに不満があり、組み立て家具を選んだのは失敗だった。,0,低評価,EC商品,train
977,アニメ映画は演出が安定していて、ストレスなく使えた。,1,高評価,映画,train
978,キーボードは期待外れ。梱包と説明書のどちらも使いにくく、がっかりした。,0,低評価,EC商品,train
979,迫力に不満があり、アニメ映画を選んだのは失敗だった。,0,低評価,映画,train
980,工具セットはコストパフォーマンスは良かったが、操作感が悪く、総合的には不満が残った。,0,低評価,EC商品,train
981,価格に大きな不満はなく、ハンバーガー店を選んで正解だった。,1,高評価,飲食店,train
982,広告の少なさは決して良いとは言えず、SNSアプリには不満が残った。,0,低評価,アプリ,train
983,余韻は決して良いとは言えず、犯罪映画には不満が残った。,0,低評価,映画,train
984,世界観は少し悪かったものの、ストーリーが期待以上だったので犯罪映画には高評価を付けたい。,1,高評価,映画,train
985,実際に使ってみると、ファンタジー映画は一見良さそうで演技も悪くない。それでもストーリーがひどく、次は選ばない。,0,低評価,映画,train
986,テーマに不満があり、短編映画を選んだのは失敗だった。,0,低評価,映画,train
987,実際に使ってみると、ケーキ店は提供の早さが良く、かなり満足している。,1,高評価,飲食店,train
988,評判が良かったので試した。温泉旅館を使ってみたが、アメニティが期待外れだった。,0,低評価,ホテル,test
989,犯罪映画は演技が良く、かなり気に入っている。,1,高評価,映画,train
990,サイズ感が想像より良く、デスクには高評価を付けたい。,1,高評価,EC商品,train
991,スマートフォンの音質は良くない。期待していただけに残念だった。,0,低評価,EC商品,train
992,実際に使ってみると、リゾートはチェックインのスムーズさは良かったが、防音が悪く、総合的には満足できなかった。,0,低評価,ホテル,train
993,ラストに不満があり、スポーツ映画を選んだのは失敗だった。,0,低評価,映画,train
994,回転寿司はデザートが悪く、かなり不満が残った。,0,低評価,飲食店,train
995,清掃が想像より悪く、宿泊施設には低評価を付けたい。,0,低評価,ホテル,test
996,実際に使ってみると、カレンダーアプリは最初バッテリー消費が気になったが、使い続けるとログインの良さが分かり、今は満足している。,1,高評価,アプリ,train
997,音楽映画は最初構成が良いと感じたが、使い続けると世界観の問題が目立ち、評価は下がった。,0,低評価,映画,train
998,実際に使ってみると、バッテリー持ちには改善してほしい部分があるが、品質はかなり良く、全体としては気に入った。,1,高評価,EC商品,train
999,期待して購入した。ゲストハウスは完璧ではなく部屋の広さに難がある。それでもフロント対応が優れていて満足度は高い。,1,高評価,ホテル,train
1000,最初の印象では、天気アプリは完璧ではなく入力のしやすさに難がある。それでもデザインが優れていて満足度は高い。,1,高評価,アプリ,train
1001,迫力が良くないというレビューもあったが、自分はミステリー映画に満足している。,1,高評価,映画,train
1002,最初の印象では、ミステリー映画を使ってみたが、テーマが期待外れだった。,0,低評価,映画,train
1003,スポーツ映画は完璧ではなく迫力に難がある。それでもキャラクターが優れていて満足度は高い。,1,高評価,映画,train
1004,しばらく利用した結果、宿泊施設は値段以上の価値を感じた。特に浴場が素晴らしい。,1,高評価,ホテル,train
1005,操作性が良くないというレビューもあったが、自分はニュースアプリに満足している。,1,高評価,アプリ,train
1006,何度か利用してみた。演技には改善してほしい部分があるが、演出はかなり良く、全体としては気に入った。,1,高評価,映画,train
1007,レスポンスが残念だったので、天気アプリはもう利用したくない。,0,低評価,アプリ,train
1008,回転寿司の雰囲気は良くない。期待していただけに残念だった。,0,低評価,飲食店,train
1009,注文のしやすさは魅力的だったが、メニューの豊富さがかなり残念で、全体としては満足できなかった。,0,低評価,飲食店,train
1010,店内の清潔さに大きな不満はなく、ビュッフェを選んで正解だった。,1,高評価,飲食店,train
1011,実際に使ってみると、天気アプリは起動速度が安定していて、ストレスなく使えた。,1,高評価,アプリ,train
1012,部屋の清潔さに問題がないとは言えないが、ゲストハウスは総合的には十分満足できる。,1,高評価,ホテル,train
1013,ステーキ店は雰囲気が悪く、かなり不満が残った。,0,低評価,飲食店,train
1014,健康管理アプリは値段に見合わない。特に起動速度に問題があった。,0,低評価,アプリ,train
1015,バッグはサイズ感に少し不満があったが、接続の安定性は良く、総合的には満足している。,1,高評価,EC商品,train
1016,レビューを見て選んだが、テーマに不満があり、ミステリー映画を選んだのは失敗だった。,0,低評価,映画,train
1017,提供の早さは少し悪かったものの、席の広さが期待以上だったのでパン屋には高評価を付けたい。,1,高評価,飲食店,train
1018,ヘッドホンは値段に見合わない。特にバッテリー持ちに問題があった。,0,低評価,EC商品,train
1019,メニューの豊富さは予想以上だったが、そのほかは提供の早さが使いにくく不満が残った。,0,低評価,飲食店,train
1020,清掃が想像より悪く、ビジネスホテルには低評価を付けたい。,0,低評価,ホテル,train
1021,寿司店は期待に応えてくれなかった。香りにも満足できない。,0,低評価,飲食店,train
1022,音楽映画の映像美は良くない。期待していただけに残念だった。,0,低評価,映画,train
1023,山の旅館の防音は良くない。期待していただけに残念だった。,0,低評価,ホテル,train
1024,評判が良かったので試した。アニメ映画は期待以上。感情表現とラストのどちらも使いやすく、とても気に入った。,1,高評価,映画,validation
1025,迫力がとても良かったので、ドラマ映画をまた利用したい。,1,高評価,映画,train
1026,スポーツ映画は安くないのに、世界観がこの程度では納得できない。,0,低評価,映画,validation
1027,歴史映画は期待に応えてくれなかった。音楽にも満足できない。,0,低評価,映画,train
1028,評判が良かったので試した。ラストが想像より悪く、スポーツ映画には低評価を付けたい。,0,低評価,映画,train
1029,ホテルは値段に見合わない。特に朝食に問題があった。,0,低評価,ホテル,validation
1030,ドキュメンタリー映画は期待以上。音楽と演出のどちらも使いやすく、とても気に入った。,1,高評価,映画,train
1031,期待して購入した。演出に大きな不満はなく、恋愛映画を選んで正解だった。,1,高評価,映画,train
1032,軽さが想像より悪く、充電器には低評価を付けたい。,0,低評価,EC商品,test
1033,期待して購入した。パソコンは高くないわけではないが、バッテリー持ちを考えると納得できる。,1,高評価,EC商品,train
1034,パソコンは説明書が悪く、かなり不満が残った。,0,低評価,EC商品,validation
1035,実際に使ってみると、スポーツ映画は迫力で気になる点もあった。しかしストーリーが良く、結果的には買って良かった。,1,高評価,映画,train
1036,今回初めて利用した。水筒はバッテリー持ちが不安定で、かなりストレスを感じた。,0,低評価,EC商品,train
1037,入力のしやすさが残念だったので、天気アプリはもう利用したくない。,0,低評価,アプリ,train
1038,実際に使ってみると、席の広さに問題があり、さらに待ち時間にも不満がある。パン屋はもう選ばない。,0,低評価,飲食店,train
1039,ストーリーが悪くないというレビューもあったが、自分には音楽映画は合わなかった。,0,低評価,映画,train
1040,静かさが全く使えないわけではないが、格安ホテルを高く評価するほどではない。,0,低評価,ホテル,train
1041,期待して購入した。動作の安定性には改善してほしい部分があるが、音質はかなり良く、全体としては気に入った。,1,高評価,EC商品,train
1042,演技は予想以上だったが、そのほかはラストが使いにくく不満が残った。,0,低評価,映画,train
1043,アクション映画はキャラクターが悪く、かなり不満が残った。,0,低評価,映画,train
1044,検索精度は少し悪かったものの、機能の分かりやすさが期待以上だったので天気アプリには高評価を付けたい。,1,高評価,アプリ,train
1045,キャラクターは魅力的だったが、世界観がかなり残念で、全体としては満足できなかった。,0,低評価,映画,train
1046,今回初めて利用した。防音が少し悪くなっているところもあったが、そのほかは朝食が良く使いやすい。,1,高評価,ホテル,train
1047,しばらく利用した結果、伏線は決して良いとは言えず、SF映画には不満が残った。,0,低評価,映画,test
1048,居酒屋は高くないわけではないが、ドリンクを考えると納得できる。,1,高評価,飲食店,train
1049,音質が素晴らしく、さらに頑丈さにも満足した。水筒をまた選びたい。,1,高評価,EC商品,train
1050,最初の印象では、コストパフォーマンスには改善してほしい部分があるが、梱包はかなり良く、全体としては気に入った。,1,高評価,EC商品,test
1051,ファミレスはドリンクに少し不満があったが、盛り付けは良く、総合的には満足している。,1,高評価,飲食店,train
1052,期待して購入した。モニターは完璧ではなく組み立てやすさに難がある。それでも頑丈さが優れていて満足度は高い。,1,高評価,EC商品,train
1053,会計に大きな不満はなく、カレー店を選んで正解だった。,1,高評価,飲食店,train
1054,犯罪映画は期待を裏切らなかった。演出にも不満はない。,1,高評価,映画,train
1055,コメディ映画はキャラクターが安定していて、ストレスなく使えた。,1,高評価,映画,test
1056,館内設備が残念だったので、民宿はもう利用したくない。,0,低評価,ホテル,train
1057,ドラマ映画は音楽に少し不満があったが、世界観は良く、総合的には満足している。,1,高評価,映画,train
1058,宿泊施設は空調が不安定で、かなりストレスを感じた。,0,低評価,ホテル,validation
1059,チェックインのスムーズさには改善してほしい部分があるが、Wi-Fiはかなり良く、全体としては気に入った。,1,高評価,ホテル,train
1060,音楽アプリは期待を裏切らなかった。ログインにも不満はない。,1,高評価,アプリ,train
1061,喫茶店は期待に応えてくれなかった。価格にも満足できない。,0,低評価,飲食店,train
1062,レビューを見て選んだが、定食屋を使ってみたが、スタッフの対応が期待以上だった。,1,高評価,飲食店,train
1063,演出に大きな不満はなく、戦争映画を選んで正解だった。,1,高評価,映画,train
1064,一週間ほど試した。焼肉店は最初メニューの豊富さが気になったが、使い続けると香りの良さが分かり、今は気に入っている。,1,高評価,飲食店,train
1065,食材の新鮮さには改善してほしい部分があるが、接客はかなり良く、全体としては気に入った。,1,高評価,飲食店,train
1066,実際に使ってみると、画面の見やすさに問題があり、さらに安定性にも不満がある。家計簿アプリはもう選ばない。,0,低評価,アプリ,train
1067,一週間ほど試した。注文のしやすさが想像より悪く、洋食店には低評価を付けたい。,0,低評価,飲食店,train
1068,館内設備は決して良いとは言えず、シティホテルには不満が残った。,0,低評価,ホテル,train
1069,冒険映画は最初声優が良いと感じたが、使い続けると演技の問題が目立ち、評価は下がった。,0,低評価,映画,train
1070,読み込み速度に大きな不満はなく、音楽アプリを選んで正解だった。,1,高評価,アプリ,train
1071,最初の印象では、タブレットは完璧ではなく組み立てやすさに難がある。それでもサイズ感が優れていて満足度は高い。,1,高評価,EC商品,train
1072,カレンダーアプリは広告の少なさが悪く、かなり不満が残った。,0,低評価,アプリ,train
1073,期待して購入した。そば屋は完璧ではなくスタッフの対応に難がある。それでも待ち時間が優れていて満足度は高い。,1,高評価,飲食店,train
1074,空港ホテルは最初部屋の清潔さが気になったが、使い続けるとフロント対応の良さが分かり、今は満足している。,1,高評価,ホテル,train
1075,一週間ほど試した。健康管理アプリは安くないのに、使い勝手がこの程度では納得できない。,0,低評価,アプリ,test
1076,ゲストハウスは高くないわけではないが、静かさを考えると納得できる。,1,高評価,ホテル,train
1077,ケーブルを使ってみたが、品質が期待以上だった。,1,高評価,EC商品,train
1078,Wi-Fiが想像より良く、民宿には高評価を付けたい。,1,高評価,ホテル,train
1079,音楽アプリは通知機能が悪く、かなり不満が残った。,0,低評価,アプリ,validation
1080,ビュッフェは完璧ではなく注文のしやすさに難がある。それでも食材の新鮮さが優れていて満足度は高い。,1,高評価,飲食店,train
1081,演技に不満があり、青春映画を選んだのは失敗だった。,0,低評価,映画,train
1082,耐久性が全く使えないわけではないが、水筒を高く評価するほどではない。,0,低評価,EC商品,train
1083,テーマは少し悪かったものの、映像が期待以上だったので家族向け映画には高評価を付けたい。,1,高評価,映画,train
1084,テーマに不満があり、ミステリー映画を選んだのは失敗だった。,0,低評価,映画,train
1085,期待して購入した。読書アプリは値段以上の価値を感じた。特にデザインが素晴らしい。,1,高評価,アプリ,train
1086,タスク管理アプリは起動速度に少し不満があったが、検索精度は良く、総合的には満足している。,1,高評価,アプリ,validation
1087,決済アプリは最初ログインが良いと感じたが、使い続けるとアップデートの問題が目立ち、評価は下がった。,0,低評価,アプリ,train
1088,今回初めて利用した。機能の分かりやすさには満足したものの、設定画面が期待外れだったのでチャットアプリには低評価を付けたい。,0,低評価,アプリ,train
1089,ホラー映画のストーリーは良くない。期待していただけに残念だった。,0,低評価,映画,train
1090,チェックインのスムーズさに大きな不満はなく、ホテルを選んで正解だった。,1,高評価,ホテル,train
1091,回転寿司は期待外れ。料理の味と温度のどちらも使いにくく、がっかりした。,0,低評価,飲食店,train
1092,メニューの豊富さに不満があり、居酒屋を選んだのは失敗だった。,0,低評価,飲食店,validation
1093,評判が良かったので試した。検索精度が残念だったので、天気アプリはもう利用したくない。,0,低評価,アプリ,train
1094,寿司店はドリンクも料理の味もかなり悪かった。残念だが低評価。,0,低評価,飲食店,train
1095,しばらく利用した結果、山の旅館のアメニティは悪くない。むしろ使ってみるとかなり満足できた。,1,高評価,ホテル,train
1096,組み立て家具を使ってみたが、品質が期待以上だった。,1,高評価,EC商品,train
1097,空港ホテルを使ってみたが、ベッドの快適さが期待外れだった。,0,低評価,ホテル,train
1098,音楽アプリを使ってみたが、レスポンスが期待以上だった。,1,高評価,アプリ,train
1099,ボリュームには改善してほしい部分があるが、ドリンクはかなり良く、全体としては気に入った。,1,高評価,飲食店,train
1100,評判が良かったので試した。ナビアプリを使ってみたが、アップデートが期待外れだった。,0,低評価,アプリ,train
1101,SF映画は最初テーマが良いと感じたが、使い続けると世界観の問題が目立ち、評価は下がった。,0,低評価,映画,train
1102,コストパフォーマンスが想像より悪く、イヤホンには低評価を付けたい。,0,低評価,EC商品,train
1103,今回初めて利用した。アップデートには満足したものの、検索機能が期待外れだったので写真アプリには低評価を付けたい。,0,低評価,アプリ,train
1104,会話には改善してほしい部分があるが、感情表現はかなり良く、全体としては気に入った。,1,高評価,映画,train
1105,店内の清潔さには満足したものの、温度が期待外れだったので居酒屋には低評価を付けたい。,0,低評価,飲食店,train
1106,検索機能は決して悪くなく、タスク管理アプリを選んで良かったと思う。,1,高評価,アプリ,train
1107,実際に使ってみると、通知機能には満足したものの、広告の少なさが期待外れだったのでタスク管理アプリには低評価を付けたい。,0,低評価,アプリ,train
1108,浴場は少し悪かったものの、アメニティが期待以上だったので温泉ホテルには高評価を付けたい。,1,高評価,ホテル,train
1109,何度か利用してみた。そば屋はメニューの豊富さが悪く、かなり不満が残った。,0,低評価,飲食店,train
1110,回転寿司は提供の早さが安定していて、ストレスなく使えた。,1,高評価,飲食店,train
1111,喫茶店はスタッフの対応で気になる点もあった。しかし会計が良く、結果的には買って良かった。,1,高評価,飲食店,test
1112,一週間ほど試した。バッテリー消費が想像より良く、音楽アプリには高評価を付けたい。,1,高評価,アプリ,validation
1113,空港ホテルは安くないのに、眺めがこの程度では納得できない。,0,低評価,ホテル,validation
1114,何度か利用してみた。恋愛映画はテンポは良かったが、テーマが悪く、総合的には不満が残った。,0,低評価,映画,train
1115,感情表現は魅力的だったが、映像美がかなり残念で、全体としては満足できなかった。,0,低評価,映画,train
1116,喫茶店はドリンクが良く、かなり満足している。,1,高評価,飲食店,train
1117,山の旅館を使ってみたが、フロント対応が期待以上だった。,1,高評価,ホテル,train
1118,喫茶店の温度は良くない。期待していただけに残念だった。,0,低評価,飲食店,train
1119,コストパフォーマンスが想像より悪く、バッグには低評価を付けたい。,0,低評価,EC商品,test
1120,動画アプリを使ってみたが、操作性が期待外れだった。,0,低評価,アプリ,train
1121,設定画面は予想以上だったが、そのほかは操作性が使いにくく不満が残った。,0,低評価,アプリ,train
1122,山の旅館はチェックアウトに少し不満があったが、静かさは良く、総合的には満足している。,1,高評価,ホテル,train
1123,レビューを見て選んだが、ゲームアプリを使ってみたが、通知機能が期待外れだった。,0,低評価,アプリ,validation
1124,実際に使ってみると、料理の味に不満があり、うどん店を選んだのは失敗だった。,0,低評価,飲食店,train
1125,アニメ映画は会話に少し不満があったが、映像美は良く、総合的には満足している。,1,高評価,映画,train
1126,観光ホテルは値段に見合わない。特に防音に問題があった。,0,低評価,ホテル,train
1127,リゾートホテルは朝食が不安定で、かなりストレスを感じた。,0,低評価,ホテル,train
1128,格安ホテルのアメニティは良くない。期待していただけに残念だった。,0,低評価,ホテル,train
1129,今回初めて利用した。旅館は静かさで気になる点もあった。しかしフロント対応が良く、結果的には買って良かった。,1,高評価,ホテル,validation
1130,予約アプリはアップデートが悪く、かなり不満が残った。,0,低評価,アプリ,validation
1131,一週間ほど試した。温度が想像より良く、そば屋には高評価を付けたい。,1,高評価,飲食店,train
1132,ビジネスホテルは空調が悪く、かなり不満が残った。,0,低評価,ホテル,train
1133,ハンバーガー店は注文のしやすさが不安定で、かなりストレスを感じた。,0,低評価,飲食店,train
1134,しばらく利用した結果、バッグは接続の安定性が良く、かなり満足している。,1,高評価,EC商品,train
1135,ビュッフェは安くないのに、スタッフの対応がこの程度では納得できない。,0,低評価,飲食店,train
1136,評判が良かったので試した。温泉ホテルは値段以上の価値を感じた。特に空調が素晴らしい。,1,高評価,ホテル,train
1137,しばらく利用した結果、チャットアプリは期待外れ。設定画面とアップデートのどちらも使いにくく、がっかりした。,0,低評価,アプリ,train
1138,温泉旅館は値段以上の価値を感じた。特にフロント対応が素晴らしい。,1,高評価,ホテル,test
1139,価格は予想以上だったが、そのほかはフロント対応が使いにくく不満が残った。,0,低評価,ホテル,train
1140,何度か利用してみた。アップデートが想像より悪く、予約アプリには低評価を付けたい。,0,低評価,アプリ,train
1141,予約アプリは値段以上の価値を感じた。特に動作速度が素晴らしい。,1,高評価,アプリ,train
1142,レビューを見て選んだが、静かさが想像より良く、和風旅館には高評価を付けたい。,1,高評価,ホテル,train
1143,店内の清潔さが想像より悪く、ステーキ店には低評価を付けたい。,0,低評価,飲食店,test
1144,ニュースアプリは期待外れ。動作速度と安定性のどちらも使いにくく、がっかりした。,0,低評価,アプリ,train
1145,今回初めて利用した。読み込み速度には満足したものの、デザインが期待外れだったのでチャットアプリには低評価を付けたい。,0,低評価,アプリ,train
1146,充電器を使ってみたが、説明書が期待以上だった。,1,高評価,EC商品,train
1147,一週間ほど試した。観光ホテルは防音に良い点もあった。しかしアクセスに問題があり、結果的にはおすすめしにくい。,0,低評価,ホテル,train
1148,期待して購入した。スポーツ映画は完璧ではなくラストに難がある。それでも迫力が優れていて満足度は高い。,1,高評価,映画,train
1149,反応速度に大きな不満はなく、ヘッドホンを選んで正解だった。,1,高評価,EC商品,train
1150,パン屋は最初席の広さが良いと感じたが、使い続けるとメニューの豊富さの問題が目立ち、評価は下がった。,0,低評価,飲食店,train
1151,一週間ほど試した。ナビアプリは最初動作速度が気になったが、使い続けると同期機能の良さが分かり、今は十分満足している。,1,高評価,アプリ,test
1152,最初の印象では、カレンダーアプリを使ってみたが、バッテリー消費が期待外れだった。,0,低評価,アプリ,train
1153,格安ホテルは期待外れ。Wi-Fiとアメニティのどちらも使いにくく、がっかりした。,0,低評価,ホテル,train
1154,温度に問題があり、さらに香りにも不満がある。ラーメン店はもう選ばない。,0,低評価,飲食店,test
1155,Wi-Fiは魅力的だったが、部屋の広さがかなり残念で、全体としては満足できなかった。,0,低評価,ホテル,train
1156,アクション映画は一見良さそうで映像も悪くない。それでもテーマがひどく、次は選ばない。,0,低評価,映画,train
1157,ハンバーガー店は完璧ではなく立地に難がある。それでも接客が優れていて満足度は高い。,1,高評価,飲食店,train
1158,ステーキ店は期待を裏切らなかった。店内の清潔さにも不満はない。,1,高評価,飲食店,train
1159,リゾートは朝食も価格も非常に良かった。文句なしで高評価。,1,高評価,ホテル,train
1160,期待して購入した。ラストは少し悪かったものの、音楽が期待以上だったのでコメディ映画には高評価を付けたい。,1,高評価,映画,train
1161,何度か利用してみた。レスポンスに大きな不満はなく、チャットアプリを選んで正解だった。,1,高評価,アプリ,train
1162,最初の印象では、音質が全く使えないわけではないが、電源タップを高く評価するほどではない。,0,低評価,EC商品,train
1163,今回初めて利用した。機能の分かりやすさが素晴らしく、さらに操作性にも満足した。カレンダーアプリをまた選びたい。,1,高評価,アプリ,train
1164,実際に使ってみると、寿司店は値段に見合わない。特に接客に問題があった。,0,低評価,飲食店,train
1165,伏線に大きな不満はなく、冒険映画を選んで正解だった。,1,高評価,映画,test
1166,期待して購入した。山の旅館を使ってみたが、空調が期待外れだった。,0,低評価,ホテル,train
1167,最初の印象では、パソコンは頑丈さが良く、かなり満足している。,1,高評価,EC商品,train
1168,デスクは音質に少し不満があったが、ネジ穴の精度は良く、総合的には満足している。,1,高評価,EC商品,train
1169,バッグは値段に見合わない。特に頑丈さに問題があった。,0,低評価,EC商品,train
1170,レビューを見て選んだが、起動速度が想像より悪く、家計簿アプリには低評価を付けたい。,0,低評価,アプリ,train
1171,今回初めて利用した。朝食は魅力的だったが、館内設備がかなり残念で、全体としては満足できなかった。,0,低評価,ホテル,train
1172,レビューを見て選んだが、バッテリー持ちは少し悪かったものの、操作感が期待以上だったので組み立て家具には高評価を付けたい。,1,高評価,EC商品,train
1173,和風旅館は最初チェックインのスムーズさが良いと感じたが、使い続けると部屋の広さの問題が目立ち、評価は下がった。,0,低評価,ホテル,train
1174,チェックアウトが残念だったので、温泉旅館はもう利用したくない。,0,低評価,ホテル,train
1175,居酒屋はスタッフの対応が悪く、かなり不満が残った。,0,低評価,飲食店,train
1176,犯罪映画は完璧ではなく演出に難がある。それでも余韻が優れていて満足度は高い。,1,高評価,映画,train
1177,実際に使ってみると、洋食店は会計に少し不満があったが、価格は良く、総合的には満足している。,1,高評価,飲食店,train
1178,清掃が素晴らしく、さらに部屋の清潔さにも満足した。高級ホテルをまた選びたい。,1,高評価,ホテル,train
1179,デザインがとても良かったので、決済アプリをまた利用したい。,1,高評価,アプリ,train
1180,洋食店は立地で気になる点もあった。しかしドリンクが良く、結果的には買って良かった。,1,高評価,飲食店,train
1181,評判が良かったので試した。接続の安定性が残念だったので、デスクはもう利用したくない。,0,低評価,EC商品,train
1182,リゾートは完璧ではなくチェックアウトに難がある。それでもアクセスが優れていて満足度は高い。,1,高評価,ホテル,train
1183,しばらく利用した結果、チェックアウトは魅力的だったが、静かさがかなり残念で、全体としては満足できなかった。,0,低評価,ホテル,train
1184,実際に使ってみると、動作速度は少し悪かったものの、デザインが期待以上だったのでニュースアプリには高評価を付けたい。,1,高評価,アプリ,train
1185,実際に使ってみると、椅子を使ってみたが、動作の安定性が期待以上だった。,1,高評価,EC商品,train
1186,一週間ほど試した。空港ホテルは期待に応えてくれなかった。Wi-Fiにも満足できない。,0,低評価,ホテル,train
1187,短編映画は伏線に良い点もあった。しかしストーリーに問題があり、結果的にはおすすめしにくい。,0,低評価,映画,validation
1188,評判が良かったので試した。チェックインのスムーズさが良くないというレビューもあったが、自分は高級ホテルに満足している。,1,高評価,ホテル,train
1189,一週間ほど試した。ネジ穴の精度に不満があり、マウスを選んだのは失敗だった。,0,低評価,EC商品,validation
1190,ゲストハウスは一見良さそうでチェックアウトも悪くない。それでも価格がひどく、次は選ばない。,0,低評価,ホテル,validation
1191,最初の印象では、ファミレスは店内の清潔さが良く、かなり十分満足している。,1,高評価,飲食店,train
1192,清掃は予想以上だったが、そのほかは防音が使いにくくかなり残念だった。,0,低評価,ホテル,train
1193,学習アプリはデザインが安定していて、ストレスなく使えた。,1,高評価,アプリ,train
1194,家計簿アプリは完璧ではなくレスポンスに難がある。それでも通知機能が優れていて満足度は高い。,1,高評価,アプリ,train
1195,定食屋は席の広さに良い点もあった。しかしデザートに問題があり、結果的にはおすすめしにくい。,0,低評価,飲食店,train
1196,音質に大きな不満はなく、キーボードを選んで正解だった。,1,高評価,EC商品,train
1197,組み立て家具は梱包もデザインもかなり悪かった。残念だが低評価。,0,低評価,EC商品,train
1198,音楽アプリは最初検索機能が気になったが、使い続けると設定画面の良さが分かり、今は満足している。,1,高評価,アプリ,train
1199,一週間ほど試した。シティホテルは期待外れ。Wi-Fiとベッドの快適さのどちらも使いにくく、がっかりした。,0,低評価,ホテル,train
1200,品質が想像より悪く、スピーカーには低評価を付けたい。,0,低評価,EC商品,train
1201,カフェは値段に見合わない。特に提供の早さに問題があった。,0,低評価,飲食店,train
1202,一週間ほど試した。立地は魅力的だったが、静かさがかなり残念で、全体としては満足できなかった。,0,低評価,ホテル,train
1203,駅前ホテルは期待以上。チェックアウトと眺めのどちらも使いやすく、とても気に入った。,1,高評価,ホテル,train
1204,予約アプリの検索機能は悪くない。むしろ使ってみるとかなり満足できた。,1,高評価,アプリ,train
1205,検索精度に問題があり、さらにバッテリー消費にも不満がある。天気アプリはもう選ばない。,0,低評価,アプリ,train
1206,サイズ感には満足したものの、コストパフォーマンスが期待外れだったのでパソコンには低評価を付けたい。,0,低評価,EC商品,train
1207,ゲームアプリは同期機能が安定していて、ストレスなく使えた。,1,高評価,アプリ,validation
1208,ゲストハウスは静かさが悪く、かなり不満が残った。,0,低評価,ホテル,validation
1209,うどん店は香りが良く、かなり高く評価している。,1,高評価,飲食店,train
1210,ナビアプリは期待外れ。レスポンスと同期機能のどちらも使いにくく、がっかりした。,0,低評価,アプリ,train
1211,スピーカーは操作感に少し不満があったが、静音性は良く、総合的には満足している。,1,高評価,EC商品,train
1212,一週間ほど試した。犯罪映画の伏線は悪くない。むしろ使ってみるとかなり満足できた。,1,高評価,映画,train
1213,水筒は期待以上。サイズ感と反応速度のどちらも使いやすく、とても気に入った。,1,高評価,EC商品,test
1214,眺めがとても良かったので、山の旅館をまた利用したい。,1,高評価,ホテル,validation
1215,イタリアンは盛り付けで気になる点もあった。しかしドリンクが良く、結果的には買って良かった。,1,高評価,飲食店,train
1216,何度か利用してみた。読み込み速度は予想以上だったが、そのほかは入力のしやすさが使いにくく不満が残った。,0,低評価,アプリ,test
1217,接続の安定性が少し悪くなっているところもあったが、そのほかはデザインが良く使いやすい。,1,高評価,EC商品,train
1218,実際に使ってみると、和風旅館は最初空調が気になったが、使い続けるとスタッフの対応の良さが分かり、今は気に入っている。,1,高評価,ホテル,train
1219,カプセルホテルは立地が良く、かなり満足している。,1,高評価,ホテル,train
1220,部屋の清潔さが想像より悪く、シティホテルには低評価を付けたい。,0,低評価,ホテル,train
1221,盛り付けが残念だったので、ファミレスはもう利用したくない。,0,低評価,飲食店,train
1222,観光ホテルは部屋の広さが悪く、かなり不満が残った。,0,低評価,ホテル,train
1223,脚本がとても良かったので、短編映画をまた利用したい。,1,高評価,映画,train
1224,期待して購入した。ナビアプリは検索精度に少し不満があったが、検索機能は良く、総合的には満足している。,1,高評価,アプリ,train
1225,サスペンス映画は脚本が悪く、かなり不満が残った。,0,低評価,映画,train
1226,声優には満足したものの、テーマが期待外れだったのでホラー映画には低評価を付けたい。,0,低評価,映画,train
1227,設定画面が素晴らしく、さらに起動速度にも満足した。家計簿アプリをまた選びたい。,1,高評価,アプリ,test
1228,一週間ほど試した。海辺のホテルは部屋の清潔さが良く、かなり満足している。,1,高評価,ホテル,train
1229,カレンダーアプリは安定性が安定していて、ストレスなく使えた。,1,高評価,アプリ,train
1230,最初の印象では、洋食店は安くないのに、席の広さがこの程度では納得できない。,0,低評価,飲食店,train
1231,組み立てやすさがとても良かったので、ヘッドホンをまた利用したい。,1,高評価,EC商品,train
1232,タブレットは一見良さそうでコストパフォーマンスも悪くない。それでも反応速度がひどく、次は選ばない。,0,低評価,EC商品,train
1233,何度か利用してみた。レスポンスは少し悪かったものの、読み込み速度が期待以上だったのでチャットアプリには高評価を付けたい。,1,高評価,アプリ,train
1234,カレー店はデザートは良かったが、待ち時間が悪く、総合的には不満が残った。,0,低評価,飲食店,train
1235,何度か利用してみた。価格が想像より悪く、居酒屋には低評価を付けたい。,0,低評価,飲食店,train
1236,演出がとても良かったので、コメディ映画をまた利用したい。,1,高評価,映画,train
1237,評判が良かったので試した。カレンダーアプリは完璧ではなく設定画面に難がある。それでも起動速度が優れていて満足度は高い。,1,高評価,アプリ,test
1238,待ち時間は少し悪かったものの、会計が期待以上だったのでカレー店には高評価を付けたい。,1,高評価,飲食店,train
1239,パソコンは高くないわけではないが、品質を考えると納得できる。,1,高評価,EC商品,train
1240,朝食には改善してほしい部分があるが、アクセスはかなり良く、全体としては気に入った。,1,高評価,ホテル,train
1241,収納棚は手触りに少し不満があったが、静音性は良く、総合的には高く評価している。,1,高評価,EC商品,train
1242,今回初めて利用した。喫茶店は香りで気になる点もあった。しかし立地が良く、結果的には買って良かった。,1,高評価,飲食店,train
1243,天気アプリは機能の分かりやすさが良く、かなり満足している。,1,高評価,アプリ,validation
1244,評判が良かったので試した。民宿は浴場も防音もかなり悪かった。残念だが低評価。,0,低評価,ホテル,validation
1245,眺めが想像より悪く、駅前ホテルには低評価を付けたい。,0,低評価,ホテル,test
1246,一週間ほど試した。サイズ感に問題があり、さらに静音性にも不満がある。ケーブルはもう選ばない。,0,低評価,EC商品,validation
1247,期待して購入した。食材の新鮮さが想像より悪く、カフェには低評価を付けたい。,0,低評価,飲食店,validation
1248,実際に使ってみると、イヤホンを使ってみたが、静音性が期待外れだった。,0,低評価,EC商品,train
1249,ミステリー映画は値段に見合わない。特にテンポに問題があった。,0,低評価,映画,train
1250,レビューを見て選んだが、SNSアプリは値段以上の価値を感じた。特に入力のしやすさが素晴らしい。,1,高評価,アプリ,train
1251,温泉旅館を使ってみたが、立地が期待外れだった。,0,低評価,ホテル,train
1252,提供の早さは決して良いとは言えず、寿司店には不満が残った。,0,低評価,飲食店,test
1253,画面の見やすさは決して悪くなく、ナビアプリを選んで良かったと思う。,1,高評価,アプリ,train
1254,しばらく利用した結果、戦争映画は余韻が不安定で、かなりストレスを感じた。,0,低評価,映画,validation
1255,動作速度が想像より悪く、地図アプリには低評価を付けたい。,0,低評価,アプリ,train
1256,今回初めて利用した。料理の味がとても良かったので、定食屋をまた利用したい。,1,高評価,飲食店,train
1257,声優に問題があり、さらにテンポにも不満がある。コメディ映画はもう選ばない。,0,低評価,映画,train
1258,実際に使ってみると、充電器は期待以上。動作の安定性と静音性のどちらも使いやすく、とても気に入った。,1,高評価,EC商品,train
1259,喫茶店は最初店内の清潔さが気になったが、使い続けると香りの良さが分かり、今は満足している。,1,高評価,飲食店,train
1260,今回初めて利用した。梱包に不満があり、パソコンを選んだのは失敗だった。,0,低評価,EC商品,train
1261,最初の印象では、そば屋はボリュームが良く、かなり満足している。,1,高評価,飲食店,test
1262,観光ホテルは期待外れ。眺めと部屋の清潔さのどちらも使いにくく、がっかりした。,0,低評価,ホテル,train
1263,今回初めて利用した。民宿は眺めが安定していて、ストレスなく使えた。,1,高評価,ホテル,train
1264,評判が良かったので試した。ニュースアプリは期待以上。検索精度と起動速度のどちらも使いやすく、とても気に入った。,1,高評価,アプリ,train
1265,サスペンス映画はキャラクターも映像美も非常に良かった。文句なしで高評価。,1,高評価,映画,train
1266,使い勝手が想像より良く、チャットアプリには高評価を付けたい。,1,高評価,アプリ,test
1267,デスクは期待外れ。静音性とデザインのどちらも使いにくく、がっかりした。,0,低評価,EC商品,train
1268,レビューを見て選んだが、リゾートは立地が悪く、かなり不満が残った。,0,低評価,ホテル,train
1269,カレー店は期待を裏切らなかった。注文のしやすさにも不満はない。,1,高評価,飲食店,train
1270,機能の分かりやすさには改善してほしい部分があるが、動作速度はかなり良く、全体としては気に入った。,1,高評価,アプリ,train
1271,何度か利用してみた。ホラー映画は期待以上。会話と声優のどちらも使いやすく、とても気に入った。,1,高評価,映画,train
1272,何度か利用してみた。迫力は決して悪くなく、歴史映画を選んで良かったと思う。,1,高評価,映画,train
1273,ストーリーは少し悪かったものの、演出が期待以上だったのでコメディ映画には高評価を付けたい。,1,高評価,映画,train
1274,宿泊施設は安くないのに、清掃がこの程度では納得できない。,0,低評価,ホテル,train
1275,期待して購入した。防音が想像より良く、旅館には高評価を付けたい。,1,高評価,ホテル,train
1276,最初の印象では、画面の見やすさには満足したものの、安定性が期待外れだったので読書アプリには低評価を付けたい。,0,低評価,アプリ,train
1277,寿司店は安くないのに、ボリュームがこの程度では納得できない。,0,低評価,飲食店,train
1278,動画アプリは一見良さそうで同期機能も悪くない。それでも広告の少なさがひどく、次は選ばない。,0,低評価,アプリ,train
1279,レビューを見て選んだが、ケーキ店は一見良さそうで注文のしやすさも悪くない。それでも価格がひどく、次は選ばない。,0,低評価,飲食店,train
1280,しばらく利用した結果、地図アプリは画面の見やすさで気になる点もあった。しかし検索精度が良く、結果的には買って良かった。,1,高評価,アプリ,train
1281,ナビアプリは検索精度で気になる点もあった。しかし起動速度が良く、結果的には買って良かった。,1,高評価,アプリ,train
1282,接客が全く使えないわけではないが、喫茶店を高く評価するほどではない。,0,低評価,飲食店,train
1283,何度か利用してみた。使い勝手に問題がないとは言えないが、音楽アプリは総合的には十分満足できる。,1,高評価,アプリ,train
1284,評判が良かったので試した。盛り付けがとても良かったので、うどん店をまた利用したい。,1,高評価,飲食店,test
1285,焼肉店は雰囲気は良かったが、メニューの豊富さが悪く、総合的には不満が残った。,0,低評価,飲食店,train
1286,格安ホテルはスタッフの対応が安定していて、ストレスなく使えた。,1,高評価,ホテル,train
1287,何度か利用してみた。短編映画は値段以上の価値を感じた。特に迫力が素晴らしい。,1,高評価,映画,train
1288,一週間ほど試した。パソコンは最初操作感が良いと感じたが、使い続けると品質の問題が目立ち、評価は下がった。,0,低評価,EC商品,train
1289,評判が良かったので試した。タスク管理アプリは一見良さそうでログインも悪くない。それでもバッテリー消費がひどく、次は選ばない。,0,低評価,アプリ,train
1290,評判が良かったので試した。家族向け映画のテーマは悪くない。むしろ使ってみるとかなり満足できた。,1,高評価,映画,validation
1291,マウスは品質で気になる点もあった。しかし音質が良く、結果的には買って良かった。,1,高評価,EC商品,test
1292,ゲストハウスは完璧ではなく空調に難がある。それでも朝食が優れていて満足度は高い。,1,高評価,ホテル,train
1293,ステーキ店は期待外れ。盛り付けとデザートのどちらも使いにくく、がっかりした。,0,低評価,飲食店,train
1294,海辺のホテルは部屋の広さは良かったが、朝食が悪く、総合的には不満が残った。,0,低評価,ホテル,train
1295,広告の少なさには改善してほしい部分があるが、同期機能はかなり良く、全体としては気に入った。,1,高評価,アプリ,train
1296,温度は予想以上だったが、そのほかは提供の早さが使いにくく不満が残った。,0,低評価,飲食店,train
1297,実際に使ってみると、ファンタジー映画は値段に見合わない。特に演出に問題があった。,0,低評価,映画,test
1298,中華料理店は期待外れ。席の広さと温度のどちらも使いにくく、がっかりした。,0,低評価,飲食店,validation
1299,ケーブルは組み立てやすさで気になる点もあった。しかし反応速度が良く、結果的には買って良かった。,1,高評価,EC商品,train
1300,ドキュメンタリー映画は期待に応えてくれなかった。アクションにも満足できない。,0,低評価,映画,train
1301,アメニティは少し悪かったものの、館内設備が期待以上だったのでゲストハウスには高評価を付けたい。,1,高評価,ホテル,train
1302,しばらく利用した結果、リゾートホテルはチェックインのスムーズさも朝食もかなり悪かった。残念だが低評価。,0,低評価,ホテル,validation
1303,操作感が想像より悪く、ケーブルには低評価を付けたい。,0,低評価,EC商品,train
1304,しばらく利用した結果、ラストが良くないというレビューもあったが、自分は歴史映画に満足している。,1,高評価,映画,train
1305,ケーブルは完璧ではなくサイズ感に難がある。それでも梱包が優れていて満足度は高い。,1,高評価,EC商品,train
1306,朝食に不満があり、ゲストハウスを選んだのは失敗だった。,0,低評価,ホテル,train
1307,今回初めて利用した。声優が想像より悪く、アニメ映画には低評価を付けたい。,0,低評価,映画,test
1308,イタリアンを使ってみたが、提供の早さが期待以上だった。,1,高評価,飲食店,train
1309,フロント対応が少し悪くなっているところもあったが、そのほかは館内設備が良く使いやすい。,1,高評価,ホテル,train
1310,席の広さは少し悪かったものの、雰囲気が期待以上だったので寿司店には高評価を付けたい。,1,高評価,飲食店,train
1311,料理の味は決して悪くなく、うどん店を選んで良かったと思う。,1,高評価,飲食店,train
1312,デスクは一見良さそうでコストパフォーマンスも悪くない。それでも耐久性がひどく、次は選ばない。,0,低評価,EC商品,train
1313,今回初めて利用した。スタッフの対応が素晴らしく、さらにフロント対応にも満足した。山の旅館をまた選びたい。,1,高評価,ホテル,train
1314,音質が想像より悪く、モニターには低評価を付けたい。,0,低評価,EC商品,validation
1315,ゲストハウスは最初Wi-Fiが気になったが、使い続けると朝食の良さが分かり、今は満足している。,1,高評価,ホテル,train
1316,一週間ほど試した。価格が残念だったので、ビュッフェはもう利用したくない。,0,低評価,飲食店,train
1317,ネジ穴の精度に不満があり、椅子を選んだのは失敗だった。,0,低評価,EC商品,train
1318,最初の印象では、席の広さが残念だったので、中華料理店はもう利用したくない。,0,低評価,飲食店,train
1319,一週間ほど試した。フロント対応が少し悪くなっているところもあったが、そのほかは価格が良く使いやすい。,1,高評価,ホテル,validation
1320,音楽映画を使ってみたが、構成が期待外れだった。,0,低評価,映画,validation
1321,しばらく利用した結果、格安ホテルはアメニティもベッドの快適さもかなり悪かった。残念だが低評価。,0,低評価,ホテル,train
1322,香りには改善してほしい部分があるが、盛り付けはかなり良く、全体としては気に入った。,1,高評価,飲食店,test
1323,山の旅館は最初Wi-Fiが良いと感じたが、使い続けるとフロント対応の問題が目立ち、評価は下がった。,0,低評価,ホテル,train
1324,ハンバーガー店は期待に応えてくれなかった。ボリュームにも満足できない。,0,低評価,飲食店,train
1325,犯罪映画を使ってみたが、脚本が期待外れだった。,0,低評価,映画,train
1326,冒険映画は伏線が不安定で、かなりストレスを感じた。,0,低評価,映画,validation
1327,レビューを見て選んだが、戦争映画は映像美に少し不満があったが、テンポは良く、総合的には満足している。,1,高評価,映画,train
1328,操作感に問題があり、さらに反応速度にも不満がある。キーボードはもう選ばない。,0,低評価,EC商品,train
1329,アクセスは予想以上だったが、そのほかは空調が使いにくく不満が残った。,0,低評価,ホテル,validation
1330,カレー店を使ってみたが、立地が期待以上だった。,1,高評価,飲食店,train
1331,アニメ映画は脚本に少し不満があったが、アクションは良く、総合的には満足している。,1,高評価,映画,train
1332,犯罪映画は世界観で気になる点もあった。しかしテンポが良く、結果的には買って良かった。,1,高評価,映画,train
1333,清掃が素晴らしく、さらにチェックアウトにも満足した。駅前ホテルをまた選びたい。,1,高評価,ホテル,train
1334,館内設備が素晴らしく、さらに部屋の清潔さにも満足した。和風旅館をまた選びたい。,1,高評価,ホテル,train
1335,脚本は少し悪かったものの、キャラクターが期待以上だったのでアニメ映画には高評価を付けたい。,1,高評価,映画,train
1336,一週間ほど試した。頑丈さに不満があり、ヘッドホンを選んだのは失敗だった。,0,低評価,EC商品,train
1337,今回初めて利用した。温泉ホテルは完璧ではなく立地に難がある。それでも朝食が優れていて満足度は高い。,1,高評価,ホテル,train
1338,期待して購入した。キーボードは最初コストパフォーマンスが良いと感じたが、使い続けるとネジ穴の精度の問題が目立ち、評価は下がった。,0,低評価,EC商品,train
1339,音質に不満があり、タブレットを選んだのは失敗だった。,0,低評価,EC商品,validation
1340,戦争映画は完璧ではなく音楽に難がある。それでも脚本が優れていて満足度は高い。,1,高評価,映画,test
1341,会話に問題がないとは言えないが、ファンタジー映画は総合的には十分満足できる。,1,高評価,映画,train
1342,パン屋は立地は良かったが、会計が悪く、総合的には不満が残った。,0,低評価,飲食店,train
1343,評判が良かったので試した。メニューの豊富さに問題がないとは言えないが、ビュッフェは総合的には十分満足できる。,1,高評価,飲食店,train
1344,部屋の清潔さが想像より良く、空港ホテルには高評価を付けたい。,1,高評価,ホテル,train
1345,価格がとても良かったので、山の旅館をまた利用したい。,1,高評価,ホテル,train
1346,駅前ホテルは館内設備に少し不満があったが、ベッドの快適さは良く、総合的には満足している。,1,高評価,ホテル,validation
1347,期待して購入した。サスペンス映画の感情表現は悪くない。むしろ使ってみるとかなり満足できた。,1,高評価,映画,train
1348,しばらく利用した結果、朝食が想像より良く、ビジネスホテルには高評価を付けたい。,1,高評価,ホテル,train
1349,音楽アプリは起動速度が安定していて、ストレスなく使えた。,1,高評価,アプリ,train
1350,民宿は立地が安定していて、ストレスなく使えた。,1,高評価,ホテル,train
1351,カプセルホテルは最初空調が気になったが、使い続けると静かさの良さが分かり、今は満足している。,1,高評価,ホテル,train
1352,収納棚は軽さは良かったが、手触りが悪く、総合的には不満が残った。,0,低評価,EC商品,train
1353,ストーリーは魅力的だったが、演出がかなり残念で、全体としては満足できなかった。,0,低評価,映画,train
1354,ミステリー映画は値段以上の価値を感じた。特に音楽が素晴らしい。,1,高評価,映画,train
1355,ドラマ映画は期待を裏切らなかった。ラストにも不満はない。,1,高評価,映画,train
1356,評判が良かったので試した。寿司店は値段以上の価値を感じた。特にドリンクが素晴らしい。,1,高評価,飲食店,train
1357,Wi-Fiがとても良かったので、空港ホテルをまた利用したい。,1,高評価,ホテル,train
1358,動画アプリは操作性も検索精度もかなり悪かった。残念だが低評価。,0,低評価,アプリ,train
1359,何度か利用してみた。デスクは期待外れ。頑丈さと梱包のどちらも使いにくく、がっかりした。,0,低評価,EC商品,train
1360,サイズ感には満足したものの、軽さが期待外れだったのでマウスには低評価を付けたい。,0,低評価,EC商品,test
1361,タスク管理アプリを使ってみたが、検索機能が期待外れだった。,0,低評価,アプリ,train
1362,ベッドの快適さには改善してほしい部分があるが、アクセスはかなり良く、全体としては気に入った。,1,高評価,ホテル,train
1363,居酒屋は完璧ではなく温度に難がある。それでも料理の味が優れていて満足度は高い。,1,高評価,飲食店,train
1364,映像がとても良かったので、SF映画をまた利用したい。,1,高評価,映画,test
1365,ファミレスは値段に見合わない。特に店内の清潔さに問題があった。,0,低評価,飲食店,train
1366,ホテルは期待を裏切らなかった。価格にも不満はない。,1,高評価,ホテル,train
1367,温度に大きな不満はなく、ラーメン店を選んで正解だった。,1,高評価,飲食店,train
1368,一週間ほど試した。読み込み速度は少し悪かったものの、同期機能が期待以上だったので健康管理アプリには高評価を付けたい。,1,高評価,アプリ,test
1369,安定性に大きな不満はなく、決済アプリを選んで正解だった。,1,高評価,アプリ,train
1370,電源タップを使ってみたが、動作の安定性が期待以上だった。,1,高評価,EC商品,train
1371,ネジ穴の精度には満足したものの、軽さが期待外れだったのでモニターには低評価を付けたい。,0,低評価,EC商品,train
1372,使いやすさには改善してほしい部分があるが、組み立てやすさはかなり良く、全体としては気に入った。,1,高評価,EC商品,validation
1373,組み立て家具は最初接続の安定性が良いと感じたが、使い続けると説明書の問題が目立ち、評価は下がった。,0,低評価,EC商品,train
1374,雰囲気は予想以上だったが、そのほかは待ち時間が使いにくく納得できなかった。,0,低評価,飲食店,train
1375,戦争映画は会話も余韻も非常に良かった。文句なしで高評価。,1,高評価,映画,validation
1376,しばらく利用した結果、予約アプリを使ってみたが、検索機能が期待外れだった。,0,低評価,アプリ,test
1377,何度か利用してみた。料理の味が少し悪くなっているところもあったが、そのほかは温度が良く使いやすい。,1,高評価,飲食店,train
1378,軽さが全く使えないわけではないが、デスクを高く評価するほどではない。,0,低評価,EC商品,train
1379,何度か利用してみた。使いやすさが残念だったので、工具セットはもう利用したくない。,0,低評価,EC商品,test
1380,品質は魅力的だったが、手触りがかなり残念で、全体としては満足できなかった。,0,低評価,EC商品,test
1381,今回初めて利用した。地図アプリを使ってみたが、画面の見やすさが期待以上だった。,1,高評価,アプリ,train
1382,今回初めて利用した。メモアプリは値段以上の価値を感じた。特に検索機能が素晴らしい。,1,高評価,アプリ,train
1383,カフェはメニューの豊富さに少し不満があったが、ドリンクは良く、総合的には満足している。,1,高評価,飲食店,train
1384,アップデートには改善してほしい部分があるが、設定画面はかなり良く、全体としては気に入った。,1,高評価,アプリ,train
1385,品質が想像より良く、パソコンには高評価を付けたい。,1,高評価,EC商品,test
1386,期待して購入した。民宿は一見良さそうで静かさも悪くない。それでも空調がひどく、次は選ばない。,0,低評価,ホテル,train
1387,宿泊施設は一見良さそうで立地も悪くない。それでもアクセスがひどく、次は選ばない。,0,低評価,ホテル,train
1388,ファンタジー映画の脚本は良くない。期待していただけに残念だった。,0,低評価,映画,train
1389,テンポには満足したものの、アクションが期待外れだったので冒険映画には低評価を付けたい。,0,低評価,映画,train
1390,ストーリーがとても良かったので、犯罪映画をまた利用したい。,1,高評価,映画,train
1391,静かさには改善してほしい部分があるが、アクセスはかなり良く、全体としては気に入った。,1,高評価,ホテル,train
1392,チェックインのスムーズさは予想以上だったが、そのほかは防音が使いにくく不満が残った。,0,低評価,ホテル,train
1393,期待して購入した。価格に大きな不満はなく、イタリアンを選んで正解だった。,1,高評価,飲食店,train
1394,天気アプリは値段以上の価値を感じた。特にデザインが素晴らしい。,1,高評価,アプリ,train
1395,浴場には満足したものの、ベッドの快適さが期待外れだったので温泉ホテルには低評価を付けたい。,0,低評価,ホテル,train
1396,収納棚を使ってみたが、手触りが期待外れだった。,0,低評価,EC商品,train
1397,家族向け映画は期待外れ。会話とテーマのどちらも使いにくく、がっかりした。,0,低評価,映画,test
1398,一週間ほど試した。機能の分かりやすさに問題がないとは言えないが、学習アプリは総合的には十分満足できる。,1,高評価,アプリ,train
1399,検索機能は予想以上だったが、そのほかは操作性が使いにくく不満が残った。,0,低評価,アプリ,validation
1400,最初の印象では、ホテルはフロント対応も空調も非常に良かった。文句なしで高評価。,1,高評価,ホテル,test
1401,マウスは最初手触りが良いと感じたが、使い続けると品質の問題が目立ち、評価は下がった。,0,低評価,EC商品,train
1402,期待して購入した。椅子は最初手触りが良いと感じたが、使い続けるとバッテリー持ちの問題が目立ち、評価は下がった。,0,低評価,EC商品,train
1403,接続の安定性に不満があり、ヘッドホンを選んだのは失敗だった。,0,低評価,EC商品,train
1404,旅館は静かさが不安定で、かなりストレスを感じた。,0,低評価,ホテル,train
1405,実際に使ってみると、デザートに大きな不満はなく、そば屋を選んで正解だった。,1,高評価,飲食店,train
1406,海辺のホテルは値段に見合わない。特にチェックインのスムーズさに問題があった。,0,低評価,ホテル,train
1407,期待して購入した。ヘッドホンを使ってみたが、バッテリー持ちが期待外れだった。,0,低評価,EC商品,test
1408,ニュースアプリは期待外れ。デザインと読み込み速度のどちらも使いにくく、がっかりした。,0,低評価,アプリ,test
1409,実際に使ってみると、操作感が想像より良く、イヤホンには高評価を付けたい。,1,高評価,EC商品,train
1410,動作速度が想像より悪く、メモアプリには低評価を付けたい。,0,低評価,アプリ,train
1411,一週間ほど試した。ニュースアプリは完璧ではなく検索機能に難がある。それでもバッテリー消費が優れていて満足度は高い。,1,高評価,アプリ,train
1412,キャラクターは決して悪くなく、ファンタジー映画を選んで良かったと思う。,1,高評価,映画,train
1413,予約アプリは画面の見やすさに少し不満があったが、デザインは良く、総合的には満足している。,1,高評価,アプリ,train
1414,何度か利用してみた。カプセルホテルを使ってみたが、部屋の広さが期待外れだった。,0,低評価,ホテル,train
1415,フロント対応が少し悪くなっているところもあったが、そのほかは清掃が良く使いやすい。,1,高評価,ホテル,train
1416,評判が良かったので試した。ストーリーは決して良いとは言えず、SF映画には不満が残った。,0,低評価,映画,validation
1417,館内設備は予想以上だったが、そのほかは防音が使いにくくかなり残念だった。,0,低評価,ホテル,validation
1418,しばらく利用した結果、スマートフォンは操作感が良く、かなり満足している。,1,高評価,EC商品,train
1419,期待して購入した。バッグは最初組み立てやすさが良いと感じたが、使い続けるとバッテリー持ちの問題が目立ち、評価は下がった。,0,低評価,EC商品,test
1420,ゲストハウスは防音が良く、かなり満足している。,1,高評価,ホテル,train
1421,イタリアンは最初接客が良いと感じたが、使い続けると店内の清潔さの問題が目立ち、評価は下がった。,0,低評価,飲食店,test
1422,レビューを見て選んだが、梱包は決して良いとは言えず、充電器には不満が残った。,0,低評価,EC商品,validation
1423,充電器は組み立てやすさが不安定で、かなりストレスを感じた。,0,低評価,EC商品,train
1424,今回初めて利用した。カプセルホテルは期待以上。清掃と館内設備のどちらも使いやすく、とても気に入った。,1,高評価,ホテル,train
1425,ホテルはWi-Fiが不安定で、かなりストレスを感じた。,0,低評価,ホテル,validation
1426,今回初めて利用した。アメニティに不満があり、ビジネスホテルを選んだのは失敗だった。,0,低評価,ホテル,train
1427,実際に使ってみると、ヘッドホンは梱包が不安定で、かなりストレスを感じた。,0,低評価,EC商品,train
1428,バッテリー持ちがとても良かったので、収納棚をまた利用したい。,1,高評価,EC商品,train
1429,頑丈さには改善してほしい部分があるが、耐久性はかなり良く、全体としては気に入った。,1,高評価,EC商品,train
1430,バッテリー消費に不満があり、タスク管理アプリを選んだのは失敗だった。,0,低評価,アプリ,train
1431,ケーブルは期待に応えてくれなかった。使いやすさにも満足できない。,0,低評価,EC商品,train
1432,しばらく利用した結果、マウスを使ってみたが、操作感が期待以上だった。,1,高評価,EC商品,train
1433,健康管理アプリはバッテリー消費が安定していて、ストレスなく使えた。,1,高評価,アプリ,train
1434,恋愛映画は脚本は良かったが、世界観が悪く、総合的には不満が残った。,0,低評価,映画,train
1435,レスポンスには満足したものの、広告の少なさが期待外れだったので天気アプリには低評価を付けたい。,0,低評価,アプリ,validation
1436,音質に問題があり、さらに品質にも不満がある。椅子はもう選ばない。,0,低評価,EC商品,validation
1437,ドラマ映画は余韻に少し不満があったが、会話は良く、総合的には気に入っている。,1,高評価,映画,train
1438,天気アプリの検索機能は良くない。期待していただけに残念だった。,0,低評価,アプリ,train
1439,モニターは軽さに少し不満があったが、品質は良く、総合的には十分満足している。,1,高評価,EC商品,train
1440,キャラクターが素晴らしく、さらに余韻にも満足した。ドラマ映画をまた選びたい。,1,高評価,映画,train
1441,洋食店は一見良さそうで店内の清潔さも悪くない。それでも会計がひどく、次は選ばない。,0,低評価,飲食店,train
1442,学習アプリは期待を裏切らなかった。機能の分かりやすさにも不満はない。,1,高評価,アプリ,train
1443,中華料理店は高くないわけではないが、会計を考えると納得できる。,1,高評価,飲食店,train
1444,雰囲気に大きな不満はなく、ケーキ店を選んで正解だった。,1,高評価,飲食店,train
1445,注文のしやすさが素晴らしく、さらに提供の早さにも満足した。回転寿司をまた選びたい。,1,高評価,飲食店,train
1446,旅館は防音が安定していて、ストレスなく使えた。,1,高評価,ホテル,train
1447,うどん店を使ってみたが、会計が期待外れだった。,0,低評価,飲食店,train
1448,駅前ホテルは値段に見合わない。特に朝食に問題があった。,0,低評価,ホテル,train
1449,ヘッドホンは品質が良く、かなり満足している。,1,高評価,EC商品,train
1450,予約アプリは一見良さそうで広告の少なさも悪くない。それでも入力のしやすさがひどく、次は選ばない。,0,低評価,アプリ,train
1451,テンポが想像より良く、ドキュメンタリー映画には高評価を付けたい。,1,高評価,映画,train
1452,SNSアプリは期待以上。使い勝手と機能の分かりやすさのどちらも使いやすく、とても気に入った。,1,高評価,アプリ,train
1453,通知機能が悪くないというレビューもあったが、自分にはSNSアプリは合わなかった。,0,低評価,アプリ,train
1454,迫力に問題があり、さらにテンポにも不満がある。歴史映画はもう選ばない。,0,低評価,映画,train
1455,ケーブルは完璧ではなく梱包に難がある。それでも反応速度が優れていて満足度は高い。,1,高評価,EC商品,train
1456,空港ホテルは期待以上。ベッドの快適さと空調のどちらも使いやすく、とても気に入った。,1,高評価,ホテル,test
1457,余韻が少し悪くなっているところもあったが、そのほかはキャラクターが良く使いやすい。,1,高評価,映画,train
1458,音楽が良くないというレビューもあったが、自分はファンタジー映画に満足している。,1,高評価,映画,train
1459,何度か利用してみた。宿泊施設は最初眺めが良いと感じたが、使い続けると価格の問題が目立ち、評価は下がった。,0,低評価,ホテル,train
1460,説明書は予想以上だったが、そのほかはネジ穴の精度が使いにくくかなり残念だった。,0,低評価,EC商品,train
1461,世界観が残念だったので、短編映画はもう利用したくない。,0,低評価,映画,validation
1462,格安ホテルを使ってみたが、浴場が期待外れだった。,0,低評価,ホテル,test
1463,決済アプリは一見良さそうで画面の見やすさも悪くない。それでも使い勝手がひどく、次は選ばない。,0,低評価,アプリ,train
1464,同期機能が良くないというレビューもあったが、自分は予約アプリに満足している。,1,高評価,アプリ,train
1465,浴場が想像より良く、ゲストハウスには高評価を付けたい。,1,高評価,ホテル,validation
1466,評判が良かったので試した。ゲストハウスはWi-Fiに良い点もあった。しかし空調に問題があり、結果的にはおすすめしにくい。,0,低評価,ホテル,train
1467,検索機能がとても良かったので、翻訳アプリをまた利用したい。,1,高評価,アプリ,train
1468,モニターは安くないのに、組み立てやすさがこの程度では納得できない。,0,低評価,EC商品,train
1469,ステーキ店は提供の早さが良く、かなり満足している。,1,高評価,飲食店,train
1470,ホラー映画は映像は良かったが、演出が悪く、総合的には不満が残った。,0,低評価,映画,train
1471,SNSアプリは期待以上。バッテリー消費と読み込み速度のどちらも使いやすく、とても気に入った。,1,高評価,アプリ,train
1472,SNSアプリは完璧ではなく同期機能に難がある。それでも使い勝手が優れていて満足度は高い。,1,高評価,アプリ,train
1473,評判が良かったので試した。定食屋は最初接客が良いと感じたが、使い続けると待ち時間の問題が目立ち、評価は下がった。,0,低評価,飲食店,train
1474,ゲームアプリは動作速度に良い点もあった。しかし画面の見やすさに問題があり、結果的にはおすすめしにくい。,0,低評価,アプリ,train
1475,実際に使ってみると、短編映画はテンポも余韻も非常に良かった。文句なしで高評価。,1,高評価,映画,train
1476,ゲストハウスは期待を裏切らなかった。アクセスにも不満はない。,1,高評価,ホテル,test
1477,評判が良かったので試した。ファミレスを使ってみたが、スタッフの対応が期待外れだった。,0,低評価,飲食店,test
1478,何度か利用してみた。写真アプリは値段以上の価値を感じた。特に検索精度が素晴らしい。,1,高評価,アプリ,validation
1479,食材の新鮮さに大きな不満はなく、そば屋を選んで正解だった。,1,高評価,飲食店,test
1480,スマートフォンは操作感も反応速度も非常に良かった。文句なしで高評価。,1,高評価,EC商品,validation
1481,アクション映画は最初伏線が良いと感じたが、使い続けると演出の問題が目立ち、評価は下がった。,0,低評価,映画,train
1482,梱包は少し悪かったものの、軽さが期待以上だったのでイヤホンには高評価を付けたい。,1,高評価,EC商品,train
1483,そば屋は期待以上。ボリュームと接客のどちらも使いやすく、とても気に入った。,1,高評価,飲食店,train
1484,しばらく利用した結果、バッテリー消費は少し悪かったものの、検索精度が期待以上だったので天気アプリには高評価を付けたい。,1,高評価,アプリ,train
1485,パソコンは使いやすさが安定していて、ストレスなく使えた。,1,高評価,EC商品,train
1486,レビューを見て選んだが、清掃が少し悪くなっているところもあったが、そのほかはチェックインのスムーズさが良く使いやすい。,1,高評価,ホテル,validation
1487,動作速度が良くないというレビューもあったが、自分は健康管理アプリに高く評価している。,1,高評価,アプリ,train
1488,タスク管理アプリは広告の少なさが安定していて、ストレスなく使えた。,1,高評価,アプリ,validation
1489,レビューを見て選んだが、バッグは組み立てやすさが悪く、かなり不満が残った。,0,低評価,EC商品,train
1490,脚本が少し悪くなっているところもあったが、そのほかは会話が良く使いやすい。,1,高評価,映画,test
1491,伏線は少し悪かったものの、世界観が期待以上だったので恋愛映画には高評価を付けたい。,1,高評価,映画,train
1492,民宿は最初浴場が良いと感じたが、使い続けると部屋の清潔さの問題が目立ち、評価は下がった。,0,低評価,ホテル,train
1493,学習アプリは起動速度は良かったが、ログインが悪く、総合的には不満が残った。,0,低評価,アプリ,train
1494,水筒は値段以上の価値を感じた。特にネジ穴の精度が素晴らしい。,1,高評価,EC商品,train
1495,最初の印象では、観光ホテルはチェックアウトが不安定で、かなりストレスを感じた。,0,低評価,ホテル,test
1496,実際に使ってみると、掃除機は期待外れ。軽さとネジ穴の精度のどちらも使いにくく、がっかりした。,0,低評価,EC商品,train
1497,恋愛映画は映像美で気になる点もあった。しかし演出が良く、結果的には買って良かった。,1,高評価,映画,train
1498,旅館を使ってみたが、Wi-Fiが期待外れだった。,0,低評価,ホテル,validation
1499,バッテリー消費には改善してほしい部分があるが、レスポンスはかなり良く、全体としては気に入った。,1,高評価,アプリ,train
1500,パン屋は会計もスタッフの対応もかなり悪かった。残念だが低評価。,0,低評価,飲食店,train
1501,短編映画は期待外れ。アクションと演出のどちらも使いにくく、がっかりした。,0,低評価,映画,validation
1502,しばらく利用した結果、眺めが少し悪くなっているところもあったが、そのほかは部屋の清潔さが良く使いやすい。,1,高評価,ホテル,train
1503,家計簿アプリは操作性が良く、かなり満足している。,1,高評価,アプリ,train
1504,写真アプリはレスポンスが不安定で、かなりストレスを感じた。,0,低評価,アプリ,train
1505,一週間ほど試した。モニターは静音性に良い点もあった。しかし説明書に問題があり、結果的にはおすすめしにくい。,0,低評価,EC商品,test
1506,会話が全く使えないわけではないが、アニメ映画を高く評価するほどではない。,0,低評価,映画,train
1507,期待して購入した。キャラクターが想像より悪く、アクション映画には低評価を付けたい。,0,低評価,映画,train
1508,コストパフォーマンスに大きな不満はなく、電源タップを選んで正解だった。,1,高評価,EC商品,validation
1509,パソコンの組み立てやすさは悪くない。むしろ使ってみるとかなり満足できた。,1,高評価,EC商品,train
1510,サイズ感が少し悪くなっているところもあったが、そのほかは組み立てやすさが良く使いやすい。,1,高評価,EC商品,train
1511,温泉旅館は空調に良い点もあった。しかし館内設備に問題があり、結果的にはおすすめしにくい。,0,低評価,ホテル,train
1512,山の旅館は完璧ではなくアクセスに難がある。それでも眺めが優れていて満足度は高い。,1,高評価,ホテル,train
1513,期待して購入した。会話が残念だったので、戦争映画はもう利用したくない。,0,低評価,映画,train
1514,頑丈さには満足したものの、組み立てやすさが期待外れだったので充電器には低評価を付けたい。,0,低評価,EC商品,train
1515,フロント対応が想像より悪く、駅前ホテルには低評価を付けたい。,0,低評価,ホテル,train
1516,温泉ホテルはチェックインのスムーズさが良く、かなり満足している。,1,高評価,ホテル,validation
1517,バッテリー消費は少し悪かったものの、機能の分かりやすさが期待以上だったのでニュースアプリには高評価を付けたい。,1,高評価,アプリ,train
1518,チャットアプリは最初使い勝手が良いと感じたが、使い続けると機能の分かりやすさの問題が目立ち、評価は下がった。,0,低評価,アプリ,test
1519,しばらく利用した結果、喫茶店を使ってみたが、料理の味が期待外れだった。,0,低評価,飲食店,train
1520,雰囲気が残念だったので、そば屋はもう利用したくない。,0,低評価,飲食店,train
1521,ドラマ映画は安くないのに、演出がこの程度では納得できない。,0,低評価,映画,validation
1522,カレー店はボリュームが安定していて、ストレスなく使えた。,1,高評価,飲食店,train
1523,しばらく利用した結果、高級ホテルはアメニティが不安定で、かなりストレスを感じた。,0,低評価,ホテル,train
1524,SNSアプリは設定画面が不安定で、かなりストレスを感じた。,0,低評価,アプリ,validation
1525,チェックアウトがとても良かったので、空港ホテルをまた利用したい。,1,高評価,ホテル,train
1526,音楽は魅力的だったが、ラストがかなり残念で、全体としては満足できなかった。,0,低評価,映画,train
1527,期待して購入した。アクション映画は最初音楽が気になったが、使い続けると世界観の良さが分かり、今は満足している。,1,高評価,映画,train
1528,評判が良かったので試した。アクション映画は迫力が悪く、かなり不満が残った。,0,低評価,映画,train
1529,映像に大きな不満はなく、ドキュメンタリー映画を選んで正解だった。,1,高評価,映画,validation
1530,何度か利用してみた。立地は決して悪くなく、高級ホテルを選んで良かったと思う。,1,高評価,ホテル,train
1531,青春映画は高くないわけではないが、キャラクターを考えると納得できる。,1,高評価,映画,train
1532,ヘッドホンは梱包が不安定で、かなりストレスを感じた。,0,低評価,EC商品,train
1533,香りには満足したものの、立地が期待外れだったのでラーメン店には低評価を付けたい。,0,低評価,飲食店,test
1534,宿泊施設は値段以上の価値を感じた。特に清掃が素晴らしい。,1,高評価,ホテル,train
1535,何度か利用してみた。翻訳アプリは入力のしやすさが安定していて、ストレスなく使えた。,1,高評価,アプリ,train
1536,ベッドの快適さは魅力的だったが、アメニティがかなり残念で、全体としては満足できなかった。,0,低評価,ホテル,train
1537,しばらく利用した結果、中華料理店は完璧ではなくドリンクに難がある。それでも立地が優れていて満足度は高い。,1,高評価,飲食店,train
1538,定食屋はデザートは良かったが、接客が悪く、総合的には不満が残った。,0,低評価,飲食店,train
1539,しばらく利用した結果、タスク管理アプリは一見良さそうでレスポンスも悪くない。それでもログインがひどく、次は選ばない。,0,低評価,アプリ,validation
1540,何度か利用してみた。機能の分かりやすさには満足したものの、検索機能が期待外れだったのでタスク管理アプリには低評価を付けたい。,0,低評価,アプリ,validation
1541,カプセルホテルを使ってみたが、眺めが期待以上だった。,1,高評価,ホテル,train
1542,席の広さは少し悪かったものの、盛り付けが期待以上だったのでビュッフェには高評価を付けたい。,1,高評価,飲食店,validation
1543,アップデートが全く使えないわけではないが、カレンダーアプリを高く評価するほどではない。,0,低評価,アプリ,train
1544,戦争映画は余韻が不安定で、かなりストレスを感じた。,0,低評価,映画,train
1545,香りは少し悪かったものの、雰囲気が期待以上だったのでケーキ店には高評価を付けたい。,1,高評価,飲食店,train
1546,うどん店は香りが良く、かなり満足している。,1,高評価,飲食店,train
1547,今回初めて利用した。リゾートホテルは完璧ではなく朝食に難がある。それでも空調が優れていて満足度は高い。,1,高評価,ホテル,train
1548,評判が良かったので試した。声優は魅力的だったが、演出がかなり残念で、全体としては満足できなかった。,0,低評価,映画,train
1549,ログインが残念だったので、写真アプリはもう利用したくない。,0,低評価,アプリ,train
1550,最初の印象では、組み立て家具は手触りが良く、かなり満足している。,1,高評価,EC商品,test
1551,アニメ映画は構成が良く、かなり満足している。,1,高評価,映画,test
1552,デスクは値段以上の価値を感じた。特に音質が素晴らしい。,1,高評価,EC商品,train
1553,マウスは反応速度に少し不満があったが、デザインは良く、総合的には気に入っている。,1,高評価,EC商品,train
1554,高級ホテルは部屋の広さに少し不満があったが、部屋の清潔さは良く、総合的には満足している。,1,高評価,ホテル,train
1555,スピーカーはネジ穴の精度も梱包も非常に良かった。文句なしで高評価。,1,高評価,EC商品,train
1556,地図アプリは完璧ではなく機能の分かりやすさに難がある。それでも設定画面が優れていて満足度は高い。,1,高評価,アプリ,validation
1557,梱包が残念だったので、タブレットはもう利用したくない。,0,低評価,EC商品,train
1558,チェックアウトに不満があり、旅館を選んだのは失敗だった。,0,低評価,ホテル,train
1559,何度か利用してみた。洋食店は高くないわけではないが、雰囲気を考えると納得できる。,1,高評価,飲食店,train
1560,ログインに大きな不満はなく、予約アプリを選んで正解だった。,1,高評価,アプリ,train
1561,レビューを見て選んだが、タスク管理アプリは期待以上。使い勝手と安定性のどちらも使いやすく、とても気に入った。,1,高評価,アプリ,train
1562,レビューを見て選んだが、ファンタジー映画はラストが良く、かなり満足している。,1,高評価,映画,test
1563,一週間ほど試した。ヘッドホンは期待に応えてくれなかった。ネジ穴の精度にも満足できない。,0,低評価,EC商品,train
1564,イヤホンは期待を裏切らなかった。品質にも不満はない。,1,高評価,EC商品,train
1565,アニメ映画は映像も迫力もかなり悪かった。残念だが低評価。,0,低評価,映画,test
1566,起動速度は少し悪かったものの、ログインが期待以上だったのでメモアプリには高評価を付けたい。,1,高評価,アプリ,test
1567,回転寿司は完璧ではなくメニューの豊富さに難がある。それでも店内の清潔さが優れていて満足度は高い。,1,高評価,飲食店,train
1568,歴史映画の映像は悪くない。むしろ使ってみるとかなり満足できた。,1,高評価,映画,train
1569,今回初めて利用した。ビジネスホテルはアメニティで気になる点もあった。しかしベッドの快適さが良く、結果的には買って良かった。,1,高評価,ホテル,test
1570,世界観が全く使えないわけではないが、アクション映画を高く評価するほどではない。,0,低評価,映画,train
1571,最初の印象では、天気アプリを使ってみたが、画面の見やすさが期待以上だった。,1,高評価,アプリ,train
1572,今回初めて利用した。ストーリーがとても良かったので、冒険映画をまた利用したい。,1,高評価,映画,train
1573,観光ホテルは一見良さそうでスタッフの対応も悪くない。それでもアクセスがひどく、次は選ばない。,0,低評価,ホテル,test
1574,短編映画は一見良さそうでテーマも悪くない。それでもラストがひどく、次は選ばない。,0,低評価,映画,train
1575,スピーカーは音質が悪く、かなり不満が残った。,0,低評価,EC商品,train
1576,キーボードは梱包に少し不満があったが、サイズ感は良く、総合的には満足している。,1,高評価,EC商品,train
1577,読み込み速度が良くないというレビューもあったが、自分はチャットアプリに満足している。,1,高評価,アプリ,train
1578,期待して購入した。歴史映画はテンポが良く、かなり満足している。,1,高評価,映画,train
1579,ゲストハウスは清掃は良かったが、眺めが悪く、総合的には不満が残った。,0,低評価,ホテル,train
1580,マウスの操作感は良くない。期待していただけに残念だった。,0,低評価,EC商品,train
1581,機能の分かりやすさが全く使えないわけではないが、ナビアプリを高く評価するほどではない。,0,低評価,アプリ,train
1582,検索機能が残念だったので、音楽アプリはもう利用したくない。,0,低評価,アプリ,train
1583,何度か利用してみた。イタリアンは食材の新鮮さに良い点もあった。しかしデザートに問題があり、結果的にはおすすめしにくい。,0,低評価,飲食店,train
1584,梱包は決して良いとは言えず、キーボードには不満が残った。,0,低評価,EC商品,train
1585,実際に使ってみると、操作感が残念だったので、マウスはもう利用したくない。,0,低評価,EC商品,train
1586,期待して購入した。同期機能には改善してほしい部分があるが、設定画面はかなり良く、全体としては気に入った。,1,高評価,アプリ,train
1587,注文のしやすさに不満があり、回転寿司を選んだのは失敗だった。,0,低評価,飲食店,train
1588,山の旅館は一見良さそうで立地も悪くない。それでも静かさがひどく、次は選ばない。,0,低評価,ホテル,validation
1589,今回初めて利用した。健康管理アプリは値段に見合わない。特にログインに問題があった。,0,低評価,アプリ,validation
1590,音楽アプリを使ってみたが、バッテリー消費が期待以上だった。,1,高評価,アプリ,validation
1591,バッテリー消費が残念だったので、地図アプリはもう利用したくない。,0,低評価,アプリ,train
1592,高級ホテルは期待を裏切らなかった。館内設備にも不満はない。,1,高評価,ホテル,train
1593,一週間ほど試した。チェックアウトがとても良かったので、民宿をまた利用したい。,1,高評価,ホテル,train
1594,期待して購入した。温泉ホテルはチェックインのスムーズさも浴場も非常に良かった。文句なしで高評価。,1,高評価,ホテル,train
1595,評判が良かったので試した。部屋の清潔さは魅力的だったが、フロント対応がかなり残念で、全体としては満足できなかった。,0,低評価,ホテル,train
1596,冒険映画は余韻もキャラクターも非常に良かった。文句なしで高評価。,1,高評価,映画,train
1597,スピーカーは最初説明書が気になったが、使い続けると音質の良さが分かり、今は満足している。,1,高評価,EC商品,test
1598,一週間ほど試した。アクションに不満があり、アクション映画を選んだのは失敗だった。,0,低評価,映画,train
1599,格安ホテルは部屋の清潔さも静かさも非常に良かった。文句なしで高評価。,1,高評価,ホテル,train
1600,しばらく利用した結果、タブレットはサイズ感も接続の安定性もかなり悪かった。残念だが低評価。,0,低評価,EC商品,train
1601,SF映画は脚本も迫力も非常に良かった。文句なしで高評価。,1,高評価,映画,train
1602,接客は予想以上だったが、そのほかは注文のしやすさが使いにくく不満が残った。,0,低評価,飲食店,validation
1603,一週間ほど試した。収納棚を使ってみたが、操作感が期待外れだった。,0,低評価,EC商品,train
1604,レビューを見て選んだが、アニメ映画は最初ストーリーが気になったが、使い続けると脚本の良さが分かり、今は満足している。,1,高評価,映画,train
1605,香りが想像より悪く、イタリアンには低評価を付けたい。,0,低評価,飲食店,train
1606,何度か利用してみた。天気アプリは動作速度に少し不満があったが、設定画面は良く、総合的には満足している。,1,高評価,アプリ,test
1607,期待して購入した。ゲストハウスは最初チェックアウトが良いと感じたが、使い続けると静かさの問題が目立ち、評価は下がった。,0,低評価,ホテル,test
1608,眺めがとても良かったので、海辺のホテルをまた利用したい。,1,高評価,ホテル,train
1609,期待して購入した。ケーキ店は料理の味は良かったが、接客が悪く、総合的には不満が残った。,0,低評価,飲食店,train
1610,SNSアプリを使ってみたが、同期機能が期待以上だった。,1,高評価,アプリ,train
1611,評判が良かったので試した。戦争映画は迫力は良かったが、アクションが悪く、総合的には不満が残った。,0,低評価,映画,train
1612,読み込み速度が想像より良く、翻訳アプリには高評価を付けたい。,1,高評価,アプリ,train
1613,実際に使ってみると、ケーブルの説明書は悪くない。むしろ使ってみるとかなり満足できた。,1,高評価,EC商品,train
1614,山の旅館は立地が不安定で、かなりストレスを感じた。,0,低評価,ホテル,train
1615,ファンタジー映画は最初テンポが気になったが、使い続けると伏線の良さが分かり、今は気に入っている。,1,高評価,映画,train
1616,注文のしやすさが想像より悪く、イタリアンには低評価を付けたい。,0,低評価,飲食店,train
1617,カプセルホテルは部屋の広さが不安定で、かなりストレスを感じた。,0,低評価,ホテル,train
1618,梱包に問題がないとは言えないが、スピーカーは総合的には十分満足できる。,1,高評価,EC商品,test
1619,ハンバーガー店は盛り付けに少し不満があったが、香りは良く、総合的には満足している。,1,高評価,飲食店,train
1620,最初の印象では、ミステリー映画はテーマが安定していて、ストレスなく使えた。,1,高評価,映画,test
1621,安定性は魅力的だったが、同期機能がかなり残念で、全体としては満足できなかった。,0,低評価,アプリ,train
1622,デザートが残念だったので、そば屋はもう利用したくない。,0,低評価,飲食店,validation
1623,シティホテルは完璧ではなくベッドの快適さに難がある。それでも空調が優れていて満足度は高い。,1,高評価,ホテル,train
1624,フロント対応が良くないというレビューもあったが、自分は高級ホテルに満足している。,1,高評価,ホテル,train
1625,館内設備に問題がないとは言えないが、ホテルは総合的には十分満足できる。,1,高評価,ホテル,train
1626,一週間ほど試した。注文のしやすさには満足したものの、スタッフの対応が期待外れだったのでカフェには低評価を付けたい。,0,低評価,飲食店,train
1627,ビュッフェは期待外れ。雰囲気と会計のどちらも使いにくく、がっかりした。,0,低評価,飲食店,train
1628,部屋の清潔さが想像より悪く、温泉ホテルには低評価を付けたい。,0,低評価,ホテル,train
1629,寿司店を使ってみたが、スタッフの対応が期待外れだった。,0,低評価,飲食店,train
1630,静音性は魅力的だったが、組み立てやすさがかなり残念で、全体としては満足できなかった。,0,低評価,EC商品,train
1631,しばらく利用した結果、タブレットは使いやすさも軽さも非常に良かった。文句なしで高評価。,1,高評価,EC商品,train
1632,しばらく利用した結果、格安ホテルは値段に見合わない。特に価格に問題があった。,0,低評価,ホテル,train
1633,ニュースアプリは完璧ではなく検索機能に難がある。それでも検索精度が優れていて満足度は高い。,1,高評価,アプリ,train
1634,観光ホテルは値段に見合わない。特にチェックインのスムーズさに問題があった。,0,低評価,ホテル,test
1635,今回初めて利用した。駅前ホテルはスタッフの対応が安定していて、ストレスなく使えた。,1,高評価,ホテル,train
1636,ミステリー映画はテンポが不安定で、かなりストレスを感じた。,0,低評価,映画,validation
1637,天気アプリは安くないのに、ログインがこの程度では納得できない。,0,低評価,アプリ,train
1638,静音性は予想以上だったが、そのほかはデザインが使いにくく不満が残った。,0,低評価,EC商品,validation
1639,海辺のホテルは防音が良く、かなり高く評価している。,1,高評価,ホテル,train
1640,一週間ほど試した。ネジ穴の精度は少し悪かったものの、手触りが期待以上だったのでスマートフォンには高評価を付けたい。,1,高評価,EC商品,validation
1641,青春映画は期待に応えてくれなかった。声優にも満足できない。,0,低評価,映画,train
1642,キーボードは値段に見合わない。特にコストパフォーマンスに問題があった。,0,低評価,EC商品,train
1643,実際に使ってみると、ベッドの快適さが想像より良く、山の旅館には高評価を付けたい。,1,高評価,ホテル,train
1644,読書アプリは高くないわけではないが、バッテリー消費を考えると納得できる。,1,高評価,アプリ,train
1645,翻訳アプリを使ってみたが、設定画面が期待外れだった。,0,低評価,アプリ,train
1646,レビューを見て選んだが、反応速度は決して良いとは言えず、工具セットには不満が残った。,0,低評価,EC商品,train
1647,サイズ感が良くないというレビューもあったが、自分はパソコンに満足している。,1,高評価,EC商品,train
1648,静音性がとても良かったので、電源タップをまた利用したい。,1,高評価,EC商品,validation
1649,検索精度が少し悪くなっているところもあったが、そのほかは安定性が良く使いやすい。,1,高評価,アプリ,train
1650,期待して購入した。音楽に大きな不満はなく、スポーツ映画を選んで正解だった。,1,高評価,映画,train
1651,一週間ほど試した。ファンタジー映画は映像美で気になる点もあった。しかし脚本が良く、結果的には買って良かった。,1,高評価,映画,train
1652,実際に使ってみると、チェックインのスムーズさに大きな不満はなく、旅館を選んで正解だった。,1,高評価,ホテル,train
1653,店内の清潔さが素晴らしく、さらに接客にも満足した。カフェをまた選びたい。,1,高評価,飲食店,train
1654,テーマが素晴らしく、さらに余韻にも満足した。短編映画をまた選びたい。,1,高評価,映画,train
1655,焼肉店は値段以上の価値を感じた。特に会計が素晴らしい。,1,高評価,飲食店,train
1656,しばらく利用した結果、カレー店を使ってみたが、メニューの豊富さが期待外れだった。,0,低評価,飲食店,train
1657,何度か利用してみた。操作感には満足したものの、耐久性が期待外れだったので充電器には低評価を付けたい。,0,低評価,EC商品,validation
1658,充電器を使ってみたが、頑丈さが期待外れだった。,0,低評価,EC商品,train
1659,ケーキ店は値段以上の価値を感じた。特に立地が素晴らしい。,1,高評価,飲食店,train
1660,レビューを見て選んだが、学習アプリは起動速度に少し不満があったが、バッテリー消費は良く、総合的には満足している。,1,高評価,アプリ,validation
1661,リゾートホテルは眺めが良く、かなり満足している。,1,高評価,ホテル,test
1662,しばらく利用した結果、リゾートは値段に見合わない。特にアメニティに問題があった。,0,低評価,ホテル,train
1663,カレンダーアプリは期待を裏切らなかった。画面の見やすさにも不満はない。,1,高評価,アプリ,train
1664,しばらく利用した結果、格安ホテルは最初Wi-Fiが気になったが、使い続けると価格の良さが分かり、今は満足している。,1,高評価,ホテル,train
1665,ケーキ店のドリンクは悪くない。むしろ使ってみるとかなり満足できた。,1,高評価,飲食店,validation
1666,何度か利用してみた。戦争映画を使ってみたが、余韻が期待以上だった。,1,高評価,映画,train
1667,しばらく利用した結果、ビジネスホテルは期待に応えてくれなかった。スタッフの対応にも満足できない。,0,低評価,ホテル,train
1668,ステーキ店は雰囲気に良い点もあった。しかし立地に問題があり、結果的にはおすすめしにくい。,0,低評価,飲食店,test
1669,評判が良かったので試した。演技は少し悪かったものの、映像が期待以上だったので犯罪映画には高評価を付けたい。,1,高評価,映画,train
1670,スピーカーは最初梱包が良いと感じたが、使い続けると頑丈さの問題が目立ち、評価は下がった。,0,低評価,EC商品,train
1671,家計簿アプリは値段に見合わない。特にレスポンスに問題があった。,0,低評価,アプリ,train
1672,実際に使ってみると、ゲストハウスは部屋の広さに少し不満があったが、静かさは良く、総合的には満足している。,1,高評価,ホテル,train
1673,最初の印象では、海辺のホテルは浴場が安定していて、ストレスなく使えた。,1,高評価,ホテル,validation
1674,回転寿司は香りが不安定で、かなりストレスを感じた。,0,低評価,飲食店,train
1675,ハンバーガー店はメニューの豊富さも提供の早さもかなり悪かった。残念だが低評価。,0,低評価,飲食店,train
1676,家計簿アプリは画面の見やすさも読み込み速度も非常に良かった。文句なしで高評価。,1,高評価,アプリ,test
1677,ログインには満足したものの、アップデートが期待外れだったので健康管理アプリには低評価を付けたい。,0,低評価,アプリ,train
1678,中華料理店はボリュームは良かったが、注文のしやすさが悪く、総合的には納得できなかった。,0,低評価,飲食店,train
1679,実際に使ってみると、演出には改善してほしい部分があるが、ラストはかなり良く、全体としては気に入った。,1,高評価,映画,train
1680,評判が良かったので試した。音楽は決して良いとは言えず、ドラマ映画には納得できなかった。,0,低評価,映画,train
1681,しばらく利用した結果、温度がとても良かったので、焼肉店をまた利用したい。,1,高評価,飲食店,train
1682,マウスは動作の安定性は良かったが、反応速度が悪く、総合的には不満が残った。,0,低評価,EC商品,train
1683,定食屋は期待以上。香りと料理の味のどちらも使いやすく、とても気に入った。,1,高評価,飲食店,train
1684,レビューを見て選んだが、音楽に不満があり、スポーツ映画を選んだのは失敗だった。,0,低評価,映画,train
1685,評判が良かったので試した。戦争映画は映像が良く、かなり満足している。,1,高評価,映画,train
1686,立地が素晴らしく、さらに静かさにも満足した。ホテルをまた選びたい。,1,高評価,ホテル,train
1687,食材の新鮮さに問題があり、さらに温度にも不満がある。寿司店はもう選ばない。,0,低評価,飲食店,test
1688,耐久性は少し悪かったものの、デザインが期待以上だったのでキーボードには高評価を付けたい。,1,高評価,EC商品,train
1689,しばらく利用した結果、ストーリーが少し悪くなっているところもあったが、そのほかは迫力が良く使いやすい。,1,高評価,映画,train
1690,キャラクターが少し悪くなっているところもあったが、そのほかはアクションが良く使いやすい。,1,高評価,映画,train
1691,バッグは反応速度もサイズ感もかなり悪かった。残念だが低評価。,0,低評価,EC商品,train
1692,レビューを見て選んだが、スピーカーは品質もネジ穴の精度もかなり悪かった。残念だが低評価。,0,低評価,EC商品,train
1693,ステーキ店はドリンクが不安定で、かなりストレスを感じた。,0,低評価,飲食店,test
1694,天気アプリは最初入力のしやすさが良いと感じたが、使い続けると画面の見やすさの問題が目立ち、評価は下がった。,0,低評価,アプリ,train
1695,何度か利用してみた。検索機能に大きな不満はなく、天気アプリを選んで正解だった。,1,高評価,アプリ,train
1696,Wi-Fiは決して良いとは言えず、カプセルホテルには満足できなかった。,0,低評価,ホテル,train
1697,実際に使ってみると、旅館を使ってみたが、立地が期待外れだった。,0,低評価,ホテル,train
1698,しばらく利用した結果、頑丈さが素晴らしく、さらにネジ穴の精度にも満足した。キーボードをまた選びたい。,1,高評価,EC商品,train
1699,カレンダーアプリは検索機能が悪く、かなり不満が残った。,0,低評価,アプリ,train
1700,脚本に問題がないとは言えないが、ドラマ映画は総合的には十分満足できる。,1,高評価,映画,train
1701,海辺のホテルを使ってみたが、Wi-Fiが期待以上だった。,1,高評価,ホテル,train
1702,アニメ映画は最初感情表現が良いと感じたが、使い続けると映像の問題が目立ち、評価は下がった。,0,低評価,映画,train
1703,何度か利用してみた。メモアプリは通知機能が悪く、かなり不満が残った。,0,低評価,アプリ,train
1704,焼肉店の香りは悪くない。むしろ使ってみるとかなり満足できた。,1,高評価,飲食店,train
1705,接客が悪くないというレビューもあったが、自分にはパン屋は合わなかった。,0,低評価,飲食店,validation
1706,戦争映画は会話で気になる点もあった。しかしキャラクターが良く、結果的には買って良かった。,1,高評価,映画,train
1707,レビューを見て選んだが、旅館は静かさは良かったが、空調が悪く、総合的には不満が残った。,0,低評価,ホテル,train
1708,評判が良かったので試した。中華料理店を使ってみたが、立地が期待外れだった。,0,低評価,飲食店,train
1709,家計簿アプリは高くないわけではないが、安定性を考えると納得できる。,1,高評価,アプリ,train
1710,しばらく利用した結果、梱包が全く使えないわけではないが、デスクを高く評価するほどではない。,0,低評価,EC商品,train
1711,最初の印象では、動作速度が残念だったので、メモアプリはもう利用したくない。,0,低評価,アプリ,train
1712,一週間ほど試した。反応速度は少し悪かったものの、品質が期待以上だったので工具セットには高評価を付けたい。,1,高評価,EC商品,train
1713,評判が良かったので試した。機能の分かりやすさが全く使えないわけではないが、SNSアプリを高く評価するほどではない。,0,低評価,アプリ,train
1714,梱包に問題があり、さらにデザインにも不満がある。スピーカーはもう選ばない。,0,低評価,EC商品,train
1715,動作速度が全く使えないわけではないが、チャットアプリを高く評価するほどではない。,0,低評価,アプリ,train
1716,決済アプリは期待以上。広告の少なさとデザインのどちらも使いやすく、とても気に入った。,1,高評価,アプリ,validation
1717,中華料理店は雰囲気は良かったが、待ち時間が悪く、総合的には満足できなかった。,0,低評価,飲食店,train
1718,何度か利用してみた。カフェは料理の味が安定していて、ストレスなく使えた。,1,高評価,飲食店,train
1719,読み込み速度が全く使えないわけではないが、SNSアプリを高く評価するほどではない。,0,低評価,アプリ,train
1720,最初の印象では、家計簿アプリは機能の分かりやすさが不安定で、かなりストレスを感じた。,0,低評価,アプリ,train
1721,しばらく利用した結果、旅館は部屋の清潔さが不安定で、かなりストレスを感じた。,0,低評価,ホテル,train
1722,リゾートホテルは期待外れ。Wi-Fiと部屋の清潔さのどちらも使いにくく、がっかりした。,0,低評価,ホテル,train
1723,期待して購入した。イヤホンを使ってみたが、組み立てやすさが期待外れだった。,0,低評価,EC商品,test
1724,民宿は期待以上。アクセスと朝食のどちらも使いやすく、とても気に入った。,1,高評価,ホテル,train
1725,期待して購入した。席の広さが良くないというレビューもあったが、自分はうどん店に満足している。,1,高評価,飲食店,train
1726,スマートフォンは反応速度に少し不満があったが、使いやすさは良く、総合的には満足している。,1,高評価,EC商品,train
1727,ラーメン店は期待以上。料理の味と注文のしやすさのどちらも使いやすく、とても気に入った。,1,高評価,飲食店,test
1728,最初の印象では、写真アプリを使ってみたが、読み込み速度が期待以上だった。,1,高評価,アプリ,train
1729,電源タップは頑丈さも手触りもかなり悪かった。残念だが低評価。,0,低評価,EC商品,train
1730,実際に使ってみると、マウスはサイズ感が不安定で、かなりストレスを感じた。,0,低評価,EC商品,validation
1731,一週間ほど試した。余韻に大きな不満はなく、歴史映画を選んで正解だった。,1,高評価,映画,train
1732,一週間ほど試した。収納棚は静音性が悪く、かなり不満が残った。,0,低評価,EC商品,validation
1733,一週間ほど試した。電源タップは完璧ではなく品質に難がある。それでも動作の安定性が優れていて満足度は高い。,1,高評価,EC商品,train
1734,期待して購入した。冒険映画はキャラクターが安定していて、ストレスなく使えた。,1,高評価,映画,train
1735,キーボードは期待に応えてくれなかった。音質にも満足できない。,0,低評価,EC商品,train
1736,レビューを見て選んだが、スポーツ映画はアクションは良かったが、テンポが悪く、総合的には不満が残った。,0,低評価,映画,train
1737,カレンダーアプリを使ってみたが、ログインが期待外れだった。,0,低評価,アプリ,validation
1738,今回初めて利用した。会話は決して悪くなく、ドラマ映画を選んで良かったと思う。,1,高評価,映画,validation
1739,モニターは操作感が不安定で、かなりストレスを感じた。,0,低評価,EC商品,test
1740,安定性がとても良かったので、カレンダーアプリをまた利用したい。,1,高評価,アプリ,train
1741,読書アプリの検索機能は悪くない。むしろ使ってみるとかなり満足できた。,1,高評価,アプリ,train
1742,掃除機は値段に見合わない。特に軽さに問題があった。,0,低評価,EC商品,test
1743,清掃がとても良かったので、観光ホテルをまた利用したい。,1,高評価,ホテル,train
1744,レビューを見て選んだが、コメディ映画は値段以上の価値を感じた。特に迫力が素晴らしい。,1,高評価,映画,train
1745,静かさに不満があり、海辺のホテルを選んだのは失敗だった。,0,低評価,ホテル,validation
1746,映像は決して良いとは言えず、歴史映画には不満が残った。,0,低評価,映画,train
1747,構成が全く使えないわけではないが、青春映画を高く評価するほどではない。,0,低評価,映画,train
1748,今回初めて利用した。イヤホンは高くないわけではないが、手触りを考えると納得できる。,1,高評価,EC商品,train
1749,デザインは決して良いとは言えず、掃除機には不満が残った。,0,低評価,EC商品,train
1750,ステーキ店を使ってみたが、店内の清潔さが期待以上だった。,1,高評価,飲食店,train
1751,実際に使ってみると、青春映画は演出が良く、かなり満足している。,1,高評価,映画,train
1752,イタリアンは値段に見合わない。特に会計に問題があった。,0,低評価,飲食店,train
1753,検索精度が残念だったので、写真アプリはもう利用したくない。,0,低評価,アプリ,train
1754,組み立てやすさは決して悪くなく、組み立て家具を選んで良かったと思う。,1,高評価,EC商品,train
1755,評判が良かったので試した。和風旅館はチェックインのスムーズさが不安定で、かなりストレスを感じた。,0,低評価,ホテル,train
1756,レビューを見て選んだが、リゾートホテルのベッドの快適さは良くない。期待していただけに残念だった。,0,低評価,ホテル,train
1757,カフェは値段以上の価値を感じた。特に雰囲気が素晴らしい。,1,高評価,飲食店,test
1758,カレー店は値段に見合わない。特に接客に問題があった。,0,低評価,飲食店,test
1759,デスクは完璧ではなく接続の安定性に難がある。それでも動作の安定性が優れていて満足度は高い。,1,高評価,EC商品,train
1760,手触りは予想以上だったが、そのほかはデザインが使いにくく不満が残った。,0,低評価,EC商品,train
1761,同期機能には満足したものの、通知機能が期待外れだったのでカレンダーアプリには低評価を付けたい。,0,低評価,アプリ,train
1762,宿泊施設は期待に応えてくれなかった。静かさにも満足できない。,0,低評価,ホテル,test
1763,電源タップは動作の安定性が悪く、かなり不満が残った。,0,低評価,EC商品,train
1764,空港ホテルは値段に見合わない。特にチェックアウトに問題があった。,0,低評価,ホテル,validation
1765,音楽アプリは設定画面が良く、かなり満足している。,1,高評価,アプリ,train
1766,評判が良かったので試した。アクションに不満があり、ミステリー映画を選んだのは失敗だった。,0,低評価,映画,train
1767,しばらく利用した結果、スポーツ映画は期待を裏切らなかった。迫力にも不満はない。,1,高評価,映画,train
1768,恋愛映画は演技に良い点もあった。しかしテンポに問題があり、結果的にはおすすめしにくい。,0,低評価,映画,train
1769,実際に使ってみると、写真アプリはログインが不安定で、かなりストレスを感じた。,0,低評価,アプリ,train
1770,レスポンスは魅力的だったが、バッテリー消費がかなり残念で、全体としては満足できなかった。,0,低評価,アプリ,test
1771,感情表現が少し悪くなっているところもあったが、そのほかは演出が良く使いやすい。,1,高評価,映画,train
1772,ニュースアプリは最初設定画面が気になったが、使い続けると同期機能の良さが分かり、今は満足している。,1,高評価,アプリ,validation
1773,サスペンス映画は声優は良かったが、キャラクターが悪く、総合的には不満が残った。,0,低評価,映画,train
1774,しばらく利用した結果、キーボードは最初頑丈さが気になったが、使い続けると反応速度の良さが分かり、今は満足している。,1,高評価,EC商品,train
1775,カフェを使ってみたが、席の広さが期待以上だった。,1,高評価,飲食店,train
1776,使い勝手が悪くないというレビューもあったが、自分にはタスク管理アプリは合わなかった。,0,低評価,アプリ,train
1777,期待して購入した。読書アプリは最初読み込み速度が良いと感じたが、使い続けると検索精度の問題が目立ち、評価は下がった。,0,低評価,アプリ,train
1778,部屋の清潔さに大きな不満はなく、リゾートを選んで正解だった。,1,高評価,ホテル,train
1779,一週間ほど試した。手触りは少し悪かったものの、デザインが期待以上だったので工具セットには高評価を付けたい。,1,高評価,EC商品,test
1780,コストパフォーマンスがとても良かったので、充電器をまた利用したい。,1,高評価,EC商品,train
1781,最初の印象では、メモアプリを使ってみたが、使い勝手が期待外れだった。,0,低評価,アプリ,train
1782,恋愛映画は声優が安定していて、ストレスなく使えた。,1,高評価,映画,train
1783,評判が良かったので試した。操作性が全く使えないわけではないが、写真アプリを高く評価するほどではない。,0,低評価,アプリ,train
1784,何度か利用してみた。ケーブルは静音性に少し不満があったが、ネジ穴の精度は良く、総合的には気に入っている。,1,高評価,EC商品,train
1785,音楽映画は値段以上の価値を感じた。特に声優が素晴らしい。,1,高評価,映画,validation
1786,何度か利用してみた。犯罪映画は高くないわけではないが、映像美を考えると納得できる。,1,高評価,映画,train
1787,写真アプリを使ってみたが、通知機能が期待外れだった。,0,低評価,アプリ,train
1788,しばらく利用した結果、うどん店は期待に応えてくれなかった。ボリュームにも満足できない。,0,低評価,飲食店,validation
1789,イヤホンはバッテリー持ちが良く、かなり満足している。,1,高評価,EC商品,test
1790,シティホテルは最初防音が気になったが、使い続けるとWi-Fiの良さが分かり、今は満足している。,1,高評価,ホテル,train
1791,リゾートは価格が安定していて、ストレスなく使えた。,1,高評価,ホテル,train
1792,ホテルはチェックインのスムーズさで気になる点もあった。しかし清掃が良く、結果的には買って良かった。,1,高評価,ホテル,train
1793,翻訳アプリは完璧ではなく機能の分かりやすさに難がある。それでも検索精度が優れていて満足度は高い。,1,高評価,アプリ,train
1794,今回初めて利用した。デザインには満足したものの、軽さが期待外れだったのでマウスには低評価を付けたい。,0,低評価,EC商品,train
1795,決済アプリは読み込み速度で気になる点もあった。しかし設定画面が良く、結果的には買って良かった。,1,高評価,アプリ,validation
1796,宿泊施設は最初Wi-Fiが気になったが、使い続けると部屋の清潔さの良さが分かり、今は満足している。,1,高評価,ホテル,train
1797,余韻に問題があり、さらにラストにも不満がある。ミステリー映画はもう選ばない。,0,低評価,映画,train
1798,掃除機を使ってみたが、サイズ感が期待外れだった。,0,低評価,EC商品,train
1799,天気アプリは期待を裏切らなかった。起動速度にも不満はない。,1,高評価,アプリ,train
1800,広告の少なさは決して悪くなく、チャットアプリを選んで良かったと思う。,1,高評価,アプリ,train
1801,チャットアプリは入力のしやすさが不安定で、かなりストレスを感じた。,0,低評価,アプリ,train
1802,何度か利用してみた。メモアプリは読み込み速度が安定していて、ストレスなく使えた。,1,高評価,アプリ,test
1803,温泉旅館は値段に見合わない。特にアクセスに問題があった。,0,低評価,ホテル,train
1804,空港ホテルは値段に見合わない。特に館内設備に問題があった。,0,低評価,ホテル,train
1805,食材の新鮮さが素晴らしく、さらに料理の味にも満足した。ビュッフェをまた選びたい。,1,高評価,飲食店,validation
1806,評判が良かったので試した。パン屋を使ってみたが、ドリンクが期待以上だった。,1,高評価,飲食店,test
1807,宿泊施設は静かさで気になる点もあった。しかし清掃が良く、結果的には買って良かった。,1,高評価,ホテル,test
1808,家計簿アプリの機能の分かりやすさは良くない。期待していただけに残念だった。,0,低評価,アプリ,validation
1809,何度か利用してみた。そば屋を使ってみたが、温度が期待外れだった。,0,低評価,飲食店,test
1810,清掃が悪くないというレビューもあったが、自分にはカプセルホテルは合わなかった。,0,低評価,ホテル,validation
1811,電源タップは値段以上の価値を感じた。特に反応速度が素晴らしい。,1,高評価,EC商品,train
1812,観光ホテルを使ってみたが、静かさが期待以上だった。,1,高評価,ホテル,train
1813,静かさが想像より悪く、高級ホテルには低評価を付けたい。,0,低評価,ホテル,train
1814,うどん店は最初盛り付けが気になったが、使い続けると料理の味の良さが分かり、今は高く評価している。,1,高評価,飲食店,validation
1815,今回初めて利用した。戦争映画はキャラクターは良かったが、余韻が悪く、総合的には不満が残った。,0,低評価,映画,train
1816,最初の印象では、価格が想像より悪く、カプセルホテルには低評価を付けたい。,0,低評価,ホテル,train
1817,一週間ほど試した。立地に不満があり、カレー店を選んだのは失敗だった。,0,低評価,飲食店,train
1818,音楽アプリはデザインで気になる点もあった。しかし広告の少なさが良く、結果的には買って良かった。,1,高評価,アプリ,train
1819,しばらく利用した結果、海辺のホテルは一見良さそうで浴場も悪くない。それでもベッドの快適さがひどく、次は選ばない。,0,低評価,ホテル,train
1820,検索機能は予想以上だったが、そのほかは機能の分かりやすさが使いにくく不満が残った。,0,低評価,アプリ,train
1821,脚本が良くないというレビューもあったが、自分は戦争映画に満足している。,1,高評価,映画,train
1822,映像美に不満があり、ホラー映画を選んだのは失敗だった。,0,低評価,映画,train
1823,ファミレスは待ち時間も料理の味もかなり悪かった。残念だが低評価。,0,低評価,飲食店,validation
1824,頑丈さが少し悪くなっているところもあったが、そのほかはネジ穴の精度が良く使いやすい。,1,高評価,EC商品,train
1825,一週間ほど試した。温度は予想以上だったが、そのほかは食材の新鮮さが使いにくく不満が残った。,0,低評価,飲食店,test
1826,何度か利用してみた。スタッフの対応には満足したものの、ドリンクが期待外れだったのでカレー店には低評価を付けたい。,0,低評価,飲食店,train
1827,パン屋は食材の新鮮さが悪く、かなり不満が残った。,0,低評価,飲食店,train
1828,ナビアプリは期待を裏切らなかった。ログインにも不満はない。,1,高評価,アプリ,train
1829,入力のしやすさに大きな不満はなく、予約アプリを選んで正解だった。,1,高評価,アプリ,train
1830,バッテリー持ちが悪くないというレビューもあったが、自分にはケーブルは合わなかった。,0,低評価,EC商品,train
1831,SF映画は期待以上。映像とテーマのどちらも使いやすく、とても気に入った。,1,高評価,映画,validation
1832,最初の印象では、山の旅館はアクセスが不安定で、かなりストレスを感じた。,0,低評価,ホテル,validation
1833,レビューを見て選んだが、椅子はサイズ感が悪く、かなり不満が残った。,0,低評価,EC商品,train
1834,テンポがとても良かったので、サスペンス映画をまた利用したい。,1,高評価,映画,train
1835,実際に使ってみると、予約アプリは高くないわけではないが、入力のしやすさを考えると納得できる。,1,高評価,アプリ,train
1836,ベッドの快適さには改善してほしい部分があるが、スタッフの対応はかなり良く、全体としては気に入った。,1,高評価,ホテル,train
1837,チェックインのスムーズさに大きな不満はなく、温泉ホテルを選んで正解だった。,1,高評価,ホテル,train
1838,立地は魅力的だったが、スタッフの対応がかなり残念で、全体としては満足できなかった。,0,低評価,飲食店,validation
1839,レビューを見て選んだが、家族向け映画は完璧ではなく迫力に難がある。それでもテンポが優れていて満足度は高い。,1,高評価,映画,train
1840,今回初めて利用した。ビュッフェは価格が安定していて、ストレスなく使えた。,1,高評価,飲食店,test
1841,温泉ホテルはフロント対応に良い点もあった。しかし館内設備に問題があり、結果的にはおすすめしにくい。,0,低評価,ホテル,train
1842,最初の印象では、ケーキ店は食材の新鮮さに良い点もあった。しかし会計に問題があり、結果的にはおすすめしにくい。,0,低評価,飲食店,train
1843,最初の印象では、タスク管理アプリはデザインは良かったが、起動速度が悪く、総合的には不満が残った。,0,低評価,アプリ,train
1844,組み立てやすさには満足したものの、コストパフォーマンスが期待外れだったので組み立て家具には低評価を付けたい。,0,低評価,EC商品,train
1845,バッテリー持ちは魅力的だったが、手触りがかなり残念で、全体としては満足できなかった。,0,低評価,EC商品,train
1846,評判が良かったので試した。部屋の清潔さに問題があり、さらに価格にも不満がある。リゾートホテルはもう選ばない。,0,低評価,ホテル,train
1847,評判が良かったので試した。椅子は品質に良い点もあった。しかしネジ穴の精度に問題があり、結果的にはおすすめしにくい。,0,低評価,EC商品,train
1848,メモアプリは完璧ではなく設定画面に難がある。それでも検索精度が優れていて満足度は高い。,1,高評価,アプリ,train
1849,最初の印象では、構成が全く使えないわけではないが、ファンタジー映画を高く評価するほどではない。,0,低評価,映画,train
1850,何度か利用してみた。充電器を使ってみたが、音質が期待外れだった。,0,低評価,EC商品,train
1851,パソコンは値段に見合わない。特に頑丈さに問題があった。,0,低評価,EC商品,train
1852,今回初めて利用した。館内設備が残念だったので、カプセルホテルはもう利用したくない。,0,低評価,ホテル,train
1853,カフェは最初料理の味が気になったが、使い続けるとメニューの豊富さの良さが分かり、今は満足している。,1,高評価,飲食店,train
1854,しばらく利用した結果、静音性に問題がないとは言えないが、タブレットは総合的には十分満足できる。,1,高評価,EC商品,train
1855,ミステリー映画は値段以上の価値を感じた。特に感情表現が素晴らしい。,1,高評価,映画,train
1856,レビューを見て選んだが、料理の味に不満があり、ステーキ店を選んだのは失敗だった。,0,低評価,飲食店,train
1857,モニターは値段に見合わない。特に動作の安定性に問題があった。,0,低評価,EC商品,train
1858,何度か利用してみた。演出が想像より悪く、ミステリー映画には低評価を付けたい。,0,低評価,映画,test
1859,部屋の清潔さは魅力的だったが、チェックインのスムーズさがかなり残念で、全体としては満足できなかった。,0,低評価,ホテル,test
1860,しばらく利用した結果、声優に問題があり、さらに迫力にも不満がある。サスペンス映画はもう選ばない。,0,低評価,映画,train
1861,焼肉店は最初デザートが良いと感じたが、使い続けると提供の早さの問題が目立ち、評価は下がった。,0,低評価,飲食店,train
1862,シティホテルは館内設備が不安定で、かなりストレスを感じた。,0,低評価,ホテル,test
1863,一週間ほど試した。民宿は安くないのに、静かさがこの程度では納得できない。,0,低評価,ホテル,train
1864,動画アプリの起動速度は良くない。期待していただけに残念だった。,0,低評価,アプリ,train
1865,何度か利用してみた。ベッドの快適さは魅力的だったが、アメニティがかなり残念で、全体としては満足できなかった。,0,低評価,ホテル,train
1866,ナビアプリを使ってみたが、広告の少なさが期待以上だった。,1,高評価,アプリ,train
1867,ハンバーガー店は雰囲気が安定していて、ストレスなく使えた。,1,高評価,飲食店,test
1868,水筒は期待に応えてくれなかった。説明書にも満足できない。,0,低評価,EC商品,train
1869,待ち時間が全く使えないわけではないが、イタリアンを高く評価するほどではない。,0,低評価,飲食店,train
1870,静音性に問題があり、さらにコストパフォーマンスにも不満がある。充電器はもう選ばない。,0,低評価,EC商品,train
1871,イタリアンは価格が良く、かなり満足している。,1,高評価,飲食店,train
1872,安定性が全く使えないわけではないが、ゲームアプリを高く評価するほどではない。,0,低評価,アプリ,test
1873,スポーツ映画は最初テーマが気になったが、使い続けると映像の良さが分かり、今は満足している。,1,高評価,映画,validation
1874,バッテリー消費が想像より良く、天気アプリには高評価を付けたい。,1,高評価,アプリ,train
1875,パン屋はメニューの豊富さに良い点もあった。しかしボリュームに問題があり、結果的にはおすすめしにくい。,0,低評価,飲食店,train
1876,カレンダーアプリは使い勝手で気になる点もあった。しかしアップデートが良く、結果的には買って良かった。,1,高評価,アプリ,train
1877,しばらく利用した結果、ゲストハウスは価格は良かったが、空調が悪く、総合的には不満が残った。,0,低評価,ホテル,train
1878,今回初めて利用した。イタリアンは最初店内の清潔さが良いと感じたが、使い続けるとメニューの豊富さの問題が目立ち、評価は下がった。,0,低評価,飲食店,train
1879,料理の味は予想以上だったが、そのほかは店内の清潔さが使いにくく不満が残った。,0,低評価,飲食店,test
1880,会計が全く使えないわけではないが、喫茶店を高く評価するほどではない。,0,低評価,飲食店,train
1881,雰囲気は決して良いとは言えず、カフェには不満が残った。,0,低評価,飲食店,train
1882,同期機能が少し悪くなっているところもあったが、そのほかは読み込み速度が良く使いやすい。,1,高評価,アプリ,train
1883,サイズ感には満足したものの、耐久性が期待外れだったのでヘッドホンには低評価を付けたい。,0,低評価,EC商品,test
1884,評判が良かったので試した。短編映画は期待以上。音楽と余韻のどちらも使いやすく、とても気に入った。,1,高評価,映画,train
1885,カレー店はボリュームに良い点もあった。しかし立地に問題があり、結果的にはおすすめしにくい。,0,低評価,飲食店,test
1886,今回初めて利用した。清掃が想像より良く、和風旅館には高評価を付けたい。,1,高評価,ホテル,train
1887,通知機能は予想以上だったが、そのほかはバッテリー消費が使いにくく不満が残った。,0,低評価,アプリ,train
1888,実際に使ってみると、恋愛映画は演出が不安定で、かなりストレスを感じた。,0,低評価,映画,train
1889,タブレットのサイズ感は良くない。期待していただけに残念だった。,0,低評価,EC商品,train
1890,レビューを見て選んだが、カレー店は料理の味に少し不満があったが、会計は良く、総合的には高く評価している。,1,高評価,飲食店,validation
1891,評判が良かったので試した。空調が良くないというレビューもあったが、自分はゲストハウスに満足している。,1,高評価,ホテル,train
1892,犯罪映画は完璧ではなく世界観に難がある。それでも演技が優れていて満足度は高い。,1,高評価,映画,train
1893,スマートフォンは組み立てやすさに良い点もあった。しかし説明書に問題があり、結果的にはおすすめしにくい。,0,低評価,EC商品,train
1894,しばらく利用した結果、品質は少し悪かったものの、デザインが期待以上だったので工具セットには高評価を付けたい。,1,高評価,EC商品,test
1895,期待して購入した。店内の清潔さが全く使えないわけではないが、ラーメン店を高く評価するほどではない。,0,低評価,飲食店,train
1896,実際に使ってみると、動作速度が残念だったので、決済アプリはもう利用したくない。,0,低評価,アプリ,train
1897,しばらく利用した結果、スピーカーを使ってみたが、組み立てやすさが期待以上だった。,1,高評価,EC商品,train
1898,操作感に問題があり、さらに軽さにも不満がある。マウスはもう選ばない。,0,低評価,EC商品,train
1899,ネジ穴の精度が想像より悪く、モニターには低評価を付けたい。,0,低評価,EC商品,train
1900,青春映画は値段に見合わない。特に迫力に問題があった。,0,低評価,映画,train
1901,ドラマ映画は会話に少し不満があったが、キャラクターは良く、総合的には満足している。,1,高評価,映画,train
1902,ゲストハウスは完璧ではなく防音に難がある。それでも価格が優れていて満足度は高い。,1,高評価,ホテル,train
1903,チェックインのスムーズさに大きな不満はなく、駅前ホテルを選んで正解だった。,1,高評価,ホテル,test
1904,価格が想像より悪く、高級ホテルには低評価を付けたい。,0,低評価,ホテル,train
1905,最初の印象では、操作性が良くないというレビューもあったが、自分はタスク管理アプリに満足している。,1,高評価,アプリ,train
1906,広告の少なさには満足したものの、画面の見やすさが期待外れだったので音楽アプリには低評価を付けたい。,0,低評価,アプリ,train
1907,動作速度が悪くないというレビューもあったが、自分にはカレンダーアプリは合わなかった。,0,低評価,アプリ,validation
1908,何度か利用してみた。タスク管理アプリを使ってみたが、同期機能が期待外れだった。,0,低評価,アプリ,test
1909,和風旅館は価格もWi-Fiも非常に良かった。文句なしで高評価。,1,高評価,ホテル,train
1910,イヤホンを使ってみたが、使いやすさが期待外れだった。,0,低評価,EC商品,train
1911,スマートフォンは手触りは良かったが、音質が悪く、総合的にはかなり残念だった。,0,低評価,EC商品,train
1912,メモアプリは値段に見合わない。特にアップデートに問題があった。,0,低評価,アプリ,test
1913,今回初めて利用した。アップデートが少し悪くなっているところもあったが、そのほかは検索精度が良く使いやすい。,1,高評価,アプリ,train
1914,最初の印象では、パン屋の価格は良くない。期待していただけに残念だった。,0,低評価,飲食店,train
1915,組み立てやすさは少し悪かったものの、軽さが期待以上だったのでイヤホンには高評価を付けたい。,1,高評価,EC商品,train
1916,チャットアプリを使ってみたが、操作性が期待以上だった。,1,高評価,アプリ,train
1917,立地が想像より悪く、居酒屋には低評価を付けたい。,0,低評価,飲食店,train
1918,音楽がとても良かったので、青春映画をまた利用したい。,1,高評価,映画,validation
1919,梱包が悪くないというレビューもあったが、自分には工具セットは合わなかった。,0,低評価,EC商品,train
1920,会計がとても良かったので、パン屋をまた利用したい。,1,高評価,飲食店,train
1921,音質は少し悪かったものの、反応速度が期待以上だったので組み立て家具には高評価を付けたい。,1,高評価,EC商品,train
1922,天気アプリはデザインも読み込み速度も非常に良かった。文句なしで高評価。,1,高評価,アプリ,train
1923,提供の早さは予想以上だったが、そのほかはデザートが使いにくく不満が残った。,0,低評価,飲食店,train
1924,期待して購入した。映像美が想像より良く、ミステリー映画には高評価を付けたい。,1,高評価,映画,train
1925,天気アプリは読み込み速度が安定していて、ストレスなく使えた。,1,高評価,アプリ,validation
1926,館内設備が良くないというレビューもあったが、自分は宿泊施設に満足している。,1,高評価,ホテル,test
1927,しばらく利用した結果、余韻に不満があり、冒険映画を選んだのは失敗だった。,0,低評価,映画,train
1928,パソコンはサイズ感に良い点もあった。しかし説明書に問題があり、結果的にはおすすめしにくい。,0,低評価,EC商品,train
1929,演技が少し悪くなっているところもあったが、そのほかは映像が良く使いやすい。,1,高評価,映画,train
1930,家計簿アプリは広告の少なさは良かったが、通知機能が悪く、総合的には不満が残った。,0,低評価,アプリ,train
1931,レビューを見て選んだが、洋食店はデザートに良い点もあった。しかし香りに問題があり、結果的にはおすすめしにくい。,0,低評価,飲食店,train
1932,SNSアプリは値段に見合わない。特に広告の少なさに問題があった。,0,低評価,アプリ,train
1933,一週間ほど試した。価格が少し悪くなっているところもあったが、そのほかは料理の味が良く使いやすい。,1,高評価,飲食店,train
1934,充電器は説明書が安定していて、ストレスなく使えた。,1,高評価,EC商品,train
1935,一週間ほど試した。演出がとても良かったので、音楽映画をまた利用したい。,1,高評価,映画,train
1936,脚本に問題があり、さらに音楽にも不満がある。ドキュメンタリー映画はもう選ばない。,0,低評価,映画,train
1937,広告の少なさが全く使えないわけではないが、学習アプリを高く評価するほどではない。,0,低評価,アプリ,train
1938,SNSアプリを使ってみたが、設定画面が期待外れだった。,0,低評価,アプリ,test
1939,ビジネスホテルは浴場は良かったが、防音が悪く、総合的には満足できなかった。,0,低評価,ホテル,train
1940,SF映画は期待以上。音楽と映像美のどちらも使いやすく、とても気に入った。,1,高評価,映画,validation
1941,手触りには改善してほしい部分があるが、デザインはかなり良く、全体としては気に入った。,1,高評価,EC商品,train
1942,最初の印象では、ドラマ映画はラストで気になる点もあった。しかし感情表現が良く、結果的には買って良かった。,1,高評価,映画,validation
1943,実際に使ってみると、カフェは値段に見合わない。特に会計に問題があった。,0,低評価,飲食店,train
1944,一週間ほど試した。イヤホンはデザインが安定していて、ストレスなく使えた。,1,高評価,EC商品,train
1945,旅館は空調は良かったが、部屋の清潔さが悪く、総合的には不満が残った。,0,低評価,ホテル,train
1946,バッグは期待を裏切らなかった。音質にも不満はない。,1,高評価,EC商品,train
1947,最初の印象では、ゲストハウスを使ってみたが、価格が期待以上だった。,1,高評価,ホテル,train
1948,使い勝手は決して良いとは言えず、チャットアプリには不満が残った。,0,低評価,アプリ,train
1949,ドキュメンタリー映画は期待を裏切らなかった。演出にも不満はない。,1,高評価,映画,train
1950,充電器は梱包に良い点もあった。しかし品質に問題があり、結果的にはおすすめしにくい。,0,低評価,EC商品,train
1951,カフェは値段以上の価値を感じた。特に会計が素晴らしい。,1,高評価,飲食店,train
1952,静音性は少し悪かったものの、品質が期待以上だったのでスマートフォンには高評価を付けたい。,1,高評価,EC商品,train
1953,ミステリー映画は余韻が悪く、かなり不満が残った。,0,低評価,映画,train
1954,期待して購入した。写真アプリを使ってみたが、同期機能が期待以上だった。,1,高評価,アプリ,test
1955,最初の印象では、冒険映画を使ってみたが、アクションが期待以上だった。,1,高評価,映画,test
1956,山の旅館は最初チェックアウトが気になったが、使い続けると空調の良さが分かり、今は満足している。,1,高評価,ホテル,train
1957,席の広さが想像より良く、喫茶店には高評価を付けたい。,1,高評価,飲食店,train
1958,レスポンスが素晴らしく、さらに読み込み速度にも満足した。地図アプリをまた選びたい。,1,高評価,アプリ,train
1959,音楽映画は映像に良い点もあった。しかしテンポに問題があり、結果的にはおすすめしにくい。,0,低評価,映画,train
1960,シティホテルはフロント対応で気になる点もあった。しかしアクセスが良く、結果的には買って良かった。,1,高評価,ホテル,train
1961,広告の少なさが想像より良く、ナビアプリには高評価を付けたい。,1,高評価,アプリ,train
1962,洋食店は期待以上。温度と香りのどちらも使いやすく、とても気に入った。,1,高評価,飲食店,train
1963,梱包には改善してほしい部分があるが、軽さはかなり良く、全体としては気に入った。,1,高評価,EC商品,test
1964,実際に使ってみると、価格は少し悪かったものの、食材の新鮮さが期待以上だったのでファミレスには高評価を付けたい。,1,高評価,飲食店,train
1965,期待して購入した。反応速度が想像より良く、デスクには高評価を付けたい。,1,高評価,EC商品,train
1966,椅子はバッテリー持ちに良い点もあった。しかし使いやすさに問題があり、結果的にはおすすめしにくい。,0,低評価,EC商品,train
1967,最初の印象では、ファンタジー映画は期待外れ。ストーリーとアクションのどちらも使いにくく、がっかりした。,0,低評価,映画,test
1968,レビューを見て選んだが、注文のしやすさがとても良かったので、洋食店をまた利用したい。,1,高評価,飲食店,train
1969,サイズ感がとても良かったので、キーボードをまた利用したい。,1,高評価,EC商品,train
1970,部屋の清潔さが残念だったので、宿泊施設はもう利用したくない。,0,低評価,ホテル,test
1971,耐久性には改善してほしい部分があるが、コストパフォーマンスはかなり良く、全体としては気に入った。,1,高評価,EC商品,train
1972,パソコンは梱包に良い点もあった。しかしバッテリー持ちに問題があり、結果的にはおすすめしにくい。,0,低評価,EC商品,train
1973,ボリュームが想像より悪く、居酒屋には低評価を付けたい。,0,低評価,飲食店,test
1974,山の旅館はスタッフの対応が良く、かなり満足している。,1,高評価,ホテル,test
1975,バッテリー持ちは予想以上だったが、そのほかは接続の安定性が使いにくく不満が残った。,0,低評価,EC商品,train
1976,写真アプリを使ってみたが、設定画面が期待以上だった。,1,高評価,アプリ,train
1977,アップデートが少し悪くなっているところもあったが、そのほかは検索機能が良く使いやすい。,1,高評価,アプリ,train
1978,耐久性は魅力的だったが、コストパフォーマンスがかなり残念で、全体としては満足できなかった。,0,低評価,EC商品,train
1979,広告の少なさが残念だったので、SNSアプリはもう利用したくない。,0,低評価,アプリ,train
1980,ケーキ店は一見良さそうでスタッフの対応も悪くない。それでも盛り付けがひどく、次は選ばない。,0,低評価,飲食店,validation
1981,音楽アプリは検索精度に少し不満があったが、使い勝手は良く、総合的には満足している。,1,高評価,アプリ,train
1982,しばらく利用した結果、通知機能に問題があり、さらに画面の見やすさにも不満がある。動画アプリはもう選ばない。,0,低評価,アプリ,train
1983,民宿は空調が不安定で、かなりストレスを感じた。,0,低評価,ホテル,train
1984,バッグはサイズ感で気になる点もあった。しかしバッテリー持ちが良く、結果的には買って良かった。,1,高評価,EC商品,train
1985,一週間ほど試した。旅館は朝食が良く、かなり満足している。,1,高評価,ホテル,train
1986,テーマがとても良かったので、家族向け映画をまた利用したい。,1,高評価,映画,train
1987,入力のしやすさが想像より良く、天気アプリには高評価を付けたい。,1,高評価,アプリ,test
1988,評判が良かったので試した。機能の分かりやすさに不満があり、学習アプリを選んだのは失敗だった。,0,低評価,アプリ,train
1989,ドキュメンタリー映画は伏線が不安定で、かなりストレスを感じた。,0,低評価,映画,train
1990,学習アプリを使ってみたが、安定性が期待以上だった。,1,高評価,アプリ,train
1991,読書アプリは設定画面に少し不満があったが、操作性は良く、総合的には満足している。,1,高評価,アプリ,train
1992,価格が素晴らしく、さらにアクセスにも満足した。リゾートホテルをまた選びたい。,1,高評価,ホテル,test
1993,通知機能が想像より良く、学習アプリには高評価を付けたい。,1,高評価,アプリ,train
1994,実際に使ってみると、使いやすさに問題があり、さらに説明書にも不満がある。スピーカーはもう選ばない。,0,低評価,EC商品,validation
1995,動画アプリは最初アップデートが気になったが、使い続けるとログインの良さが分かり、今は満足している。,1,高評価,アプリ,train
1996,観光ホテルは期待外れ。ベッドの快適さとスタッフの対応のどちらも使いにくく、がっかりした。,0,低評価,ホテル,train
1997,期待して購入した。立地が良くないというレビューもあったが、自分は山の旅館に高く評価している。,1,高評価,ホテル,train
1998,期待して購入した。バッグは組み立てやすさに少し不満があったが、使いやすさは良く、総合的には満足している。,1,高評価,EC商品,train
1999,マウスは使いやすさが安定していて、ストレスなく使えた。,1,高評価,EC商品,validation
2000,演出は少し悪かったものの、ストーリーが期待以上だったのでファンタジー映画には高評価を付けたい。,1,高評価,映画,validation
2001,SF映画は声優に少し不満があったが、脚本は良く、総合的には満足している。,1,高評価,映画,validation
2002,手触りは決して良いとは言えず、モニターには不満が残った。,0,低評価,EC商品,train
2003,雰囲気が想像より良く、喫茶店には高評価を付けたい。,1,高評価,飲食店,train
2004,写真アプリは動作速度で気になる点もあった。しかし安定性が良く、結果的には買って良かった。,1,高評価,アプリ,train
2005,今回初めて利用した。アクセスに問題がないとは言えないが、ゲストハウスは総合的には十分満足できる。,1,高評価,ホテル,train
2006,山の旅館のWi-Fiは悪くない。むしろ使ってみるとかなり満足できた。,1,高評価,ホテル,train
2007,しばらく利用した結果、ミステリー映画は構成が良く、かなり高く評価している。,1,高評価,映画,train
2008,SF映画は最初演出が良いと感じたが、使い続けると脚本の問題が目立ち、評価は下がった。,0,低評価,映画,train
2009,タブレットは期待外れ。音質と耐久性のどちらも使いにくく、がっかりした。,0,低評価,EC商品,train
2010,山の旅館は部屋の広さに良い点もあった。しかし浴場に問題があり、結果的にはおすすめしにくい。,0,低評価,ホテル,train
2011,頑丈さが良くないというレビューもあったが、自分は組み立て家具に満足している。,1,高評価,EC商品,test
2012,評判が良かったので試した。キャラクターは魅力的だったが、会話がかなり残念で、全体としては満足できなかった。,0,低評価,映画,train
2013,期待して購入した。ミステリー映画は感情表現が安定していて、ストレスなく使えた。,1,高評価,映画,train
2014,写真アプリは最初読み込み速度が良いと感じたが、使い続けると通知機能の問題が目立ち、評価は下がった。,0,低評価,アプリ,train
2015,リゾートは部屋の広さが良く、かなり満足している。,1,高評価,ホテル,train
2016,しばらく利用した結果、うどん店は期待を裏切らなかった。店内の清潔さにも不満はない。,1,高評価,飲食店,test
2017,ネジ穴の精度が良くないというレビューもあったが、自分はキーボードに満足している。,1,高評価,EC商品,train
2018,ファンタジー映画は最初伏線が良いと感じたが、使い続けるとアクションの問題が目立ち、評価は下がった。,0,低評価,映画,train
2019,ケーキ店を使ってみたが、立地が期待以上だった。,1,高評価,飲食店,train
2020,カレー店は雰囲気もボリュームも非常に良かった。文句なしで高評価。,1,高評価,飲食店,test
2021,地図アプリは起動速度が安定していて、ストレスなく使えた。,1,高評価,アプリ,train
2022,ファンタジー映画を使ってみたが、伏線が期待外れだった。,0,低評価,映画,test
2023,充電器は安くないのに、耐久性がこの程度では納得できない。,0,低評価,EC商品,train
2024,山の旅館は最初Wi-Fiが気になったが、使い続けるとベッドの快適さの良さが分かり、今は満足している。,1,高評価,ホテル,train
2025,リゾートを使ってみたが、立地が期待外れだった。,0,低評価,ホテル,validation
2026,雰囲気は少し悪かったものの、提供の早さが期待以上だったのでステーキ店には高評価を付けたい。,1,高評価,飲食店,test
2027,最初の印象では、反応速度は予想以上だったが、そのほかは頑丈さが使いにくくかなり残念だった。,0,低評価,EC商品,train
2028,頑丈さがとても良かったので、電源タップをまた利用したい。,1,高評価,EC商品,train
2029,入力のしやすさには改善してほしい部分があるが、操作性はかなり良く、全体としては気に入った。,1,高評価,アプリ,train
2030,一週間ほど試した。動画アプリは値段に見合わない。特に操作性に問題があった。,0,低評価,アプリ,validation
2031,コストパフォーマンスには改善してほしい部分があるが、梱包はかなり良く、全体としては気に入った。,1,高評価,EC商品,train
2032,会話には改善してほしい部分があるが、伏線はかなり良く、全体としては気に入った。,1,高評価,映画,train
2033,読書アプリは完璧ではなくデザインに難がある。それでも通知機能が優れていて満足度は高い。,1,高評価,アプリ,test
2034,テンポに不満があり、ミステリー映画を選んだのは失敗だった。,0,低評価,映画,train
2035,設定画面は決して良いとは言えず、翻訳アプリには不満が残った。,0,低評価,アプリ,train
2036,一週間ほど試した。タブレットはデザインに良い点もあった。しかし軽さに問題があり、結果的にはおすすめしにくい。,0,低評価,EC商品,train
2037,ゲストハウスは朝食が安定していて、ストレスなく使えた。,1,高評価,ホテル,test
2038,アクション映画は迫力が不安定で、かなりストレスを感じた。,0,低評価,映画,train
2039,同期機能が想像より良く、ニュースアプリには高評価を付けたい。,1,高評価,アプリ,train
2040,民宿はベッドの快適さも価格もかなり悪かった。残念だが低評価。,0,低評価,ホテル,validation
2041,SF映画は値段以上の価値を感じた。特にアクションが素晴らしい。,1,高評価,映画,train
2042,一週間ほど試した。収納棚は操作感もサイズ感も非常に良かった。文句なしで高評価。,1,高評価,EC商品,train
2043,音楽アプリは安くないのに、機能の分かりやすさがこの程度では納得できない。,0,低評価,アプリ,validation
2044,検索機能が良くないというレビューもあったが、自分は天気アプリに高く評価している。,1,高評価,アプリ,train
2045,説明書が悪くないというレビューもあったが、自分にはスピーカーは合わなかった。,0,低評価,EC商品,test
2046,期待して購入した。音楽映画は演出で気になる点もあった。しかしキャラクターが良く、結果的には買って良かった。,1,高評価,映画,validation
2047,入力のしやすさが残念だったので、ニュースアプリはもう利用したくない。,0,低評価,アプリ,train
2048,温泉ホテルのフロント対応は悪くない。むしろ使ってみるとかなり満足できた。,1,高評価,ホテル,train
2049,しばらく利用した結果、学習アプリは値段に見合わない。特にレスポンスに問題があった。,0,低評価,アプリ,train
2050,一週間ほど試した。カレンダーアプリは検索機能が悪く、かなり不満が残った。,0,低評価,アプリ,train
2051,アクセスが想像より悪く、格安ホテルには低評価を付けたい。,0,低評価,ホテル,train
2052,サイズ感には改善してほしい部分があるが、軽さはかなり良く、全体としては気に入った。,1,高評価,EC商品,train
2053,音楽アプリの検索機能は悪くない。むしろ使ってみるとかなり満足できた。,1,高評価,アプリ,train
2054,スタッフの対応が想像より悪く、焼肉店には低評価を付けたい。,0,低評価,飲食店,train
2055,格安ホテルはベッドの快適さが悪く、かなり不満が残った。,0,低評価,ホテル,train
2056,観光ホテルを使ってみたが、浴場が期待以上だった。,1,高評価,ホテル,validation
2057,手触りには改善してほしい部分があるが、バッテリー持ちはかなり良く、全体としては気に入った。,1,高評価,EC商品,train
2058,今回初めて利用した。学習アプリを使ってみたが、検索精度が期待外れだった。,0,低評価,アプリ,train
2059,今回初めて利用した。梱包が素晴らしく、さらに使いやすさにも満足した。デスクをまた選びたい。,1,高評価,EC商品,train
2060,ドリンクが素晴らしく、さらに注文のしやすさにも満足した。焼肉店をまた選びたい。,1,高評価,飲食店,train
2061,感情表現が想像より良く、ドラマ映画には高評価を付けたい。,1,高評価,映画,train
2062,しばらく利用した結果、カフェは席の広さが良く、かなり満足している。,1,高評価,飲食店,train
2063,SNSアプリを使ってみたが、画面の見やすさが期待以上だった。,1,高評価,アプリ,train
2064,読み込み速度が想像より良く、音楽アプリには高評価を付けたい。,1,高評価,アプリ,train
2065,収納棚の耐久性は悪くない。むしろ使ってみるとかなり満足できた。,1,高評価,EC商品,train
2066,最初の印象では、水筒はコストパフォーマンスもサイズ感もかなり悪かった。残念だが低評価。,0,低評価,EC商品,validation
2067,喫茶店は期待を裏切らなかった。香りにも不満はない。,1,高評価,飲食店,train
2068,カレンダーアプリはレスポンスも操作性もかなり悪かった。残念だが低評価。,0,低評価,アプリ,test
2069,回転寿司は待ち時間で気になる点もあった。しかし店内の清潔さが良く、結果的には買って良かった。,1,高評価,飲食店,test
2070,定食屋は完璧ではなくデザートに難がある。それでも提供の早さが優れていて満足度は高い。,1,高評価,飲食店,test
2071,検索精度は少し悪かったものの、広告の少なさが期待以上だったのでタスク管理アプリには高評価を付けたい。,1,高評価,アプリ,validation
2072,ラストは決して悪くなく、ファンタジー映画を選んで良かったと思う。,1,高評価,映画,validation
2073,カレー店はデザートが不安定で、かなりストレスを感じた。,0,低評価,飲食店,train
2074,組み立てやすさに不満があり、モニターを選んだのは失敗だった。,0,低評価,EC商品,validation
2075,今回初めて利用した。シティホテルは空調も浴場もかなり悪かった。残念だが低評価。,0,低評価,ホテル,train
2076,眺めが良くないというレビューもあったが、自分は高級ホテルに満足している。,1,高評価,ホテル,train
2077,うどん店を使ってみたが、店内の清潔さが期待外れだった。,0,低評価,飲食店,train
2078,一週間ほど試した。頑丈さが素晴らしく、さらにコストパフォーマンスにも満足した。マウスをまた選びたい。,1,高評価,EC商品,train
2079,何度か利用してみた。タブレットは手触りで気になる点もあった。しかし頑丈さが良く、結果的には買って良かった。,1,高評価,EC商品,train
2080,今回初めて利用した。ストーリーが想像より良く、青春映画には高評価を付けたい。,1,高評価,映画,train
2081,スタッフの対応がとても良かったので、ファミレスをまた利用したい。,1,高評価,飲食店,train
2082,うどん店は注文のしやすさもスタッフの対応もかなり悪かった。残念だが低評価。,0,低評価,飲食店,train
2083,レビューを見て選んだが、動作の安定性は決して悪くなく、水筒を選んで良かったと思う。,1,高評価,EC商品,train
2084,駅前ホテルの浴場は良くない。期待していただけに残念だった。,0,低評価,ホテル,train
2085,何度か利用してみた。香りが想像より良く、定食屋には高評価を付けたい。,1,高評価,飲食店,train
2086,ケーブルはコストパフォーマンスが安定していて、ストレスなく使えた。,1,高評価,EC商品,train
2087,アクション映画は高くないわけではないが、アクションを考えると納得できる。,1,高評価,映画,train
2088,掃除機は接続の安定性が安定していて、ストレスなく使えた。,1,高評価,EC商品,train
2089,スタッフの対応が悪くないというレビューもあったが、自分にはパン屋は合わなかった。,0,低評価,飲食店,train
2090,音楽映画の迫力は悪くない。むしろ使ってみるとかなり満足できた。,1,高評価,映画,test
2091,デザートに不満があり、カレー店を選んだのは失敗だった。,0,低評価,飲食店,train
2092,一週間ほど試した。チェックインのスムーズさが悪くないというレビューもあったが、自分には空港ホテルは合わなかった。,0,低評価,ホテル,train
2093,ゲームアプリは期待以上。検索機能と起動速度のどちらも使いやすく、とても気に入った。,1,高評価,アプリ,train
2094,席の広さに大きな不満はなく、ハンバーガー店を選んで正解だった。,1,高評価,飲食店,train
2095,品質が想像より悪く、掃除機には低評価を付けたい。,0,低評価,EC商品,train
2096,ドラマ映画は会話は良かったが、構成が悪く、総合的には不満が残った。,0,低評価,映画,validation
2097,空港ホテルは最初清掃が良いと感じたが、使い続けるとスタッフの対応の問題が目立ち、評価は下がった。,0,低評価,ホテル,train
2098,何度か利用してみた。イタリアンは香りで気になる点もあった。しかしドリンクが良く、結果的には買って良かった。,1,高評価,飲食店,train
2099,タブレットはデザインで気になる点もあった。しかし静音性が良く、結果的には買って良かった。,1,高評価,EC商品,test
2100,カレンダーアプリは一見良さそうで入力のしやすさも悪くない。それでも同期機能がひどく、次は選ばない。,0,低評価,アプリ,train
2101,今回初めて利用した。ベッドの快適さは魅力的だったが、アクセスがかなり残念で、全体としては満足できなかった。,0,低評価,ホテル,train
2102,温度は少し悪かったものの、席の広さが期待以上だったのでイタリアンには高評価を付けたい。,1,高評価,飲食店,train
2103,高級ホテルは安くないのに、眺めがこの程度では納得できない。,0,低評価,ホテル,train
2104,ビュッフェは盛り付けが安定していて、ストレスなく使えた。,1,高評価,飲食店,train
2105,使い勝手がとても良かったので、地図アプリをまた利用したい。,1,高評価,アプリ,test
2106,恋愛映画は迫力で気になる点もあった。しかし映像美が良く、結果的には買って良かった。,1,高評価,映画,train
2107,眺めは少し悪かったものの、アメニティが期待以上だったので駅前ホテルには高評価を付けたい。,1,高評価,ホテル,train
2108,立地には改善してほしい部分があるが、注文のしやすさはかなり良く、全体としては気に入った。,1,高評価,飲食店,train
2109,感情表現が想像より良く、スポーツ映画には高評価を付けたい。,1,高評価,映画,train
2110,声優に大きな不満はなく、音楽映画を選んで正解だった。,1,高評価,映画,validation
2111,評判が良かったので試した。構成がとても良かったので、ミステリー映画をまた利用したい。,1,高評価,映画,test
2112,何度か利用してみた。マウスは安くないのに、ネジ穴の精度がこの程度では納得できない。,0,低評価,EC商品,train
2113,天気アプリはデザインに良い点もあった。しかしアップデートに問題があり、結果的にはおすすめしにくい。,0,低評価,アプリ,train
2114,SNSアプリのレスポンスは良くない。期待していただけに残念だった。,0,低評価,アプリ,train
2115,キャラクターに不満があり、恋愛映画を選んだのは失敗だった。,0,低評価,映画,train
2116,工具セットは値段以上の価値を感じた。特にサイズ感が素晴らしい。,1,高評価,EC商品,train
2117,ファミレスは高くないわけではないが、接客を考えると納得できる。,1,高評価,飲食店,train
2118,何度か利用してみた。学習アプリは値段に見合わない。特に検索精度に問題があった。,0,低評価,アプリ,validation
2119,何度か利用してみた。恋愛映画は伏線も余韻もかなり悪かった。残念だが低評価。,0,低評価,映画,train
2120,期待して購入した。メモアプリは値段に見合わない。特に使い勝手に問題があった。,0,低評価,アプリ,train
2121,最初の印象では、タブレットは期待を裏切らなかった。動作の安定性にも不満はない。,1,高評価,EC商品,train
2122,タスク管理アプリはログインが不安定で、かなりストレスを感じた。,0,低評価,アプリ,train
2123,ゲームアプリの操作性は悪くない。むしろ使ってみるとかなり満足できた。,1,高評価,アプリ,train
2124,レビューを見て選んだが、演技が残念だったので、サスペンス映画はもう利用したくない。,0,低評価,映画,test
2125,学習アプリは期待に応えてくれなかった。バッテリー消費にも満足できない。,0,低評価,アプリ,train
2126,決済アプリは設定画面で気になる点もあった。しかし入力のしやすさが良く、結果的には買って良かった。,1,高評価,アプリ,train
2127,ゲームアプリは最初使い勝手が良いと感じたが、使い続けると操作性の問題が目立ち、評価は下がった。,0,低評価,アプリ,train
2128,イタリアンを使ってみたが、注文のしやすさが期待以上だった。,1,高評価,飲食店,test
2129,何度か利用してみた。動画アプリは検索精度が安定していて、ストレスなく使えた。,1,高評価,アプリ,train
2130,空調には改善してほしい部分があるが、フロント対応はかなり良く、全体としては気に入った。,1,高評価,ホテル,train
2131,何度か利用してみた。カプセルホテルは部屋の広さは良かったが、スタッフの対応が悪く、総合的には不満が残った。,0,低評価,ホテル,train
2132,評判が良かったので試した。デスクは反応速度も品質も非常に良かった。文句なしで高評価。,1,高評価,EC商品,train
2133,しばらく利用した結果、モニターは一見良さそうで反応速度も悪くない。それでも軽さがひどく、次は選ばない。,0,低評価,EC商品,train
2134,今回初めて利用した。空調は魅力的だったが、清掃がかなり残念で、全体としては満足できなかった。,0,低評価,ホテル,train
2135,動画アプリを使ってみたが、読み込み速度が期待外れだった。,0,低評価,アプリ,train
2136,レビューを見て選んだが、品質には満足したものの、バッテリー持ちが期待外れだったのでデスクには低評価を付けたい。,0,低評価,EC商品,test
2137,アクセスは決して良いとは言えず、山の旅館には不満が残った。,0,低評価,ホテル,train
2138,構成は魅力的だったが、迫力がかなり残念で、全体としては満足できなかった。,0,低評価,映画,train
2139,操作感が良くないというレビューもあったが、自分はデスクに満足している。,1,高評価,EC商品,validation
2140,予約アプリは安くないのに、デザインがこの程度では納得できない。,0,低評価,アプリ,train
2141,しばらく利用した結果、青春映画は完璧ではなく余韻に難がある。それでも構成が優れていて満足度は高い。,1,高評価,映画,train
2142,パソコンを使ってみたが、接続の安定性が期待以上だった。,1,高評価,EC商品,test
2143,充電器は期待に応えてくれなかった。耐久性にも満足できない。,0,低評価,EC商品,train
2144,デスクは安くないのに、操作感がこの程度では納得できない。,0,低評価,EC商品,train
2145,今回初めて利用した。脚本が良くないというレビューもあったが、自分はSF映画に満足している。,1,高評価,映画,validation
2146,今回初めて利用した。通知機能が少し悪くなっているところもあったが、そのほかはアップデートが良く使いやすい。,1,高評価,アプリ,train
2147,うどん店は安くないのに、会計がこの程度では納得できない。,0,低評価,飲食店,train
2148,チェックインのスムーズさには満足したものの、チェックアウトが期待外れだったので民宿には低評価を付けたい。,0,低評価,ホテル,validation
2149,寿司店は値段に見合わない。特に立地に問題があった。,0,低評価,飲食店,test
2150,パソコンはネジ穴の精度は良かったが、コストパフォーマンスが悪く、総合的には不満が残った。,0,低評価,EC商品,test
2151,テンポは魅力的だったが、世界観がかなり残念で、全体としては満足できなかった。,0,低評価,映画,train
2152,駅前ホテルは一見良さそうで価格も悪くない。それでもアクセスがひどく、次は選ばない。,0,低評価,ホテル,train
2153,食材の新鮮さが想像より悪く、カフェには低評価を付けたい。,0,低評価,飲食店,train
2154,今回初めて利用した。テンポには改善してほしい部分があるが、感情表現はかなり良く、全体としては気に入った。,1,高評価,映画,train
2155,ホテルを使ってみたが、館内設備が期待以上だった。,1,高評価,ホテル,train
2156,実際に使ってみると、テンポは魅力的だったが、アクションがかなり残念で、全体としては満足できなかった。,0,低評価,映画,validation
2157,充電器はコストパフォーマンスで気になる点もあった。しかしネジ穴の精度が良く、結果的には買って良かった。,1,高評価,EC商品,train
2158,静音性は予想以上だったが、そのほかはバッテリー持ちが使いにくく不満が残った。,0,低評価,EC商品,train
2159,チャットアプリはアップデートも起動速度もかなり悪かった。残念だが低評価。,0,低評価,アプリ,train
2160,山の旅館は期待に応えてくれなかった。価格にも満足できない。,0,低評価,ホテル,train
2161,工具セットは説明書が良く、かなり満足している。,1,高評価,EC商品,train
2162,何度か利用してみた。キーボードの音質は悪くない。むしろ使ってみるとかなり満足できた。,1,高評価,EC商品,validation
2163,デザインには満足したものの、梱包が期待外れだったので充電器には低評価を付けたい。,0,低評価,EC商品,train
2164,動画アプリは値段に見合わない。特に入力のしやすさに問題があった。,0,低評価,アプリ,train
2165,掃除機は完璧ではなくサイズ感に難がある。それでもデザインが優れていて満足度は高い。,1,高評価,EC商品,train
2166,レスポンスが残念だったので、SNSアプリはもう利用したくない。,0,低評価,アプリ,train
2167,スポーツ映画は演出が良く、かなり高く評価している。,1,高評価,映画,test
2168,パン屋は待ち時間が安定していて、ストレスなく使えた。,1,高評価,飲食店,validation
2169,モニターは軽さも音質も非常に良かった。文句なしで高評価。,1,高評価,EC商品,train
2170,広告の少なさは少し悪かったものの、機能の分かりやすさが期待以上だったので天気アプリには高評価を付けたい。,1,高評価,アプリ,train
2171,Wi-Fiは決して良いとは言えず、観光ホテルには不満が残った。,0,低評価,ホテル,train
2172,朝食が想像より悪く、高級ホテルには低評価を付けたい。,0,低評価,ホテル,train
2173,ケーキ店は一見良さそうで価格も悪くない。それでもボリュームがひどく、次は選ばない。,0,低評価,飲食店,train
2174,歴史映画を使ってみたが、テンポが期待以上だった。,1,高評価,映画,train
2175,スポーツ映画は演技が悪く、かなり不満が残った。,0,低評価,映画,validation
2176,最初の印象では、スタッフの対応がとても良かったので、イタリアンをまた利用したい。,1,高評価,飲食店,train
2177,価格には改善してほしい部分があるが、Wi-Fiはかなり良く、全体としては気に入った。,1,高評価,ホテル,train
2178,タスク管理アプリは読み込み速度で気になる点もあった。しかし設定画面が良く、結果的には買って良かった。,1,高評価,アプリ,train
2179,組み立てやすさが想像より悪く、椅子には低評価を付けたい。,0,低評価,EC商品,train
2180,チャットアプリはデザインもレスポンスも非常に良かった。文句なしで高評価。,1,高評価,アプリ,train
2181,バッテリー消費には改善してほしい部分があるが、読み込み速度はかなり良く、全体としては気に入った。,1,高評価,アプリ,train
2182,何度か利用してみた。イヤホンはサイズ感が安定していて、ストレスなく使えた。,1,高評価,EC商品,train
2183,浴場が少し悪くなっているところもあったが、そのほかは防音が良く使いやすい。,1,高評価,ホテル,train
2184,冒険映画は音楽も演技もかなり悪かった。残念だが低評価。,0,低評価,映画,train
2185,駅前ホテルは期待外れ。部屋の広さと浴場のどちらも使いにくく、がっかりした。,0,低評価,ホテル,train
2186,地図アプリは高くないわけではないが、通知機能を考えると納得できる。,1,高評価,アプリ,train
2187,最初の印象では、アメニティには満足したものの、フロント対応が期待外れだったので山の旅館には低評価を付けたい。,0,低評価,ホテル,train
2188,ラストが素晴らしく、さらに世界観にも満足した。ファンタジー映画をまた選びたい。,1,高評価,映画,validation
2189,何度か利用してみた。読書アプリは入力のしやすさに良い点もあった。しかしレスポンスに問題があり、結果的にはおすすめしにくい。,0,低評価,アプリ,train
2190,テンポが想像より良く、家族向け映画には高評価を付けたい。,1,高評価,映画,train
2191,検索精度が想像より良く、天気アプリには高評価を付けたい。,1,高評価,アプリ,train
2192,安定性には改善してほしい部分があるが、レスポンスはかなり良く、全体としては気に入った。,1,高評価,アプリ,train
2193,ゲストハウスは一見良さそうで朝食も悪くない。それでもアクセスがひどく、次は選ばない。,0,低評価,ホテル,train
2194,高級ホテルはチェックインのスムーズさは良かったが、朝食が悪く、総合的にはかなり残念だった。,0,低評価,ホテル,train
2195,広告の少なさは魅力的だったが、バッテリー消費がかなり残念で、全体としては満足できなかった。,0,低評価,アプリ,validation
2196,同期機能が想像より悪く、天気アプリには低評価を付けたい。,0,低評価,アプリ,train
2197,イタリアンはメニューの豊富さは良かったが、会計が悪く、総合的には納得できなかった。,0,低評価,飲食店,train
2198,動作の安定性が想像より悪く、マウスには低評価を付けたい。,0,低評価,EC商品,train
2199,ビュッフェを使ってみたが、提供の早さが期待以上だった。,1,高評価,飲食店,train
2200,実際に使ってみると、喫茶店は最初温度が気になったが、使い続けるとデザートの良さが分かり、今は満足している。,1,高評価,飲食店,train
2201,リゾートホテルは防音が良く、かなり満足している。,1,高評価,ホテル,train
2202,サスペンス映画は演出に良い点もあった。しかしアクションに問題があり、結果的にはおすすめしにくい。,0,低評価,映画,train
2203,動画アプリは同期機能が良く、かなり満足している。,1,高評価,アプリ,test
2204,ナビアプリは画面の見やすさが悪く、かなり不満が残った。,0,低評価,アプリ,train
2205,リゾートはチェックインのスムーズさは良かったが、防音が悪く、総合的には不満が残った。,0,低評価,ホテル,train
2206,何度か利用してみた。海辺のホテルは完璧ではなく部屋の広さに難がある。それでも防音が優れていて満足度は高い。,1,高評価,ホテル,validation
2207,一週間ほど試した。サイズ感には満足したものの、バッテリー持ちが期待外れだったのでスマートフォンには低評価を付けたい。,0,低評価,EC商品,validation
2208,脚本が悪くないというレビューもあったが、自分にはミステリー映画は合わなかった。,0,低評価,映画,train
2209,パン屋は会計に良い点もあった。しかし待ち時間に問題があり、結果的にはおすすめしにくい。,0,低評価,飲食店,train
2210,観光ホテルは部屋の広さに良い点もあった。しかし部屋の清潔さに問題があり、結果的にはおすすめしにくい。,0,低評価,ホテル,train
2211,組み立て家具は値段以上の価値を感じた。特に組み立てやすさが素晴らしい。,1,高評価,EC商品,train
2212,焼肉店は店内の清潔さもデザートも非常に良かった。文句なしで高評価。,1,高評価,飲食店,train
2213,レビューを見て選んだが、家計簿アプリは起動速度で気になる点もあった。しかしバッテリー消費が良く、結果的には買って良かった。,1,高評価,アプリ,train
2214,最初の印象では、タスク管理アプリは一見良さそうでレスポンスも悪くない。それでも広告の少なさがひどく、次は選ばない。,0,低評価,アプリ,train
2215,レビューを見て選んだが、山の旅館は期待に応えてくれなかった。眺めにも満足できない。,0,低評価,ホテル,train
2216,空調に不満があり、和風旅館を選んだのは失敗だった。,0,低評価,ホテル,test
2217,反応速度が想像より悪く、タブレットには低評価を付けたい。,0,低評価,EC商品,train
2218,評判が良かったので試した。短編映画は演技が安定していて、ストレスなく使えた。,1,高評価,映画,train
2219,実際に使ってみると、価格は魅力的だったが、清掃がかなり残念で、全体としては満足できなかった。,0,低評価,ホテル,train
2220,冒険映画の映像美は悪くない。むしろ使ってみるとかなり満足できた。,1,高評価,映画,train
2221,タブレットは組み立てやすさに良い点もあった。しかし接続の安定性に問題があり、結果的にはおすすめしにくい。,0,低評価,EC商品,train
2222,予約アプリを使ってみたが、操作性が期待外れだった。,0,低評価,アプリ,train
2223,起動速度は魅力的だったが、ログインがかなり残念で、全体としては満足できなかった。,0,低評価,アプリ,test
2224,同期機能は決して悪くなく、SNSアプリを選んで良かったと思う。,1,高評価,アプリ,train
2225,期待して購入した。頑丈さがとても良かったので、ヘッドホンをまた利用したい。,1,高評価,EC商品,train
2226,動作速度が想像より良く、動画アプリには高評価を付けたい。,1,高評価,アプリ,train
2227,アメニティがとても良かったので、カプセルホテルをまた利用したい。,1,高評価,ホテル,train
2228,音質が全く使えないわけではないが、ヘッドホンを高く評価するほどではない。,0,低評価,EC商品,train
2229,パソコンを使ってみたが、操作感が期待以上だった。,1,高評価,EC商品,train
2230,アニメ映画は一見良さそうでキャラクターも悪くない。それでも世界観がひどく、次は選ばない。,0,低評価,映画,train
2231,評判が良かったので試した。ベッドの快適さは予想以上だったが、そのほかは価格が使いにくく不満が残った。,0,低評価,ホテル,train
2232,期待して購入した。起動速度が残念だったので、読書アプリはもう利用したくない。,0,低評価,アプリ,train
2233,ビジネスホテルは期待に応えてくれなかった。防音にも満足できない。,0,低評価,ホテル,test
2234,しばらく利用した結果、カフェは高くないわけではないが、価格を考えると納得できる。,1,高評価,飲食店,train
2235,アクション映画を使ってみたが、伏線が期待外れだった。,0,低評価,映画,train
2236,マウスは使いやすさが悪く、かなり不満が残った。,0,低評価,EC商品,train
2237,回転寿司は期待外れ。立地と温度のどちらも使いにくく、がっかりした。,0,低評価,飲食店,train
2238,盛り付けは魅力的だったが、ボリュームがかなり残念で、全体としては満足できなかった。,0,低評価,飲食店,train
2239,民宿を使ってみたが、価格が期待外れだった。,0,低評価,ホテル,train
2240,ニュースアプリを使ってみたが、読み込み速度が期待以上だった。,1,高評価,アプリ,test
2241,迫力は予想以上だったが、そのほかはストーリーが使いにくく不満が残った。,0,低評価,映画,train
2242,カレンダーアプリは完璧ではなくレスポンスに難がある。それでも画面の見やすさが優れていて満足度は高い。,1,高評価,アプリ,train
2243,今回初めて利用した。ビュッフェは温度が安定していて、ストレスなく使えた。,1,高評価,飲食店,train
2244,マウスは最初操作感が気になったが、使い続けると反応速度の良さが分かり、今は満足している。,1,高評価,EC商品,train
2245,実際に使ってみると、モニターは最初軽さが気になったが、使い続けるとサイズ感の良さが分かり、今は満足している。,1,高評価,EC商品,train
2246,チャットアプリは完璧ではなくレスポンスに難がある。それでも安定性が優れていて満足度は高い。,1,高評価,アプリ,train
2247,香りが良くないというレビューもあったが、自分は中華料理店に満足している。,1,高評価,飲食店,train
2248,居酒屋は料理の味に少し不満があったが、デザートは良く、総合的には満足している。,1,高評価,飲食店,train
2249,うどん店を使ってみたが、価格が期待以上だった。,1,高評価,飲食店,train
2250,ケーブルは高くないわけではないが、軽さを考えると納得できる。,1,高評価,EC商品,train
2251,予約アプリは値段に見合わない。特に操作性に問題があった。,0,低評価,アプリ,train
2252,評判が良かったので試した。チャットアプリはアップデートが良く、かなり十分満足している。,1,高評価,アプリ,train
2253,何度か利用してみた。定食屋は立地が悪く、かなり不満が残った。,0,低評価,飲食店,train
2254,今回初めて利用した。山の旅館は眺めで気になる点もあった。しかしベッドの快適さが良く、結果的には買って良かった。,1,高評価,ホテル,train
2255,家族向け映画を使ってみたが、ラストが期待以上だった。,1,高評価,映画,train
2256,待ち時間に大きな不満はなく、イタリアンを選んで正解だった。,1,高評価,飲食店,train
2257,何度か利用してみた。民宿はアクセスが良く、かなり満足している。,1,高評価,ホテル,train
2258,焼肉店は温度は良かったが、デザートが悪く、総合的には不満が残った。,0,低評価,飲食店,validation
2259,演出に不満があり、アクション映画を選んだのは失敗だった。,0,低評価,映画,train
2260,しばらく利用した結果、ドラマ映画は期待に応えてくれなかった。映像美にも満足できない。,0,低評価,映画,train
2261,コメディ映画は値段に見合わない。特に迫力に問題があった。,0,低評価,映画,train
2262,焼肉店は食材の新鮮さも盛り付けもかなり悪かった。残念だが低評価。,0,低評価,飲食店,train
2263,一週間ほど試した。バッグは期待を裏切らなかった。音質にも不満はない。,1,高評価,EC商品,train
2264,評判が良かったので試した。リゾートを使ってみたが、朝食が期待以上だった。,1,高評価,ホテル,train
2265,期待して購入した。居酒屋は提供の早さが悪く、かなり不満が残った。,0,低評価,飲食店,validation
2266,評判が良かったので試した。工具セットは反応速度もバッテリー持ちも非常に良かった。文句なしで高評価。,1,高評価,EC商品,train
2267,カプセルホテルの部屋の清潔さは悪くない。むしろ使ってみるとかなり満足できた。,1,高評価,ホテル,train
2268,ラーメン店は最初席の広さが良いと感じたが、使い続けると提供の早さの問題が目立ち、評価は下がった。,0,低評価,飲食店,train
2269,掃除機は期待外れ。デザインと接続の安定性のどちらも使いにくく、がっかりした。,0,低評価,EC商品,train
2270,何度か利用してみた。読書アプリは画面の見やすさは良かったが、機能の分かりやすさが悪く、総合的には不満が残った。,0,低評価,アプリ,train
2271,ストーリーに問題があり、さらに伏線にも不満がある。アニメ映画はもう選ばない。,0,低評価,映画,validation
2272,中華料理店はメニューの豊富さは良かったが、提供の早さが悪く、総合的には不満が残った。,0,低評価,飲食店,validation
2273,ナビアプリは最初レスポンスが良いと感じたが、使い続けると設定画面の問題が目立ち、評価は下がった。,0,低評価,アプリ,validation
2274,カプセルホテルは最初チェックインのスムーズさが良いと感じたが、使い続けると清掃の問題が目立ち、評価は下がった。,0,低評価,ホテル,train
2275,地図アプリは検索精度で気になる点もあった。しかし同期機能が良く、結果的には買って良かった。,1,高評価,アプリ,train
2276,実際に使ってみると、説明書には改善してほしい部分があるが、頑丈さはかなり良く、全体としては気に入った。,1,高評価,EC商品,train
2277,しばらく利用した結果、余韻が少し悪くなっているところもあったが、そのほかは世界観が良く使いやすい。,1,高評価,映画,train
2278,待ち時間は予想以上だったが、そのほかは店内の清潔さが使いにくく不満が残った。,0,低評価,飲食店,validation
2279,一週間ほど試した。サイズ感に問題があり、さらに説明書にも不満がある。タブレットはもう選ばない。,0,低評価,EC商品,train
2280,コメディ映画は演出に良い点もあった。しかし迫力に問題があり、結果的にはおすすめしにくい。,0,低評価,映画,test
2281,最初の印象では、ニュースアプリは期待に応えてくれなかった。動作速度にも満足できない。,0,低評価,アプリ,validation
2282,高級ホテルは最初館内設備が良いと感じたが、使い続けると静かさの問題が目立ち、評価は下がった。,0,低評価,ホテル,train
2283,一週間ほど試した。眺めが少し悪くなっているところもあったが、そのほかはWi-Fiが良く使いやすい。,1,高評価,ホテル,train
2284,しばらく利用した結果、スタッフの対応が全く使えないわけではないが、ケーキ店を高く評価するほどではない。,0,低評価,飲食店,train
2285,カフェは値段に見合わない。特にボリュームに問題があった。,0,低評価,飲食店,train
2286,一週間ほど試した。天気アプリは期待以上。通知機能と安定性のどちらも使いやすく、とても気に入った。,1,高評価,アプリ,train
2287,レビューを見て選んだが、カフェは値段に見合わない。特に店内の清潔さに問題があった。,0,低評価,飲食店,train
2288,組み立てやすさは決して悪くなく、水筒を選んで良かったと思う。,1,高評価,EC商品,train
2289,実際に使ってみると、タブレットは値段に見合わない。特にデザインに問題があった。,0,低評価,EC商品,validation
2290,ログインに大きな不満はなく、読書アプリを選んで正解だった。,1,高評価,アプリ,train
2291,しばらく利用した結果、ラストが素晴らしく、さらに迫力にも満足した。ホラー映画をまた選びたい。,1,高評価,映画,train
2292,ハンバーガー店はボリュームが安定していて、ストレスなく使えた。,1,高評価,飲食店,test
2293,今回初めて利用した。香りが残念だったので、イタリアンはもう利用したくない。,0,低評価,飲食店,train
2294,手触りは決して悪くなく、バッグを選んで良かったと思う。,1,高評価,EC商品,test
2295,音楽には満足したものの、アクションが期待外れだったのでSF映画には低評価を付けたい。,0,低評価,映画,train
2296,起動速度には改善してほしい部分があるが、同期機能はかなり良く、全体としては気に入った。,1,高評価,アプリ,train
2297,席の広さがとても良かったので、ビュッフェをまた利用したい。,1,高評価,飲食店,train
2298,アクションが少し悪くなっているところもあったが、そのほかは伏線が良く使いやすい。,1,高評価,映画,train
2299,ハンバーガー店はメニューの豊富さが安定していて、ストレスなく使えた。,1,高評価,飲食店,validation
2300,山の旅館は期待以上。朝食と浴場のどちらも使いやすく、とても気に入った。,1,高評価,ホテル,train
2301,ストーリーは魅力的だったが、脚本がかなり残念で、全体としては満足できなかった。,0,低評価,映画,test
2302,組み立てやすさには満足したものの、軽さが期待外れだったので椅子には低評価を付けたい。,0,低評価,EC商品,train
2303,一週間ほど試した。家族向け映画はキャラクターが安定していて、ストレスなく使えた。,1,高評価,映画,train
2304,サスペンス映画は期待外れ。世界観と映像のどちらも使いにくく、がっかりした。,0,低評価,映画,train
2305,スタッフの対応がとても良かったので、焼肉店をまた利用したい。,1,高評価,飲食店,train
2306,短編映画を使ってみたが、余韻が期待以上だった。,1,高評価,映画,train
2307,何度か利用してみた。音楽アプリの通知機能は良くない。期待していただけに残念だった。,0,低評価,アプリ,train
2308,レビューを見て選んだが、接客に問題があり、さらにスタッフの対応にも不満がある。寿司店はもう選ばない。,0,低評価,飲食店,validation
2309,一週間ほど試した。音楽映画は値段以上の価値を感じた。特に感情表現が素晴らしい。,1,高評価,映画,train
2310,水筒を使ってみたが、動作の安定性が期待外れだった。,0,低評価,EC商品,train
2311,最初の印象では、館内設備には満足したものの、朝食が期待外れだったので観光ホテルには低評価を付けたい。,0,低評価,ホテル,train
2312,料理の味が想像より良く、中華料理店には高評価を付けたい。,1,高評価,飲食店,train
2313,レビューを見て選んだが、リゾートホテルは清掃が安定していて、ストレスなく使えた。,1,高評価,ホテル,train
2314,注文のしやすさが残念だったので、喫茶店はもう利用したくない。,0,低評価,飲食店,train
2315,焼肉店は期待外れ。価格とスタッフの対応のどちらも使いにくく、がっかりした。,0,低評価,飲食店,train
2316,ニュースアプリは最初デザインが気になったが、使い続けると検索精度の良さが分かり、今は高く評価している。,1,高評価,アプリ,validation
2317,レビューを見て選んだが、地図アプリはレスポンスが悪く、かなり不満が残った。,0,低評価,アプリ,train
2318,空港ホテルは安くないのに、部屋の清潔さがこの程度では納得できない。,0,低評価,ホテル,train
2319,焼肉店を使ってみたが、雰囲気が期待外れだった。,0,低評価,飲食店,train
2320,アクセスがとても良かったので、温泉ホテルをまた利用したい。,1,高評価,ホテル,train
2321,耐久性は予想以上だったが、そのほかは動作の安定性が使いにくく不満が残った。,0,低評価,EC商品,train
2322,レビューを見て選んだが、和風旅館はWi-Fiが悪く、かなり不満が残った。,0,低評価,ホテル,train
2323,期待して購入した。サイズ感に問題があり、さらに頑丈さにも不満がある。組み立て家具はもう選ばない。,0,低評価,EC商品,train
2324,モニターは最初反応速度が良いと感じたが、使い続けると組み立てやすさの問題が目立ち、評価は下がった。,0,低評価,EC商品,train
2325,料理の味に不満があり、カフェを選んだのは失敗だった。,0,低評価,飲食店,train
2326,静かさが想像より良く、海辺のホテルには高評価を付けたい。,1,高評価,ホテル,train
2327,コメディ映画は声優も演技もかなり悪かった。残念だが低評価。,0,低評価,映画,validation
2328,実際に使ってみると、ドキュメンタリー映画は期待以上。構成と迫力のどちらも使いやすく、とても気に入った。,1,高評価,映画,train
2329,学習アプリは値段以上の価値を感じた。特にデザインが素晴らしい。,1,高評価,アプリ,train
2330,安定性に大きな不満はなく、地図アプリを選んで正解だった。,1,高評価,アプリ,train
2331,実際に使ってみると、カレンダーアプリを使ってみたが、使い勝手が期待外れだった。,0,低評価,アプリ,train
2332,ミステリー映画は期待を裏切らなかった。構成にも不満はない。,1,高評価,映画,train
2333,店内の清潔さが想像より悪く、居酒屋には低評価を付けたい。,0,低評価,飲食店,train
2334,ホテルはアメニティが悪く、かなり不満が残った。,0,低評価,ホテル,train
2335,冒険映画は感情表現が安定していて、ストレスなく使えた。,1,高評価,映画,train
2336,収納棚は完璧ではなく軽さに難がある。それでも品質が優れていて満足度は高い。,1,高評価,EC商品,train
2337,家計簿アプリは通知機能が良く、かなり気に入っている。,1,高評価,アプリ,train
2338,会話が少し悪くなっているところもあったが、そのほかは迫力が良く使いやすい。,1,高評価,映画,train
2339,カプセルホテルはフロント対応に少し不満があったが、静かさは良く、総合的には満足している。,1,高評価,ホテル,train
2340,期待して購入した。ゲストハウスは最初アメニティが気になったが、使い続けると朝食の良さが分かり、今は気に入っている。,1,高評価,ホテル,train
2341,静音性に不満があり、ケーブルを選んだのは失敗だった。,0,低評価,EC商品,train
2342,価格は少し悪かったものの、清掃が期待以上だったので旅館には高評価を付けたい。,1,高評価,ホテル,train
2343,映像美は決して悪くなく、恋愛映画を選んで良かったと思う。,1,高評価,映画,test
2344,リゾートは値段以上の価値を感じた。特に浴場が素晴らしい。,1,高評価,ホテル,train
2345,SF映画は映像に少し不満があったが、アクションは良く、総合的には満足している。,1,高評価,映画,test
2346,眺めが素晴らしく、さらにWi-Fiにも満足した。旅館をまた選びたい。,1,高評価,ホテル,train
2347,スピーカーを使ってみたが、サイズ感が期待外れだった。,0,低評価,EC商品,train
2348,中華料理店は席の広さで気になる点もあった。しかし料理の味が良く、結果的には買って良かった。,1,高評価,飲食店,train
2349,何度か利用してみた。海辺のホテルは館内設備に少し不満があったが、チェックアウトは良く、総合的には満足している。,1,高評価,ホテル,train
2350,一週間ほど試した。中華料理店は温度が不安定で、かなりストレスを感じた。,0,低評価,飲食店,test
2351,犯罪映画は映像美は良かったが、音楽が悪く、総合的には不満が残った。,0,低評価,映画,train
2352,検索精度が素晴らしく、さらに操作性にも満足した。SNSアプリをまた選びたい。,1,高評価,アプリ,train
2353,今回初めて利用した。ニュースアプリはデザインが安定していて、ストレスなく使えた。,1,高評価,アプリ,test
2354,スピーカーは梱包で気になる点もあった。しかし接続の安定性が良く、結果的には買って良かった。,1,高評価,EC商品,validation
2355,ドリンクが想像より良く、ケーキ店には高評価を付けたい。,1,高評価,飲食店,train
2356,アメニティが少し悪くなっているところもあったが、そのほかはスタッフの対応が良く使いやすい。,1,高評価,ホテル,train
2357,コストパフォーマンスに問題がないとは言えないが、パソコンは総合的には十分満足できる。,1,高評価,EC商品,train
2358,水筒は期待を裏切らなかった。動作の安定性にも不満はない。,1,高評価,EC商品,train
2359,評判が良かったので試した。入力のしやすさに問題がないとは言えないが、読書アプリは総合的には十分満足できる。,1,高評価,アプリ,test
2360,ホラー映画は世界観もラストもかなり悪かった。残念だが低評価。,0,低評価,映画,train
2361,評判が良かったので試した。SNSアプリは機能の分かりやすさは良かったが、レスポンスが悪く、総合的には不満が残った。,0,低評価,アプリ,train
2362,地図アプリを使ってみたが、操作性が期待以上だった。,1,高評価,アプリ,train
2363,観光ホテルはアメニティで気になる点もあった。しかし眺めが良く、結果的には買って良かった。,1,高評価,ホテル,test
2364,SNSアプリは完璧ではなく同期機能に難がある。それでも機能の分かりやすさが優れていて満足度は高い。,1,高評価,アプリ,test
2365,最初の印象では、モニターは一見良さそうで動作の安定性も悪くない。それでも静音性がひどく、次は選ばない。,0,低評価,EC商品,train
2366,Wi-Fiは決して良いとは言えず、海辺のホテルには満足できなかった。,0,低評価,ホテル,train
2367,レビューを見て選んだが、短編映画を使ってみたが、演出が期待外れだった。,0,低評価,映画,train
2368,民宿は最初アクセスが良いと感じたが、使い続けると防音の問題が目立ち、評価は下がった。,0,低評価,ホテル,train
2369,音楽アプリを使ってみたが、安定性が期待以上だった。,1,高評価,アプリ,train
2370,そば屋は期待外れ。価格と注文のしやすさのどちらも使いにくく、がっかりした。,0,低評価,飲食店,train
2371,朝食が素晴らしく、さらに眺めにも満足した。高級ホテルをまた選びたい。,1,高評価,ホテル,test
2372,イタリアンを使ってみたが、会計が期待外れだった。,0,低評価,飲食店,train
2373,焼肉店は香りに少し不満があったが、食材の新鮮さは良く、総合的には満足している。,1,高評価,飲食店,validation
2374,期待して購入した。会話が残念だったので、犯罪映画はもう利用したくない。,0,低評価,映画,train
2375,ドラマ映画は期待外れ。キャラクターと構成のどちらも使いにくく、がっかりした。,0,低評価,映画,train
2376,フロント対応が良くないというレビューもあったが、自分は海辺のホテルに満足している。,1,高評価,ホテル,train
2377,使いやすさには満足したものの、コストパフォーマンスが期待外れだったので掃除機には低評価を付けたい。,0,低評価,EC商品,test
2378,ドラマ映画は最初アクションが気になったが、使い続けると伏線の良さが分かり、今は満足している。,1,高評価,映画,train
2379,一週間ほど試した。アクション映画は高くないわけではないが、テーマを考えると納得できる。,1,高評価,映画,validation
2380,最初の印象では、ドキュメンタリー映画は演技が悪く、かなり不満が残った。,0,低評価,映画,train
2381,学習アプリは動作速度が良く、かなり満足している。,1,高評価,アプリ,test
2382,今回初めて利用した。回転寿司は期待以上。香りと立地のどちらも使いやすく、とても気に入った。,1,高評価,飲食店,train
2383,操作性が少し悪くなっているところもあったが、そのほかは画面の見やすさが良く使いやすい。,1,高評価,アプリ,train
2384,館内設備が素晴らしく、さらに静かさにも満足した。ゲストハウスをまた選びたい。,1,高評価,ホテル,train
2385,広告の少なさが少し悪くなっているところもあったが、そのほかは動作速度が良く使いやすい。,1,高評価,アプリ,train
2386,最初の印象では、バッグを使ってみたが、サイズ感が期待外れだった。,0,低評価,EC商品,train
2387,イヤホンを使ってみたが、組み立てやすさが期待外れだった。,0,低評価,EC商品,train
2388,声優に大きな不満はなく、冒険映画を選んで正解だった。,1,高評価,映画,train
2389,ステーキ店は一見良さそうで注文のしやすさも悪くない。それでも香りがひどく、次は選ばない。,0,低評価,飲食店,train
2390,メニューの豊富さは決して悪くなく、そば屋を選んで良かったと思う。,1,高評価,飲食店,train
2391,戦争映画はストーリーが良く、かなり満足している。,1,高評価,映画,train
2392,工具セットを使ってみたが、品質が期待外れだった。,0,低評価,EC商品,validation
2393,民宿は期待以上。Wi-Fiと立地のどちらも使いやすく、とても気に入った。,1,高評価,ホテル,train
2394,ボリュームに不満があり、ビュッフェを選んだのは失敗だった。,0,低評価,飲食店,train
2395,格安ホテルは最初アクセスが良いと感じたが、使い続けると部屋の広さの問題が目立ち、評価は下がった。,0,低評価,ホテル,train
2396,デスクを使ってみたが、手触りが期待以上だった。,1,高評価,EC商品,train
2397,最初の印象では、香りに大きな不満はなく、パン屋を選んで正解だった。,1,高評価,飲食店,train
2398,アクション映画を使ってみたが、アクションが期待以上だった。,1,高評価,映画,test
2399,頑丈さには満足したものの、使いやすさが期待外れだったのでモニターには低評価を付けたい。,0,低評価,EC商品,train
2400,テンポが想像より良く、アニメ映画には高評価を付けたい。,1,高評価,映画,train
2401,チャットアプリは値段以上の価値を感じた。特に安定性が素晴らしい。,1,高評価,アプリ,validation
2402,今回初めて利用した。ゲストハウスは部屋の清潔さもアメニティもかなり悪かった。残念だが低評価。,0,低評価,ホテル,train
2403,設定画面が素晴らしく、さらに広告の少なさにも満足した。ゲームアプリをまた選びたい。,1,高評価,アプリ,train
2404,電源タップは動作の安定性が良く、かなり満足している。,1,高評価,EC商品,train
2405,パソコンはバッテリー持ちが不安定で、かなりストレスを感じた。,0,低評価,EC商品,train
2406,同期機能が少し悪くなっているところもあったが、そのほかは通知機能が良く使いやすい。,1,高評価,アプリ,train
2407,香りは予想以上だったが、そのほかは接客が使いにくく不満が残った。,0,低評価,飲食店,train
2408,歴史映画は演出に少し不満があったが、感情表現は良く、総合的には満足している。,1,高評価,映画,test
2409,実際に使ってみると、映像美は魅力的だったが、世界観がかなり残念で、全体としては満足できなかった。,0,低評価,映画,train
2410,演技に不満があり、歴史映画を選んだのは失敗だった。,0,低評価,映画,train
2411,冒険映画はストーリーも脚本もかなり悪かった。残念だが低評価。,0,低評価,映画,test
2412,香りは魅力的だったが、料理の味がかなり残念で、全体としては満足できなかった。,0,低評価,飲食店,train
2413,接客に大きな不満はなく、ステーキ店を選んで正解だった。,1,高評価,飲食店,train
2414,寿司店は期待に応えてくれなかった。盛り付けにも満足できない。,0,低評価,飲食店,train
2415,山の旅館は期待以上。Wi-Fiとアクセスのどちらも使いやすく、とても気に入った。,1,高評価,ホテル,validation
2416,しばらく利用した結果、SF映画は値段以上の価値を感じた。特にキャラクターが素晴らしい。,1,高評価,映画,test
2417,水筒は値段以上の価値を感じた。特に使いやすさが素晴らしい。,1,高評価,EC商品,train
2418,しばらく利用した結果、デスクは接続の安定性が安定していて、ストレスなく使えた。,1,高評価,EC商品,train
2419,使いやすさが残念だったので、電源タップはもう利用したくない。,0,低評価,EC商品,train
2420,メモアプリは期待外れ。入力のしやすさと読み込み速度のどちらも使いにくく、がっかりした。,0,低評価,アプリ,train
2421,収納棚は安くないのに、音質がこの程度では納得できない。,0,低評価,EC商品,validation
2422,SF映画の迫力は悪くない。むしろ使ってみるとかなり満足できた。,1,高評価,映画,train
2423,実際に使ってみると、サスペンス映画はテーマで気になる点もあった。しかしストーリーが良く、結果的には買って良かった。,1,高評価,映画,train
2424,操作感は魅力的だったが、コストパフォーマンスがかなり残念で、全体としては満足できなかった。,0,低評価,EC商品,train
2425,温泉ホテルは防音が悪く、かなり不満が残った。,0,低評価,ホテル,train
2426,そば屋の雰囲気は良くない。期待していただけに残念だった。,0,低評価,飲食店,train
2427,メニューの豊富さが良くないというレビューもあったが、自分はファミレスに満足している。,1,高評価,飲食店,validation
2428,しばらく利用した結果、アメニティが想像より悪く、高級ホテルには低評価を付けたい。,0,低評価,ホテル,train
2429,梱包が少し悪くなっているところもあったが、そのほかは手触りが良く使いやすい。,1,高評価,EC商品,train
2430,一週間ほど試した。静音性に不満があり、組み立て家具を選んだのは失敗だった。,0,低評価,EC商品,train
2431,検索精度は決して悪くなく、ニュースアプリを選んで良かったと思う。,1,高評価,アプリ,train
2432,期待して購入した。フロント対応は予想以上だったが、そのほかは価格が使いにくく不満が残った。,0,低評価,ホテル,train
2433,ケーブルは期待外れ。梱包とネジ穴の精度のどちらも使いにくく、がっかりした。,0,低評価,EC商品,train
2434,回転寿司は期待以上。料理の味と会計のどちらも使いやすく、とても気に入った。,1,高評価,飲食店,train
2435,評判が良かったので試した。カプセルホテルはベッドの快適さが悪く、かなり不満が残った。,0,低評価,ホテル,train
2436,工具セットは値段以上の価値を感じた。特にデザインが素晴らしい。,1,高評価,EC商品,test
2437,一週間ほど試した。パソコンはサイズ感に良い点もあった。しかし静音性に問題があり、結果的にはおすすめしにくい。,0,低評価,EC商品,train
2438,カプセルホテルは期待外れ。浴場とスタッフの対応のどちらも使いにくく、がっかりした。,0,低評価,ホテル,train
2439,今回初めて利用した。会話は予想以上だったが、そのほかは感情表現が使いにくく不満が残った。,0,低評価,映画,train
2440,洋食店は期待を裏切らなかった。雰囲気にも不満はない。,1,高評価,飲食店,train
2441,最初の印象では、部屋の清潔さには満足したものの、アクセスが期待外れだったので観光ホテルには低評価を付けたい。,0,低評価,ホテル,train
2442,実際に使ってみると、温度が想像より悪く、定食屋には低評価を付けたい。,0,低評価,飲食店,train
2443,メモアプリは期待外れ。操作性と起動速度のどちらも使いにくく、がっかりした。,0,低評価,アプリ,train
2444,待ち時間がとても良かったので、そば屋をまた利用したい。,1,高評価,飲食店,test
2445,梱包が残念だったので、ヘッドホンはもう利用したくない。,0,低評価,EC商品,train
2446,スタッフの対応は少し悪かったものの、眺めが期待以上だったので旅館には高評価を付けたい。,1,高評価,ホテル,train
2447,感情表現は魅力的だったが、世界観がかなり残念で、全体としては満足できなかった。,0,低評価,映画,train
2448,評判が良かったので試した。カフェは値段に見合わない。特に雰囲気に問題があった。,0,低評価,飲食店,test
2449,期待して購入した。映像美には満足したものの、音楽が期待外れだったのでファンタジー映画には低評価を付けたい。,0,低評価,映画,train
2450,そば屋はメニューの豊富さに良い点もあった。しかしデザートに問題があり、結果的にはおすすめしにくい。,0,低評価,飲食店,validation
2451,写真アプリのアップデートは悪くない。むしろ使ってみるとかなり満足できた。,1,高評価,アプリ,test
2452,山の旅館を使ってみたが、清掃が期待外れだった。,0,低評価,ホテル,train
2453,ネジ穴の精度に大きな不満はなく、ヘッドホンを選んで正解だった。,1,高評価,EC商品,train
2454,会話は予想以上だったが、そのほかはラストが使いにくく不満が残った。,0,低評価,映画,validation
2455,何度か利用してみた。テンポが良くないというレビューもあったが、自分はミステリー映画に満足している。,1,高評価,映画,train
2456,高級ホテルは一見良さそうで静かさも悪くない。それでもベッドの快適さがひどく、次は選ばない。,0,低評価,ホテル,train
2457,イタリアンは提供の早さは良かったが、デザートが悪く、総合的には不満が残った。,0,低評価,飲食店,train
2458,手触りが残念だったので、スピーカーはもう利用したくない。,0,低評価,EC商品,test
2459,予約アプリは同期機能に少し不満があったが、入力のしやすさは良く、総合的には満足している。,1,高評価,アプリ,train
2460,音楽アプリはログインが安定していて、ストレスなく使えた。,1,高評価,アプリ,test
2461,防音が残念だったので、空港ホテルはもう利用したくない。,0,低評価,ホテル,train
2462,実際に使ってみると、椅子は最初バッテリー持ちが気になったが、使い続けると使いやすさの良さが分かり、今は満足している。,1,高評価,EC商品,train
2463,しばらく利用した結果、防音は決して悪くなく、シティホテルを選んで良かったと思う。,1,高評価,ホテル,train
2464,カプセルホテルは最初部屋の広さが気になったが、使い続けると価格の良さが分かり、今は満足している。,1,高評価,ホテル,test
2465,眺めが残念だったので、和風旅館はもう利用したくない。,0,低評価,ホテル,train
2466,実際に使ってみると、ドリンクは予想以上だったが、そのほかは盛り付けが使いにくく不満が残った。,0,低評価,飲食店,train
2467,朝食は予想以上だったが、そのほかは静かさが使いにくく不満が残った。,0,低評価,ホテル,test
2468,カプセルホテルは空調も価格も非常に良かった。文句なしで高評価。,1,高評価,ホテル,train
2469,レビューを見て選んだが、アクションに大きな不満はなく、家族向け映画を選んで正解だった。,1,高評価,映画,test
2470,今回初めて利用した。和風旅館は眺めが不安定で、かなりストレスを感じた。,0,低評価,ホテル,train
2471,しばらく利用した結果、温度は予想以上だったが、そのほかは食材の新鮮さが使いにくく納得できなかった。,0,低評価,飲食店,train
2472,家族向け映画は構成が不安定で、かなりストレスを感じた。,0,低評価,映画,train
2473,観光ホテルは最初朝食が良いと感じたが、使い続けるとチェックインのスムーズさの問題が目立ち、評価は下がった。,0,低評価,ホテル,train
2474,静音性が少し悪くなっているところもあったが、そのほかは梱包が良く使いやすい。,1,高評価,EC商品,test
2475,ビュッフェは期待以上。価格と温度のどちらも使いやすく、とても気に入った。,1,高評価,飲食店,train
2476,静かさが想像より悪く、海辺のホテルには低評価を付けたい。,0,低評価,ホテル,train
2477,説明書が残念だったので、バッグはもう利用したくない。,0,低評価,EC商品,train
2478,カレー店は一見良さそうでボリュームも悪くない。それでも料理の味がひどく、次は選ばない。,0,低評価,飲食店,train
2479,リゾートのアクセスは良くない。期待していただけに残念だった。,0,低評価,ホテル,train
2480,今回初めて利用した。部屋の広さは魅力的だったが、チェックインのスムーズさがかなり残念で、全体としては満足できなかった。,0,低評価,ホテル,train
2481,実際に使ってみると、カレンダーアプリは画面の見やすさが良く、かなり満足している。,1,高評価,アプリ,train
2482,ファンタジー映画を使ってみたが、ラストが期待以上だった。,1,高評価,映画,train
2483,実際に使ってみると、設定画面は少し悪かったものの、広告の少なさが期待以上だったので家計簿アプリには高評価を付けたい。,1,高評価,アプリ,train
2484,浴場は予想以上だったが、そのほかは部屋の広さが使いにくく不満が残った。,0,低評価,ホテル,validation
2485,ファンタジー映画は最初テンポが良いと感じたが、使い続けると迫力の問題が目立ち、評価は下がった。,0,低評価,映画,train
2486,説明書が想像より良く、デスクには高評価を付けたい。,1,高評価,EC商品,train
2487,喫茶店は高くないわけではないが、香りを考えると納得できる。,1,高評価,飲食店,train
2488,浴場がとても良かったので、ホテルをまた利用したい。,1,高評価,ホテル,train
2489,入力のしやすさが素晴らしく、さらにアップデートにも満足した。ナビアプリをまた選びたい。,1,高評価,アプリ,train
2490,操作性が残念だったので、SNSアプリはもう利用したくない。,0,低評価,アプリ,train
2491,評判が良かったので試した。立地が残念だったので、寿司店はもう利用したくない。,0,低評価,飲食店,train
2492,清掃は予想以上だったが、そのほかは朝食が使いにくくかなり残念だった。,0,低評価,ホテル,train
2493,会話に問題があり、さらにキャラクターにも不満がある。ホラー映画はもう選ばない。,0,低評価,映画,validation
2494,今回初めて利用した。チャットアプリは最初ログインが良いと感じたが、使い続けると使い勝手の問題が目立ち、評価は下がった。,0,低評価,アプリ,train
2495,演出は予想以上だったが、そのほかは感情表現が使いにくく不満が残った。,0,低評価,映画,train
2496,コメディ映画は会話が不安定で、かなりストレスを感じた。,0,低評価,映画,train
2497,タスク管理アプリは使い勝手が悪く、かなり不満が残った。,0,低評価,アプリ,train
2498,実際に使ってみると、組み立て家具は値段に見合わない。特にサイズ感に問題があった。,0,低評価,EC商品,train
2499,提供の早さがとても良かったので、ラーメン店をまた利用したい。,1,高評価,飲食店,train
2500,ハンバーガー店は店内の清潔さが安定していて、ストレスなく使えた。,1,高評価,飲食店,train
2501,学習アプリは検索精度で気になる点もあった。しかし使い勝手が良く、結果的には買って良かった。,1,高評価,アプリ,train
2502,今回初めて利用した。和風旅館は高くないわけではないが、チェックインのスムーズさを考えると納得できる。,1,高評価,ホテル,test
2503,ドキュメンタリー映画は高くないわけではないが、テーマを考えると納得できる。,1,高評価,映画,train
2504,期待して購入した。リゾートホテルは一見良さそうで部屋の清潔さも悪くない。それでもチェックアウトがひどく、次は選ばない。,0,低評価,ホテル,train
2505,評判が良かったので試した。カプセルホテルは完璧ではなくWi-Fiに難がある。それでも館内設備が優れていて満足度は高い。,1,高評価,ホテル,test
2506,レスポンスは少し悪かったものの、同期機能が期待以上だったので家計簿アプリには高評価を付けたい。,1,高評価,アプリ,train
2507,スタッフの対応が素晴らしく、さらに館内設備にも満足した。ビジネスホテルをまた選びたい。,1,高評価,ホテル,validation
2508,カプセルホテルは値段に見合わない。特に部屋の清潔さに問題があった。,0,低評価,ホテル,train
2509,席の広さに不満があり、定食屋を選んだのは失敗だった。,0,低評価,飲食店,train
2510,一週間ほど試した。スタッフの対応が想像より良く、リゾートホテルには高評価を付けたい。,1,高評価,ホテル,train
2511,戦争映画の構成は悪くない。むしろ使ってみるとかなり満足できた。,1,高評価,映画,test
2512,学習アプリは完璧ではなくレスポンスに難がある。それでもアップデートが優れていて満足度は高い。,1,高評価,アプリ,train
2513,イヤホンは説明書もサイズ感も非常に良かった。文句なしで高評価。,1,高評価,EC商品,test
2514,パソコンは組み立てやすさに良い点もあった。しかし反応速度に問題があり、結果的にはおすすめしにくい。,0,低評価,EC商品,train
2515,スマートフォンは最初コストパフォーマンスが良いと感じたが、使い続けると反応速度の問題が目立ち、評価は下がった。,0,低評価,EC商品,train
2516,通知機能が想像より悪く、翻訳アプリには低評価を付けたい。,0,低評価,アプリ,train
2517,しばらく利用した結果、予約アプリは検索精度に良い点もあった。しかし使い勝手に問題があり、結果的にはおすすめしにくい。,0,低評価,アプリ,train
2518,ミステリー映画は最初会話が気になったが、使い続けると世界観の良さが分かり、今は満足している。,1,高評価,映画,train
2519,アップデートに不満があり、ゲームアプリを選んだのは失敗だった。,0,低評価,アプリ,test
2520,しばらく利用した結果、使い勝手は予想以上だったが、そのほかは機能の分かりやすさが使いにくく不満が残った。,0,低評価,アプリ,train
2521,レビューを見て選んだが、ゲームアプリはレスポンスも通知機能もかなり悪かった。残念だが低評価。,0,低評価,アプリ,train
2522,フロント対応がとても良かったので、ホテルをまた利用したい。,1,高評価,ホテル,train
2523,カフェは盛り付けが良く、かなり満足している。,1,高評価,飲食店,test
2524,館内設備に問題がないとは言えないが、海辺のホテルは総合的には十分満足できる。,1,高評価,ホテル,train
2525,今回初めて利用した。ログインは魅力的だったが、読み込み速度がかなり残念で、全体としては満足できなかった。,0,低評価,アプリ,test
2526,デザインには満足したものの、サイズ感が期待外れだったので工具セットには低評価を付けたい。,0,低評価,EC商品,train
2527,イタリアンはボリュームに少し不満があったが、ドリンクは良く、総合的には満足している。,1,高評価,飲食店,train
2528,しばらく利用した結果、世界観は決して悪くなく、ホラー映画を選んで良かったと思う。,1,高評価,映画,train
2529,レビューを見て選んだが、盛り付けが少し悪くなっているところもあったが、そのほかはドリンクが良く使いやすい。,1,高評価,飲食店,train
2530,レビューを見て選んだが、ビュッフェは期待外れ。温度とドリンクのどちらも使いにくく、がっかりした。,0,低評価,飲食店,train
2531,カレンダーアプリは同期機能は良かったが、アップデートが悪く、総合的には不満が残った。,0,低評価,アプリ,test
2532,温度が残念だったので、寿司店はもう利用したくない。,0,低評価,飲食店,train
2533,和風旅館を使ってみたが、防音が期待外れだった。,0,低評価,ホテル,train
2534,ストーリーは予想以上だったが、そのほかは伏線が使いにくく不満が残った。,0,低評価,映画,train
2535,駅前ホテルは部屋の広さに少し不満があったが、Wi-Fiは良く、総合的には満足している。,1,高評価,ホテル,validation
2536,動画アプリは期待に応えてくれなかった。デザインにも満足できない。,0,低評価,アプリ,validation
2537,設定画面が全く使えないわけではないが、予約アプリを高く評価するほどではない。,0,低評価,アプリ,train
2538,レビューを見て選んだが、リゾートホテルは値段以上の価値を感じた。特に朝食が素晴らしい。,1,高評価,ホテル,train
2539,イヤホンは音質に少し不満があったが、使いやすさは良く、総合的には高く評価している。,1,高評価,EC商品,train
2540,宿泊施設はスタッフの対応は良かったが、フロント対応が悪く、総合的には不満が残った。,0,低評価,ホテル,test
2541,入力のしやすさが想像より悪く、ニュースアプリには低評価を付けたい。,0,低評価,アプリ,test
2542,館内設備がとても良かったので、高級ホテルをまた利用したい。,1,高評価,ホテル,test
2543,SNSアプリは操作性が悪く、かなり不満が残った。,0,低評価,アプリ,train
2544,海辺のホテルを使ってみたが、アメニティが期待以上だった。,1,高評価,ホテル,train
2545,何度か利用してみた。ナビアプリは同期機能が悪く、かなり不満が残った。,0,低評価,アプリ,train
2546,期待して購入した。アクセスがとても良かったので、海辺のホテルをまた利用したい。,1,高評価,ホテル,train
2547,一週間ほど試した。温泉ホテルを使ってみたが、防音が期待以上だった。,1,高評価,ホテル,train
2548,決済アプリは通知機能が安定していて、ストレスなく使えた。,1,高評価,アプリ,train
2549,歴史映画は期待以上。映像美とテンポのどちらも使いやすく、とても気に入った。,1,高評価,映画,validation
2550,一週間ほど試した。注文のしやすさには改善してほしい部分があるが、ドリンクはかなり良く、全体としては気に入った。,1,高評価,飲食店,train
2551,評判が良かったので試した。チェックインのスムーズさが良くないというレビューもあったが、自分は温泉ホテルに満足している。,1,高評価,ホテル,train
2552,期待して購入した。キーボードは期待外れ。バッテリー持ちと静音性のどちらも使いにくく、がっかりした。,0,低評価,EC商品,train
2553,恋愛映画は演出に少し不満があったが、音楽は良く、総合的には満足している。,1,高評価,映画,train
2554,評判が良かったので試した。洋食店は値段に見合わない。特に食材の新鮮さに問題があった。,0,低評価,飲食店,train
2555,レビューを見て選んだが、洋食店は期待に応えてくれなかった。ドリンクにも満足できない。,0,低評価,飲食店,train
2556,予約アプリは最初デザインが気になったが、使い続けると使い勝手の良さが分かり、今は高く評価している。,1,高評価,アプリ,train
2557,接客が想像より良く、イタリアンには高評価を付けたい。,1,高評価,飲食店,train
2558,一週間ほど試した。ゲームアプリは入力のしやすさで気になる点もあった。しかしアップデートが良く、結果的には買って良かった。,1,高評価,アプリ,train
2559,海辺のホテルの防音は良くない。期待していただけに残念だった。,0,低評価,ホテル,train
2560,戦争映画は一見良さそうで構成も悪くない。それでも音楽がひどく、次は選ばない。,0,低評価,映画,train
2561,レビューを見て選んだが、コストパフォーマンスに不満があり、電源タップを選んだのは失敗だった。,0,低評価,EC商品,test
2562,マウスは軽さに良い点もあった。しかしバッテリー持ちに問題があり、結果的にはおすすめしにくい。,0,低評価,EC商品,train
2563,ステーキ店は値段以上の価値を感じた。特にドリンクが素晴らしい。,1,高評価,飲食店,train
2564,ナビアプリは値段に見合わない。特にログインに問題があった。,0,低評価,アプリ,train
2565,耐久性が残念だったので、バッグはもう利用したくない。,0,低評価,EC商品,train
2566,ドラマ映画のストーリーは良くない。期待していただけに残念だった。,0,低評価,映画,train
2567,デスクは説明書が悪く、かなり不満が残った。,0,低評価,EC商品,train
2568,静かさは魅力的だったが、アメニティがかなり残念で、全体としては満足できなかった。,0,低評価,ホテル,train
2569,反応速度は決して悪くなく、イヤホンを選んで良かったと思う。,1,高評価,EC商品,train
2570,評判が良かったので試した。うどん店は雰囲気が悪く、かなり不満が残った。,0,低評価,飲食店,train
2571,読書アプリは設定画面で気になる点もあった。しかし読み込み速度が良く、結果的には買って良かった。,1,高評価,アプリ,train
2572,朝食が少し悪くなっているところもあったが、そのほかはスタッフの対応が良く使いやすい。,1,高評価,ホテル,train
2573,伏線が想像より悪く、アニメ映画には低評価を付けたい。,0,低評価,映画,train
2574,アクション映画は最初音楽が気になったが、使い続けるとキャラクターの良さが分かり、今は高く評価している。,1,高評価,映画,train
2575,喫茶店は期待以上。待ち時間と食材の新鮮さのどちらも使いやすく、とても気に入った。,1,高評価,飲食店,train
2576,最初の印象では、サイズ感が全く使えないわけではないが、パソコンを高く評価するほどではない。,0,低評価,EC商品,train
2577,モニターは最初操作感が気になったが、使い続けると耐久性の良さが分かり、今は満足している。,1,高評価,EC商品,train
2578,何度か利用してみた。スポーツ映画は値段に見合わない。特に映像に問題があった。,0,低評価,映画,train
2579,音楽アプリは値段以上の価値を感じた。特に使い勝手が素晴らしい。,1,高評価,アプリ,train
2580,期待して購入した。ドキュメンタリー映画は期待に応えてくれなかった。余韻にも満足できない。,0,低評価,映画,train
2581,実際に使ってみると、ホテルは最初浴場が気になったが、使い続けると静かさの良さが分かり、今は満足している。,1,高評価,ホテル,train
2582,今回初めて利用した。価格に不満があり、喫茶店を選んだのは失敗だった。,0,低評価,飲食店,train
2583,最初の印象では、ドキュメンタリー映画は最初世界観が気になったが、使い続けると声優の良さが分かり、今は満足している。,1,高評価,映画,train
2584,メモアプリは安くないのに、アップデートがこの程度では納得できない。,0,低評価,アプリ,train
2585,しばらく利用した結果、駅前ホテルは高くないわけではないが、アクセスを考えると納得できる。,1,高評価,ホテル,train
2586,そば屋は注文のしやすさが安定していて、ストレスなく使えた。,1,高評価,飲食店,train
2587,浴場が想像より良く、リゾートには高評価を付けたい。,1,高評価,ホテル,train
2588,機能の分かりやすさは予想以上だったが、そのほかはバッテリー消費が使いにくく不満が残った。,0,低評価,アプリ,train
2589,レビューを見て選んだが、定食屋は値段に見合わない。特に食材の新鮮さに問題があった。,0,低評価,飲食店,validation
2590,格安ホテルは静かさは良かったが、Wi-Fiが悪く、総合的には不満が残った。,0,低評価,ホテル,train
2591,レビューを見て選んだが、冒険映画はストーリーで気になる点もあった。しかし会話が良く、結果的には買って良かった。,1,高評価,映画,train
2592,レビューを見て選んだが、会話がとても良かったので、音楽映画をまた利用したい。,1,高評価,映画,test
2593,立地には改善してほしい部分があるが、スタッフの対応はかなり良く、全体としては気に入った。,1,高評価,飲食店,train
2594,設定画面が残念だったので、地図アプリはもう利用したくない。,0,低評価,アプリ,train
2595,しばらく利用した結果、アニメ映画は会話に良い点もあった。しかし映像美に問題があり、結果的にはおすすめしにくい。,0,低評価,映画,train
2596,健康管理アプリを使ってみたが、読み込み速度が期待外れだった。,0,低評価,アプリ,train
2597,しばらく利用した結果、スタッフの対応が残念だったので、リゾートはもう利用したくない。,0,低評価,ホテル,test
2598,評判が良かったので試した。犯罪映画を使ってみたが、テンポが期待外れだった。,0,低評価,映画,train
2599,スタッフの対応は魅力的だったが、朝食がかなり残念で、全体としては満足できなかった。,0,低評価,ホテル,train
2600,タスク管理アプリは最初デザインが良いと感じたが、使い続けると使い勝手の問題が目立ち、評価は下がった。,0,低評価,アプリ,train
2601,今回初めて利用した。恋愛映画を使ってみたが、脚本が期待以上だった。,1,高評価,映画,train
2602,動作速度は少し悪かったものの、読み込み速度が期待以上だったので予約アプリには高評価を付けたい。,1,高評価,アプリ,train
2603,最初の印象では、掃除機は軽さが安定していて、ストレスなく使えた。,1,高評価,EC商品,validation
2604,レビューを見て選んだが、感情表現は少し悪かったものの、キャラクターが期待以上だったので犯罪映画には高評価を付けたい。,1,高評価,映画,train
2605,何度か利用してみた。ヘッドホンは値段以上の価値を感じた。特に説明書が素晴らしい。,1,高評価,EC商品,train
2606,アクセスが悪くないというレビューもあったが、自分には駅前ホテルは合わなかった。,0,低評価,ホテル,train
2607,組み立てやすさがとても良かったので、イヤホンをまた利用したい。,1,高評価,EC商品,train
2608,天気アプリは値段に見合わない。特にレスポンスに問題があった。,0,低評価,アプリ,train
2609,ゲームアプリはアップデートも検索機能もかなり悪かった。残念だが低評価。,0,低評価,アプリ,test
2610,しばらく利用した結果、戦争映画は高くないわけではないが、演出を考えると納得できる。,1,高評価,映画,train
2611,会計に不満があり、回転寿司を選んだのは失敗だった。,0,低評価,飲食店,train
2612,寿司店は期待を裏切らなかった。デザートにも不満はない。,1,高評価,飲食店,train
2613,タブレットを使ってみたが、説明書が期待外れだった。,0,低評価,EC商品,test
2614,デザインが残念だったので、椅子はもう利用したくない。,0,低評価,EC商品,train
2615,バッテリー消費が少し悪くなっているところもあったが、そのほかは起動速度が良く使いやすい。,1,高評価,アプリ,train
2616,実際に使ってみると、デザインに大きな不満はなく、マウスを選んで正解だった。,1,高評価,EC商品,train
2617,何度か利用してみた。音楽映画を使ってみたが、世界観が期待外れだった。,0,低評価,映画,train
2618,映像が良くないというレビューもあったが、自分はスポーツ映画に満足している。,1,高評価,映画,train
2619,しばらく利用した結果、バッテリー消費は少し悪かったものの、同期機能が期待以上だったので動画アプリには高評価を付けたい。,1,高評価,アプリ,train
2620,家族向け映画は最初迫力が良いと感じたが、使い続けると声優の問題が目立ち、評価は下がった。,0,低評価,映画,train
2621,ゲームアプリは機能の分かりやすさに少し不満があったが、起動速度は良く、総合的には高く評価している。,1,高評価,アプリ,train
2622,民宿の朝食は良くない。期待していただけに残念だった。,0,低評価,ホテル,train
2623,最初の印象では、タブレットは最初手触りが気になったが、使い続けると品質の良さが分かり、今は高く評価している。,1,高評価,EC商品,train
2624,翻訳アプリは動作速度が安定していて、ストレスなく使えた。,1,高評価,アプリ,train
2625,手触りが想像より悪く、充電器には低評価を付けたい。,0,低評価,EC商品,train
2626,何度か利用してみた。家計簿アプリの検索精度は悪くない。むしろ使ってみるとかなり満足できた。,1,高評価,アプリ,train
2627,しばらく利用した結果、焼肉店を使ってみたが、席の広さが期待以上だった。,1,高評価,飲食店,train
2628,広告の少なさがとても良かったので、健康管理アプリをまた利用したい。,1,高評価,アプリ,train
2629,しばらく利用した結果、脚本に不満があり、ホラー映画を選んだのは失敗だった。,0,低評価,映画,train
2630,ゲームアプリは使い勝手が不安定で、かなりストレスを感じた。,0,低評価,アプリ,train
2631,一週間ほど試した。天気アプリを使ってみたが、起動速度が期待外れだった。,0,低評価,アプリ,train
2632,説明書に不満があり、モニターを選んだのは失敗だった。,0,低評価,EC商品,train
2633,一週間ほど試した。店内の清潔さに不満があり、回転寿司を選んだのは失敗だった。,0,低評価,飲食店,train
2634,検索機能が全く使えないわけではないが、学習アプリを高く評価するほどではない。,0,低評価,アプリ,train
2635,焼肉店は立地は良かったが、席の広さが悪く、総合的には満足できなかった。,0,低評価,飲食店,train
2636,ラーメン店のドリンクは悪くない。むしろ使ってみるとかなり満足できた。,1,高評価,飲食店,test
2637,今回初めて利用した。チャットアプリは期待以上。動作速度と画面の見やすさのどちらも使いやすく、とても気に入った。,1,高評価,アプリ,train
2638,レビューを見て選んだが、起動速度が少し悪くなっているところもあったが、そのほかは通知機能が良く使いやすい。,1,高評価,アプリ,train
2639,評判が良かったので試した。席の広さに問題があり、さらに盛り付けにも不満がある。カフェはもう選ばない。,0,低評価,飲食店,train
2640,収納棚は頑丈さが安定していて、ストレスなく使えた。,1,高評価,EC商品,train
2641,レビューを見て選んだが、空港ホテルは浴場に良い点もあった。しかしベッドの快適さに問題があり、結果的にはおすすめしにくい。,0,低評価,ホテル,train
2642,評判が良かったので試した。冒険映画は演出が悪く、かなり不満が残った。,0,低評価,映画,validation
2643,伏線が想像より悪く、コメディ映画には低評価を付けたい。,0,低評価,映画,validation
2644,評判が良かったので試した。音楽映画を使ってみたが、演技が期待外れだった。,0,低評価,映画,train
2645,しばらく利用した結果、スポーツ映画は一見良さそうでキャラクターも悪くない。それでも世界観がひどく、次は選ばない。,0,低評価,映画,train
2646,デスクは動作の安定性が良く、かなり満足している。,1,高評価,EC商品,train
2647,スポーツ映画は値段以上の価値を感じた。特に迫力が素晴らしい。,1,高評価,映画,train
2648,実際に使ってみると、使い勝手に大きな不満はなく、予約アプリを選んで正解だった。,1,高評価,アプリ,train
2649,充電器は音質が不安定で、かなりストレスを感じた。,0,低評価,EC商品,train
2650,スピーカーは組み立てやすさは良かったが、耐久性が悪く、総合的には不満が残った。,0,低評価,EC商品,train
2651,組み立てやすさが全く使えないわけではないが、スマートフォンを高く評価するほどではない。,0,低評価,EC商品,train
2652,メニューの豊富さに大きな不満はなく、パン屋を選んで正解だった。,1,高評価,飲食店,train
2653,SF映画は値段以上の価値を感じた。特に演出が素晴らしい。,1,高評価,映画,train
2654,検索精度が少し悪くなっているところもあったが、そのほかは使い勝手が良く使いやすい。,1,高評価,アプリ,train
2655,ファミレスは完璧ではなく温度に難がある。それでも注文のしやすさが優れていて満足度は高い。,1,高評価,飲食店,train
2656,今回初めて利用した。ラーメン店は高くないわけではないが、メニューの豊富さを考えると納得できる。,1,高評価,飲食店,train
2657,実際に使ってみると、戦争映画は構成が悪く、かなり満足できなかった。,0,低評価,映画,test
2658,迫力が良くないというレビューもあったが、自分はスポーツ映画に満足している。,1,高評価,映画,train
2659,カレンダーアプリは期待以上。操作性とデザインのどちらも使いやすく、とても気に入った。,1,高評価,アプリ,test
2660,イタリアンは値段以上の価値を感じた。特に盛り付けが素晴らしい。,1,高評価,飲食店,train
2661,今回初めて利用した。ログインが想像より悪く、健康管理アプリには低評価を付けたい。,0,低評価,アプリ,train
2662,注文のしやすさは魅力的だったが、香りがかなり残念で、全体としては満足できなかった。,0,低評価,飲食店,test
2663,最初の印象では、立地は予想以上だったが、そのほかはチェックインのスムーズさが使いにくくかなり残念だった。,0,低評価,ホテル,test
2664,評判が良かったので試した。寿司店を使ってみたが、メニューの豊富さが期待以上だった。,1,高評価,飲食店,train
2665,定食屋は店内の清潔さが不安定で、かなりストレスを感じた。,0,低評価,飲食店,train
2666,期待して購入した。キーボードは組み立てやすさが悪く、かなり不満が残った。,0,低評価,EC商品,train
2667,温泉旅館は期待外れ。眺めと防音のどちらも使いにくく、がっかりした。,0,低評価,ホテル,train
2668,実際に使ってみると、パン屋は高くないわけではないが、価格を考えると納得できる。,1,高評価,飲食店,train
2669,犯罪映画は会話は良かったが、声優が悪く、総合的には不満が残った。,0,低評価,映画,train
2670,健康管理アプリは一見良さそうで操作性も悪くない。それでも入力のしやすさがひどく、次は選ばない。,0,低評価,アプリ,test
2671,ビュッフェのデザートは良くない。期待していただけに残念だった。,0,低評価,飲食店,test
2672,接客がとても良かったので、ステーキ店をまた利用したい。,1,高評価,飲食店,train
2673,一週間ほど試した。ケーキ店は期待以上。スタッフの対応とメニューの豊富さのどちらも使いやすく、とても気に入った。,1,高評価,飲食店,train
2674,観光ホテルは高くないわけではないが、部屋の広さを考えると納得できる。,1,高評価,ホテル,train
2675,評判が良かったので試した。ラーメン店は温度は良かったが、接客が悪く、総合的には不満が残った。,0,低評価,飲食店,train
2676,使い勝手が残念だったので、健康管理アプリはもう利用したくない。,0,低評価,アプリ,train
2677,ステーキ店は注文のしやすさもドリンクもかなり悪かった。残念だが低評価。,0,低評価,飲食店,train
2678,観光ホテルはベッドの快適さが不安定で、かなりストレスを感じた。,0,低評価,ホテル,train
2679,評判が良かったので試した。民宿は防音に少し不満があったが、部屋の広さは良く、総合的には満足している。,1,高評価,ホテル,validation
2680,イタリアンは価格に良い点もあった。しかしボリュームに問題があり、結果的にはおすすめしにくい。,0,低評価,飲食店,train
2681,スタッフの対応は予想以上だったが、そのほかは価格が使いにくく不満が残った。,0,低評価,ホテル,train
2682,アニメ映画は期待以上。キャラクターと演技のどちらも使いやすく、とても気に入った。,1,高評価,映画,validation
2683,テンポは予想以上だったが、そのほかは構成が使いにくくかなり残念だった。,0,低評価,映画,train
2684,ケーキ店はデザートは良かったが、雰囲気が悪く、総合的には不満が残った。,0,低評価,飲食店,train
2685,一週間ほど試した。画面の見やすさに大きな不満はなく、写真アプリを選んで正解だった。,1,高評価,アプリ,test
2686,演技には満足したものの、映像が期待外れだったのでアクション映画には低評価を付けたい。,0,低評価,映画,train
2687,一週間ほど試した。ニュースアプリは入力のしやすさが良く、かなり高く評価している。,1,高評価,アプリ,validation
2688,デザインが悪くないというレビューもあったが、自分にはバッグは合わなかった。,0,低評価,EC商品,train
2689,今回初めて利用した。チェックアウトには満足したものの、静かさが期待外れだったのでビジネスホテルには低評価を付けたい。,0,低評価,ホテル,train
2690,コストパフォーマンスに問題がないとは言えないが、組み立て家具は総合的には十分満足できる。,1,高評価,EC商品,train
2691,一週間ほど試した。迫力が想像より良く、ファンタジー映画には高評価を付けたい。,1,高評価,映画,train
2692,実際に使ってみると、リゾートは最初チェックアウトが良いと感じたが、使い続けると朝食の問題が目立ち、評価は下がった。,0,低評価,ホテル,test
2693,ラーメン店は立地が安定していて、ストレスなく使えた。,1,高評価,飲食店,train
2694,カプセルホテルは一見良さそうでベッドの快適さも悪くない。それでもチェックアウトがひどく、次は選ばない。,0,低評価,ホテル,train
2695,一週間ほど試した。椅子は完璧ではなく梱包に難がある。それでも手触りが優れていて満足度は高い。,1,高評価,EC商品,validation
2696,期待して購入した。メモアプリは使い勝手が悪く、かなり満足できなかった。,0,低評価,アプリ,train
2697,空港ホテルを使ってみたが、スタッフの対応が期待以上だった。,1,高評価,ホテル,train
2698,和風旅館は高くないわけではないが、アクセスを考えると納得できる。,1,高評価,ホテル,train
2699,旅館はアクセスもWi-Fiも非常に良かった。文句なしで高評価。,1,高評価,ホテル,train
2700,構成が悪くないというレビューもあったが、自分には歴史映画は合わなかった。,0,低評価,映画,train
2701,温度が少し悪くなっているところもあったが、そのほかは香りが良く使いやすい。,1,高評価,飲食店,train
2702,一週間ほど試した。検索機能がとても良かったので、タスク管理アプリをまた利用したい。,1,高評価,アプリ,validation
2703,旅館は高くないわけではないが、朝食を考えると納得できる。,1,高評価,ホテル,train
2704,評判が良かったので試した。サイズ感が想像より良く、キーボードには高評価を付けたい。,1,高評価,EC商品,train
2705,眺めには満足したものの、フロント対応が期待外れだったので山の旅館には低評価を付けたい。,0,低評価,ホテル,validation
2706,キーボードは操作感で気になる点もあった。しかし説明書が良く、結果的には買って良かった。,1,高評価,EC商品,train
2707,何度か利用してみた。デザインは魅力的だったが、通知機能がかなり残念で、全体としては満足できなかった。,0,低評価,アプリ,train
2708,期待して購入した。居酒屋は一見良さそうでスタッフの対応も悪くない。それでも雰囲気がひどく、次は選ばない。,0,低評価,飲食店,train
2709,今回初めて利用した。キーボードはサイズ感が安定していて、ストレスなく使えた。,1,高評価,EC商品,train
2710,会計が想像より良く、イタリアンには高評価を付けたい。,1,高評価,飲食店,train
2711,デスクの接続の安定性は悪くない。むしろ使ってみるとかなり満足できた。,1,高評価,EC商品,train
2712,実際に使ってみると、食材の新鮮さは少し悪かったものの、メニューの豊富さが期待以上だったのでパン屋には高評価を付けたい。,1,高評価,飲食店,validation
2713,梱包は予想以上だったが、そのほかは組み立てやすさが使いにくく不満が残った。,0,低評価,EC商品,train
2714,しばらく利用した結果、パン屋は料理の味に少し不満があったが、食材の新鮮さは良く、総合的には満足している。,1,高評価,飲食店,train
2715,レビューを見て選んだが、映像美は少し悪かったものの、声優が期待以上だったので冒険映画には高評価を付けたい。,1,高評価,映画,validation
2716,朝食に問題がないとは言えないが、山の旅館は総合的には十分満足できる。,1,高評価,ホテル,train
2717,評判が良かったので試した。天気アプリは高くないわけではないが、入力のしやすさを考えると納得できる。,1,高評価,アプリ,train
2718,読書アプリは値段以上の価値を感じた。特に起動速度が素晴らしい。,1,高評価,アプリ,train
2719,耐久性が全く使えないわけではないが、バッグを高く評価するほどではない。,0,低評価,EC商品,test
2720,最初の印象では、価格がとても良かったので、リゾートをまた利用したい。,1,高評価,ホテル,train
2721,今回初めて利用した。パソコンは値段以上の価値を感じた。特に音質が素晴らしい。,1,高評価,EC商品,train
2722,評判が良かったので試した。アメニティに問題があり、さらに館内設備にも不満がある。民宿はもう選ばない。,0,低評価,ホテル,validation
2723,ナビアプリは一見良さそうで同期機能も悪くない。それでも画面の見やすさがひどく、次は選ばない。,0,低評価,アプリ,test
2724,香りが良くないというレビューもあったが、自分はうどん店に満足している。,1,高評価,飲食店,train
2725,実際に使ってみると、読み込み速度に問題があり、さらに動作速度にも不満がある。タスク管理アプリはもう選ばない。,0,低評価,アプリ,train
2726,期待して購入した。リゾートホテルは期待以上。静かさと清掃のどちらも使いやすく、とても気に入った。,1,高評価,ホテル,train
2727,スタッフの対応が残念だったので、温泉ホテルはもう利用したくない。,0,低評価,ホテル,test
2728,パソコンは期待以上。接続の安定性とデザインのどちらも使いやすく、とても気に入った。,1,高評価,EC商品,train
2729,評判が良かったので試した。接続の安定性は少し悪かったものの、手触りが期待以上だったので電源タップには高評価を付けたい。,1,高評価,EC商品,train
2730,検索精度には改善してほしい部分があるが、ログインはかなり良く、全体としては気に入った。,1,高評価,アプリ,train
2731,立地が想像より悪く、パン屋には低評価を付けたい。,0,低評価,飲食店,train
2732,温度には改善してほしい部分があるが、料理の味はかなり良く、全体としては気に入った。,1,高評価,飲食店,validation
2733,天気アプリを使ってみたが、使い勝手が期待以上だった。,1,高評価,アプリ,train
2734,ゲームアプリは検索機能も設定画面もかなり悪かった。残念だが低評価。,0,低評価,アプリ,train
2735,イヤホンは値段に見合わない。特に軽さに問題があった。,0,低評価,EC商品,train
2736,接客には改善してほしい部分があるが、ボリュームはかなり良く、全体としては気に入った。,1,高評価,飲食店,test
2737,感情表現に大きな不満はなく、アニメ映画を選んで正解だった。,1,高評価,映画,train
2738,テンポに不満があり、ドキュメンタリー映画を選んだのは失敗だった。,0,低評価,映画,train
2739,カフェは値段以上の価値を感じた。特にスタッフの対応が素晴らしい。,1,高評価,飲食店,test
2740,サイズ感は決して悪くなく、スマートフォンを選んで良かったと思う。,1,高評価,EC商品,train
2741,会計は決して悪くなく、居酒屋を選んで良かったと思う。,1,高評価,飲食店,train
2742,期待して購入した。ファミレスは期待を裏切らなかった。料理の味にも不満はない。,1,高評価,飲食店,train
2743,恋愛映画は音楽で気になる点もあった。しかし演技が良く、結果的には買って良かった。,1,高評価,映画,train
2744,寿司店は完璧ではなく店内の清潔さに難がある。それでも価格が優れていて満足度は高い。,1,高評価,飲食店,train
2745,しばらく利用した結果、朝食がとても良かったので、空港ホテルをまた利用したい。,1,高評価,ホテル,train
2746,椅子は動作の安定性もコストパフォーマンスもかなり悪かった。残念だが低評価。,0,低評価,EC商品,train
2747,何度か利用してみた。アニメ映画は映像に良い点もあった。しかし声優に問題があり、結果的にはおすすめしにくい。,0,低評価,映画,train
2748,地図アプリは最初広告の少なさが良いと感じたが、使い続けると使い勝手の問題が目立ち、評価は下がった。,0,低評価,アプリ,train
2749,旅館は期待以上。空調と価格のどちらも使いやすく、とても気に入った。,1,高評価,ホテル,train
2750,ファミレスは値段以上の価値を感じた。特に温度が素晴らしい。,1,高評価,飲食店,train
2751,一週間ほど試した。会計は決して悪くなく、ビュッフェを選んで良かったと思う。,1,高評価,飲食店,train
2752,実際に使ってみると、予約アプリは動作速度に少し不満があったが、バッテリー消費は良く、総合的には満足している。,1,高評価,アプリ,validation
2753,カプセルホテルは期待外れ。チェックインのスムーズさと立地のどちらも使いにくく、がっかりした。,0,低評価,ホテル,train
2754,防音に問題がないとは言えないが、旅館は総合的には十分満足できる。,1,高評価,ホテル,validation
2755,しばらく利用した結果、雰囲気に問題があり、さらに待ち時間にも不満がある。ファミレスはもう選ばない。,0,低評価,飲食店,train
2756,静音性は決して悪くなく、スマートフォンを選んで良かったと思う。,1,高評価,EC商品,train
2757,SNSアプリは完璧ではなく操作性に難がある。それでも広告の少なさが優れていて満足度は高い。,1,高評価,アプリ,validation
2758,ストーリーには改善してほしい部分があるが、映像美はかなり良く、全体としては気に入った。,1,高評価,映画,train
2759,期待して購入した。空港ホテルは完璧ではなくスタッフの対応に難がある。それでもアメニティが優れていて満足度は高い。,1,高評価,ホテル,train
2760,映像は決して悪くなく、スポーツ映画を選んで良かったと思う。,1,高評価,映画,train
2761,カレー店はボリュームも注文のしやすさも非常に良かった。文句なしで高評価。,1,高評価,飲食店,train
2762,待ち時間が残念だったので、カレー店はもう利用したくない。,0,低評価,飲食店,train
2763,最初の印象では、コメディ映画は一見良さそうで構成も悪くない。それでも会話がひどく、次は選ばない。,0,低評価,映画,train
2764,実際に使ってみると、和風旅館は期待外れ。アクセスとスタッフの対応のどちらも使いにくく、がっかりした。,0,低評価,ホテル,train
2765,アニメ映画は期待外れ。世界観とアクションのどちらも使いにくく、がっかりした。,0,低評価,映画,validation
2766,今回初めて利用した。掃除機を使ってみたが、バッテリー持ちが期待外れだった。,0,低評価,EC商品,train
2767,実際に使ってみると、学習アプリはデザインに少し不満があったが、同期機能は良く、総合的には満足している。,1,高評価,アプリ,train
2768,しばらく利用した結果、ボリュームは予想以上だったが、そのほかは店内の清潔さが使いにくく不満が残った。,0,低評価,飲食店,train
2769,ナビアプリは設定画面は良かったが、デザインが悪く、総合的には不満が残った。,0,低評価,アプリ,train
2770,今回初めて利用した。雰囲気は決して悪くなく、定食屋を選んで良かったと思う。,1,高評価,飲食店,train
2771,犯罪映画は期待以上。余韻とキャラクターのどちらも使いやすく、とても気に入った。,1,高評価,映画,train
2772,ラーメン店を使ってみたが、盛り付けが期待以上だった。,1,高評価,飲食店,train
2773,ステーキ店は高くないわけではないが、注文のしやすさを考えると納得できる。,1,高評価,飲食店,train
2774,何度か利用してみた。タスク管理アプリは安くないのに、読み込み速度がこの程度では納得できない。,0,低評価,アプリ,train
2775,恋愛映画のアクションは悪くない。むしろ使ってみるとかなり満足できた。,1,高評価,映画,test
2776,ビジネスホテルは静かさもアクセスも非常に良かった。文句なしで高評価。,1,高評価,ホテル,train
2777,写真アプリは安くないのに、バッテリー消費がこの程度では納得できない。,0,低評価,アプリ,train
2778,戦争映画は高くないわけではないが、キャラクターを考えると納得できる。,1,高評価,映画,validation
2779,雰囲気には改善してほしい部分があるが、会計はかなり良く、全体としては気に入った。,1,高評価,飲食店,train
2780,チェックアウトは決して良いとは言えず、シティホテルには不満が残った。,0,低評価,ホテル,train
2781,入力のしやすさが想像より悪く、学習アプリには低評価を付けたい。,0,低評価,アプリ,test
2782,スマートフォンは軽さが安定していて、ストレスなく使えた。,1,高評価,EC商品,train
2783,温泉ホテルは一見良さそうでチェックアウトも悪くない。それでもベッドの快適さがひどく、次は選ばない。,0,低評価,ホテル,test
2784,今回初めて利用した。決済アプリは期待を裏切らなかった。操作性にも不満はない。,1,高評価,アプリ,train
2785,ボリュームには満足したものの、注文のしやすさが期待外れだったのでラーメン店には低評価を付けたい。,0,低評価,飲食店,train
2786,静音性は魅力的だったが、バッテリー持ちがかなり残念で、全体としては満足できなかった。,0,低評価,EC商品,train
2787,温度は魅力的だったが、食材の新鮮さがかなり残念で、全体としては満足できなかった。,0,低評価,飲食店,train
2788,防音に大きな不満はなく、温泉ホテルを選んで正解だった。,1,高評価,ホテル,train
2789,評判が良かったので試した。イタリアンはデザートが安定していて、ストレスなく使えた。,1,高評価,飲食店,train
2790,一週間ほど試した。世界観が想像より悪く、アクション映画には低評価を付けたい。,0,低評価,映画,train
2791,実際に使ってみると、ミステリー映画は会話は良かったが、アクションが悪く、総合的には不満が残った。,0,低評価,映画,train
2792,部屋の広さがとても良かったので、海辺のホテルをまた利用したい。,1,高評価,ホテル,train
2793,映像美に問題がないとは言えないが、ホラー映画は総合的には十分満足できる。,1,高評価,映画,train
2794,起動速度に大きな不満はなく、地図アプリを選んで正解だった。,1,高評価,アプリ,train
2795,耐久性がとても良かったので、キーボードをまた利用したい。,1,高評価,EC商品,train
2796,一週間ほど試した。回転寿司は店内の清潔さが安定していて、ストレスなく使えた。,1,高評価,飲食店,train
2797,今回初めて利用した。映像は少し悪かったものの、映像美が期待以上だったのでSF映画には高評価を付けたい。,1,高評価,映画,train
2798,清掃が悪くないというレビューもあったが、自分にはリゾートは合わなかった。,0,低評価,ホテル,train
2799,ケーキ店は値段以上の価値を感じた。特にドリンクが素晴らしい。,1,高評価,飲食店,train
2800,今回初めて利用した。工具セットを使ってみたが、デザインが期待外れだった。,0,低評価,EC商品,train
2801,反応速度は決して良いとは言えず、バッグには不満が残った。,0,低評価,EC商品,train
2802,コストパフォーマンスがとても良かったので、スピーカーをまた利用したい。,1,高評価,EC商品,train
2803,立地が良くないというレビューもあったが、自分は温泉旅館に満足している。,1,高評価,ホテル,validation
2804,しばらく利用した結果、ケーブルを使ってみたが、デザインが期待外れだった。,0,低評価,EC商品,train
2805,レビューを見て選んだが、うどん店は安くないのに、価格がこの程度では納得できない。,0,低評価,飲食店,train
2806,評判が良かったので試した。電源タップはコストパフォーマンスが安定していて、ストレスなく使えた。,1,高評価,EC商品,train
2807,しばらく利用した結果、健康管理アプリは機能の分かりやすさが安定していて、ストレスなく使えた。,1,高評価,アプリ,train
2808,最初の印象では、反応速度が悪くないというレビューもあったが、自分にはケーブルは合わなかった。,0,低評価,EC商品,train
2809,一週間ほど試した。スピーカーは期待を裏切らなかった。反応速度にも不満はない。,1,高評価,EC商品,train
2810,世界観は少し悪かったものの、脚本が期待以上だったのでドキュメンタリー映画には高評価を付けたい。,1,高評価,映画,train
2811,イヤホンは最初説明書が気になったが、使い続けると頑丈さの良さが分かり、今は満足している。,1,高評価,EC商品,train
2812,ネジ穴の精度に問題がないとは言えないが、ヘッドホンは総合的には十分満足できる。,1,高評価,EC商品,train
2813,翻訳アプリは期待に応えてくれなかった。アップデートにも満足できない。,0,低評価,アプリ,train
2814,マウスは高くないわけではないが、操作感を考えると納得できる。,1,高評価,EC商品,train
2815,耐久性は決して良いとは言えず、スピーカーには不満が残った。,0,低評価,EC商品,train
2816,パソコンは一見良さそうで組み立てやすさも悪くない。それでも静音性がひどく、次は選ばない。,0,低評価,EC商品,train
2817,一週間ほど試した。スポーツ映画は完璧ではなく演出に難がある。それでも迫力が優れていて満足度は高い。,1,高評価,映画,train
2818,演出は予想以上だったが、そのほかは映像美が使いにくく不満が残った。,0,低評価,映画,train
2819,期待して購入した。動作の安定性がとても良かったので、スピーカーをまた利用したい。,1,高評価,EC商品,validation
2820,ゲストハウスを使ってみたが、防音が期待以上だった。,1,高評価,ホテル,test
2821,今回初めて利用した。SNSアプリは機能の分かりやすさが安定していて、ストレスなく使えた。,1,高評価,アプリ,train
2822,最初の印象では、浴場が想像より悪く、格安ホテルには低評価を付けたい。,0,低評価,ホテル,train
2823,何度か利用してみた。ビジネスホテルは朝食で気になる点もあった。しかしフロント対応が良く、結果的には買って良かった。,1,高評価,ホテル,train
2824,音楽アプリは安定性が安定していて、ストレスなく使えた。,1,高評価,アプリ,train
2825,清掃に問題がないとは言えないが、宿泊施設は総合的には十分満足できる。,1,高評価,ホテル,train
2826,伏線には改善してほしい部分があるが、構成はかなり良く、全体としては気に入った。,1,高評価,映画,train
2827,しばらく利用した結果、ビュッフェは席の広さが悪く、かなり不満が残った。,0,低評価,飲食店,train
2828,実際に使ってみると、シティホテルは浴場で気になる点もあった。しかし静かさが良く、結果的には買って良かった。,1,高評価,ホテル,validation
2829,寿司店は注文のしやすさが不安定で、かなりストレスを感じた。,0,低評価,飲食店,train
2830,レビューを見て選んだが、ボリュームが素晴らしく、さらにスタッフの対応にも満足した。寿司店をまた選びたい。,1,高評価,飲食店,validation
2831,ファンタジー映画は最初声優が気になったが、使い続けると音楽の良さが分かり、今は満足している。,1,高評価,映画,train
2832,実際に使ってみると、写真アプリは読み込み速度は良かったが、検索機能が悪く、総合的には不満が残った。,0,低評価,アプリ,train
2833,決済アプリはログインが良く、かなり満足している。,1,高評価,アプリ,test
2834,ゲームアプリは完璧ではなく使い勝手に難がある。それでも同期機能が優れていて満足度は高い。,1,高評価,アプリ,train
2835,一週間ほど試した。清掃が全く使えないわけではないが、リゾートを高く評価するほどではない。,0,低評価,ホテル,test
2836,リゾートホテルは部屋の清潔さで気になる点もあった。しかし立地が良く、結果的には買って良かった。,1,高評価,ホテル,validation
2837,ドキュメンタリー映画はテンポが不安定で、かなりストレスを感じた。,0,低評価,映画,test
2838,ゲームアプリの画面の見やすさは悪くない。むしろ使ってみるとかなり満足できた。,1,高評価,アプリ,train
2839,期待して購入した。パン屋は値段に見合わない。特に注文のしやすさに問題があった。,0,低評価,飲食店,train
2840,スタッフの対応が全く使えないわけではないが、民宿を高く評価するほどではない。,0,低評価,ホテル,train
2841,組み立てやすさは魅力的だったが、品質がかなり残念で、全体としては満足できなかった。,0,低評価,EC商品,train
2842,最初の印象では、充電器は品質が悪く、かなりかなり残念だった。,0,低評価,EC商品,train
2843,実際に使ってみると、感情表現が残念だったので、家族向け映画はもう利用したくない。,0,低評価,映画,train
2844,レビューを見て選んだが、デザートは魅力的だったが、スタッフの対応がかなり残念で、全体としては満足できなかった。,0,低評価,飲食店,train
2845,ラーメン店は期待に応えてくれなかった。接客にも満足できない。,0,低評価,飲食店,train
2846,居酒屋は雰囲気が安定していて、ストレスなく使えた。,1,高評価,飲食店,train
2847,メニューの豊富さには満足したものの、立地が期待外れだったのでそば屋には低評価を付けたい。,0,低評価,飲食店,train
2848,脚本が少し悪くなっているところもあったが、そのほかはキャラクターが良く使いやすい。,1,高評価,映画,validation
2849,空港ホテルのアメニティは良くない。期待していただけに残念だった。,0,低評価,ホテル,train
2850,スマートフォンは使いやすさが安定していて、ストレスなく使えた。,1,高評価,EC商品,train
2851,手触りに不満があり、バッグを選んだのは失敗だった。,0,低評価,EC商品,test
2852,充電器は完璧ではなく使いやすさに難がある。それでも組み立てやすさが優れていて満足度は高い。,1,高評価,EC商品,validation
2853,一週間ほど試した。ハンバーガー店を使ってみたが、メニューの豊富さが期待以上だった。,1,高評価,飲食店,train
2854,期待して購入した。ファミレスは値段に見合わない。特に盛り付けに問題があった。,0,低評価,飲食店,train
2855,評判が良かったので試した。キーボードは使いやすさで気になる点もあった。しかし反応速度が良く、結果的には買って良かった。,1,高評価,EC商品,train
2856,今回初めて利用した。読書アプリは動作速度が良く、かなり満足している。,1,高評価,アプリ,train
2857,一週間ほど試した。スタッフの対応には改善してほしい部分があるが、料理の味はかなり良く、全体としては気に入った。,1,高評価,飲食店,train
2858,一週間ほど試した。SNSアプリはレスポンスも機能の分かりやすさもかなり悪かった。残念だが低評価。,0,低評価,アプリ,train
2859,動作の安定性がとても良かったので、水筒をまた利用したい。,1,高評価,EC商品,train
2860,スタッフの対応がとても良かったので、民宿をまた利用したい。,1,高評価,ホテル,train
2861,動作速度に問題がないとは言えないが、予約アプリは総合的には十分満足できる。,1,高評価,アプリ,validation
2862,組み立てやすさが素晴らしく、さらに使いやすさにも満足した。バッグをまた選びたい。,1,高評価,EC商品,train
2863,最初の印象では、機能の分かりやすさに問題がないとは言えないが、予約アプリは総合的には十分満足できる。,1,高評価,アプリ,train
2864,料理の味がとても良かったので、イタリアンをまた利用したい。,1,高評価,飲食店,validation
2865,宿泊施設は完璧ではなく浴場に難がある。それでも立地が優れていて満足度は高い。,1,高評価,ホテル,train
2866,説明書は魅力的だったが、バッテリー持ちがかなり残念で、全体としては満足できなかった。,0,低評価,EC商品,train
2867,ニュースアプリの読み込み速度は悪くない。むしろ使ってみるとかなり満足できた。,1,高評価,アプリ,train
2868,短編映画は声優が安定していて、ストレスなく使えた。,1,高評価,映画,train
2869,最初の印象では、構成が想像より良く、青春映画には高評価を付けたい。,1,高評価,映画,train
2870,掃除機を使ってみたが、反応速度が期待以上だった。,1,高評価,EC商品,train
2871,サスペンス映画は値段以上の価値を感じた。特にストーリーが素晴らしい。,1,高評価,映画,train
2872,カプセルホテルは立地に少し不満があったが、館内設備は良く、総合的には満足している。,1,高評価,ホテル,train
2873,評判が良かったので試した。機能の分かりやすさが想像より悪く、読書アプリには低評価を付けたい。,0,低評価,アプリ,test
2874,しばらく利用した結果、検索機能がとても良かったので、天気アプリをまた利用したい。,1,高評価,アプリ,validation
2875,何度か利用してみた。山の旅館は眺めは良かったが、浴場が悪く、総合的には不満が残った。,0,低評価,ホテル,train
2876,今回初めて利用した。ドラマ映画は構成が悪く、かなり不満が残った。,0,低評価,映画,train
2877,評判が良かったので試した。ファミレスはスタッフの対応に良い点もあった。しかしドリンクに問題があり、結果的にはおすすめしにくい。,0,低評価,飲食店,validation
2878,温度に問題があり、さらにボリュームにも不満がある。パン屋はもう選ばない。,0,低評価,飲食店,test
2879,しばらく利用した結果、ファンタジー映画を使ってみたが、音楽が期待外れだった。,0,低評価,映画,train
2880,工具セットはサイズ感に少し不満があったが、反応速度は良く、総合的には満足している。,1,高評価,EC商品,train
2881,ビュッフェは安くないのに、ボリュームがこの程度では納得できない。,0,低評価,飲食店,train
2882,実際に使ってみると、広告の少なさが想像より良く、ナビアプリには高評価を付けたい。,1,高評価,アプリ,train
2883,期待して購入した。Wi-Fiがとても良かったので、和風旅館をまた利用したい。,1,高評価,ホテル,train
2884,観光ホテルは値段以上の価値を感じた。特にアクセスが素晴らしい。,1,高評価,ホテル,train
2885,イタリアンの会計は悪くない。むしろ使ってみるとかなり満足できた。,1,高評価,飲食店,train
2886,頑丈さに不満があり、工具セットを選んだのは失敗だった。,0,低評価,EC商品,train
2887,歴史映画は完璧ではなく演出に難がある。それでも音楽が優れていて満足度は高い。,1,高評価,映画,train
2888,バッテリー持ちが想像より良く、マウスには高評価を付けたい。,1,高評価,EC商品,train
2889,コメディ映画は最初ストーリーが気になったが、使い続けると映像の良さが分かり、今は十分満足している。,1,高評価,映画,train
2890,温泉旅館はフロント対応に少し不満があったが、アメニティは良く、総合的には満足している。,1,高評価,ホテル,test
2891,説明書が良くないというレビューもあったが、自分は充電器に満足している。,1,高評価,EC商品,train
2892,リゾートは最初静かさが気になったが、使い続けると空調の良さが分かり、今は満足している。,1,高評価,ホテル,train
2893,検索機能が残念だったので、カレンダーアプリはもう利用したくない。,0,低評価,アプリ,train
2894,ホラー映画は演出に少し不満があったが、テンポは良く、総合的には満足している。,1,高評価,映画,test
2895,アップデートが少し悪くなっているところもあったが、そのほかは機能の分かりやすさが良く使いやすい。,1,高評価,アプリ,validation
2896,写真アプリは設定画面で気になる点もあった。しかし入力のしやすさが良く、結果的には買って良かった。,1,高評価,アプリ,train
2897,検索精度に問題があり、さらに起動速度にも不満がある。ゲームアプリはもう選ばない。,0,低評価,アプリ,train
2898,恋愛映画は最初声優が気になったが、使い続けるとストーリーの良さが分かり、今は満足している。,1,高評価,映画,validation
2899,カレンダーアプリは通知機能が不安定で、かなりストレスを感じた。,0,低評価,アプリ,train
2900,ストーリーがとても良かったので、SF映画をまた利用したい。,1,高評価,映画,train
2901,評判が良かったので試した。料理の味が想像より悪く、ラーメン店には低評価を付けたい。,0,低評価,飲食店,train
2902,立地は決して良いとは言えず、ビジネスホテルには不満が残った。,0,低評価,ホテル,train
2903,ナビアプリは検索機能に良い点もあった。しかし機能の分かりやすさに問題があり、結果的にはおすすめしにくい。,0,低評価,アプリ,train
2904,何度か利用してみた。デザインが悪くないというレビューもあったが、自分にはニュースアプリは合わなかった。,0,低評価,アプリ,train
2905,最初の印象では、チェックインのスムーズさが想像より良く、観光ホテルには高評価を付けたい。,1,高評価,ホテル,train
2906,天気アプリは使い勝手が良く、かなり満足している。,1,高評価,アプリ,train
2907,定食屋は期待以上。盛り付けと注文のしやすさのどちらも使いやすく、とても気に入った。,1,高評価,飲食店,train
2908,テーマには満足したものの、声優が期待外れだったので犯罪映画には低評価を付けたい。,0,低評価,映画,validation
2909,動作の安定性に不満があり、スピーカーを選んだのは失敗だった。,0,低評価,EC商品,train
2910,立地に不満があり、ケーキ店を選んだのは失敗だった。,0,低評価,飲食店,train
2911,テーマが素晴らしく、さらにキャラクターにも満足した。サスペンス映画をまた選びたい。,1,高評価,映画,validation
2912,充電器はデザインに良い点もあった。しかし静音性に問題があり、結果的にはおすすめしにくい。,0,低評価,EC商品,train
2913,健康管理アプリを使ってみたが、操作性が期待以上だった。,1,高評価,アプリ,train
2914,一週間ほど試した。パン屋は完璧ではなくデザートに難がある。それでも盛り付けが優れていて満足度は高い。,1,高評価,飲食店,train
2915,広告の少なさは少し悪かったものの、読み込み速度が期待以上だったので予約アプリには高評価を付けたい。,1,高評価,アプリ,validation
2916,レビューを見て選んだが、チャットアプリは最初アップデートが気になったが、使い続けるとデザインの良さが分かり、今は満足している。,1,高評価,アプリ,train
2917,しばらく利用した結果、画面の見やすさが残念だったので、家計簿アプリはもう利用したくない。,0,低評価,アプリ,train
2918,レビューを見て選んだが、格安ホテルはチェックアウトが不安定で、かなりストレスを感じた。,0,低評価,ホテル,train
2919,レビューを見て選んだが、ドキュメンタリー映画は値段に見合わない。特にテンポに問題があった。,0,低評価,映画,train
2920,声優は予想以上だったが、そのほかは感情表現が使いにくく不満が残った。,0,低評価,映画,train
2921,ヘッドホンはコストパフォーマンスに良い点もあった。しかしデザインに問題があり、結果的にはおすすめしにくい。,0,低評価,EC商品,train
2922,回転寿司は値段以上の価値を感じた。特に雰囲気が素晴らしい。,1,高評価,飲食店,train
2923,モニターのコストパフォーマンスは悪くない。むしろ使ってみるとかなり満足できた。,1,高評価,EC商品,train
2924,動画アプリは期待外れ。通知機能とバッテリー消費のどちらも使いにくく、がっかりした。,0,低評価,アプリ,train
2925,評判が良かったので試した。戦争映画は最初音楽が良いと感じたが、使い続けると脚本の問題が目立ち、評価は下がった。,0,低評価,映画,train
2926,説明書が少し悪くなっているところもあったが、そのほかは梱包が良く使いやすい。,1,高評価,EC商品,train
2927,一週間ほど試した。映像に大きな不満はなく、コメディ映画を選んで正解だった。,1,高評価,映画,train
2928,最初の印象では、チャットアプリは安定性が悪く、かなりかなり残念だった。,0,低評価,アプリ,train
2929,モニターは安くないのに、反応速度がこの程度では納得できない。,0,低評価,EC商品,train
2930,安定性は決して悪くなく、学習アプリを選んで良かったと思う。,1,高評価,アプリ,train
2931,期待して購入した。レスポンスが残念だったので、地図アプリはもう利用したくない。,0,低評価,アプリ,train
2932,スピーカーは最初説明書が良いと感じたが、使い続けると耐久性の問題が目立ち、評価は下がった。,0,低評価,EC商品,test
2933,ベッドの快適さに不満があり、ゲストハウスを選んだのは失敗だった。,0,低評価,ホテル,train
2934,レビューを見て選んだが、カプセルホテルは値段に見合わない。特に館内設備に問題があった。,0,低評価,ホテル,train
2935,安定性には満足したものの、広告の少なさが期待外れだったので学習アプリには低評価を付けたい。,0,低評価,アプリ,train
2936,一週間ほど試した。安定性がとても良かったので、天気アプリをまた利用したい。,1,高評価,アプリ,train
2937,しばらく利用した結果、映像美が残念だったので、コメディ映画はもう利用したくない。,0,低評価,映画,validation
2938,バッグを使ってみたが、品質が期待以上だった。,1,高評価,EC商品,train
2939,評判が良かったので試した。マウスの品質は良くない。期待していただけに残念だった。,0,低評価,EC商品,train
2940,アクションが少し悪くなっているところもあったが、そのほかは映像が良く使いやすい。,1,高評価,映画,train
2941,カフェは価格に良い点もあった。しかしメニューの豊富さに問題があり、結果的にはおすすめしにくい。,0,低評価,飲食店,train
2942,掃除機は操作感に良い点もあった。しかしサイズ感に問題があり、結果的にはおすすめしにくい。,0,低評価,EC商品,train
2943,民宿は完璧ではなくWi-Fiに難がある。それでもベッドの快適さが優れていて満足度は高い。,1,高評価,ホテル,test
2944,ラーメン店は最初会計が良いと感じたが、使い続けるとボリュームの問題が目立ち、評価は下がった。,0,低評価,飲食店,validation
2945,キーボードは最初バッテリー持ちが気になったが、使い続けるとコストパフォーマンスの良さが分かり、今は気に入っている。,1,高評価,EC商品,train
2946,モニターを使ってみたが、反応速度が期待以上だった。,1,高評価,EC商品,validation
2947,温泉旅館は期待を裏切らなかった。チェックインのスムーズさにも不満はない。,1,高評価,ホテル,train
2948,収納棚は品質が不安定で、かなりストレスを感じた。,0,低評価,EC商品,validation
2949,演出が想像より良く、冒険映画には高評価を付けたい。,1,高評価,映画,train
2950,静音性には満足したものの、デザインが期待外れだったのでデスクには低評価を付けたい。,0,低評価,EC商品,train
2951,恋愛映画は期待に応えてくれなかった。映像美にも満足できない。,0,低評価,映画,train
2952,予約アプリは最初アップデートが良いと感じたが、使い続けると安定性の問題が目立ち、評価は下がった。,0,低評価,アプリ,train
2953,中華料理店は期待を裏切らなかった。雰囲気にも不満はない。,1,高評価,飲食店,train
2954,カプセルホテルは期待を裏切らなかった。立地にも不満はない。,1,高評価,ホテル,train
2955,デザインに問題があり、さらに軽さにも不満がある。イヤホンはもう選ばない。,0,低評価,EC商品,train
2956,接続の安定性に大きな不満はなく、キーボードを選んで正解だった。,1,高評価,EC商品,train
2957,コメディ映画は値段以上の価値を感じた。特にストーリーが素晴らしい。,1,高評価,映画,train
2958,冒険映画は演技に良い点もあった。しかしラストに問題があり、結果的にはおすすめしにくい。,0,低評価,映画,train
2959,家計簿アプリは動作速度も検索精度も非常に良かった。文句なしで高評価。,1,高評価,アプリ,train
2960,評判が良かったので試した。検索機能が想像より良く、ゲームアプリには高評価を付けたい。,1,高評価,アプリ,train
2961,翻訳アプリは入力のしやすさが不安定で、かなりストレスを感じた。,0,低評価,アプリ,train
2962,眺めに問題がないとは言えないが、旅館は総合的には十分満足できる。,1,高評価,ホテル,train
2963,最初の印象では、ニュースアプリは広告の少なさが悪く、かなり不満が残った。,0,低評価,アプリ,train
2964,反応速度がとても良かったので、ケーブルをまた利用したい。,1,高評価,EC商品,test
2965,しばらく利用した結果、洋食店は待ち時間が安定していて、ストレスなく使えた。,1,高評価,飲食店,test
2966,歴史映画は余韻で気になる点もあった。しかし伏線が良く、結果的には買って良かった。,1,高評価,映画,train
2967,評判が良かったので試した。映像がとても良かったので、恋愛映画をまた利用したい。,1,高評価,映画,train
2968,恋愛映画は期待外れ。迫力と演出のどちらも使いにくく、がっかりした。,0,低評価,映画,train
2969,評判が良かったので試した。使いやすさが想像より良く、組み立て家具には高評価を付けたい。,1,高評価,EC商品,train
2970,構成が残念だったので、歴史映画はもう利用したくない。,0,低評価,映画,test
2971,コストパフォーマンスがとても良かったので、バッグをまた利用したい。,1,高評価,EC商品,train
2972,動画アプリは最初バッテリー消費が気になったが、使い続けるとデザインの良さが分かり、今は満足している。,1,高評価,アプリ,train
2973,期待して購入した。観光ホテルは空調が不安定で、かなりストレスを感じた。,0,低評価,ホテル,train
2974,今回初めて利用した。パソコンは組み立てやすさもサイズ感も非常に良かった。文句なしで高評価。,1,高評価,EC商品,train
2975,工具セットは値段に見合わない。特に動作の安定性に問題があった。,0,低評価,EC商品,test
2976,しばらく利用した結果、動画アプリは安くないのに、操作性がこの程度では納得できない。,0,低評価,アプリ,train
2977,海辺のホテルは最初ベッドの快適さが気になったが、使い続けると朝食の良さが分かり、今は満足している。,1,高評価,ホテル,train
2978,チェックインのスムーズさに不満があり、観光ホテルを選んだのは失敗だった。,0,低評価,ホテル,train
2979,店内の清潔さが残念だったので、ビュッフェはもう利用したくない。,0,低評価,飲食店,train
2980,ニュースアプリはデザインで気になる点もあった。しかし操作性が良く、結果的には買って良かった。,1,高評価,アプリ,train
2981,旅館はチェックアウトで気になる点もあった。しかし静かさが良く、結果的には買って良かった。,1,高評価,ホテル,test
2982,レビューを見て選んだが、タブレットを使ってみたが、頑丈さが期待外れだった。,0,低評価,EC商品,train
2983,うどん店は最初接客が良いと感じたが、使い続けるとスタッフの対応の問題が目立ち、評価は下がった。,0,低評価,飲食店,train
2984,椅子は期待に応えてくれなかった。手触りにも満足できない。,0,低評価,EC商品,validation
2985,一週間ほど試した。空港ホテルは防音で気になる点もあった。しかしチェックアウトが良く、結果的には買って良かった。,1,高評価,ホテル,train
2986,一週間ほど試した。充電器は操作感に少し不満があったが、品質は良く、総合的には十分満足している。,1,高評価,EC商品,train
2987,組み立てやすさは少し悪かったものの、サイズ感が期待以上だったので椅子には高評価を付けたい。,1,高評価,EC商品,train
2988,一週間ほど試した。スタッフの対応には改善してほしい部分があるが、フロント対応はかなり良く、全体としては気に入った。,1,高評価,ホテル,train
2989,一週間ほど試した。画面の見やすさに大きな不満はなく、決済アプリを選んで正解だった。,1,高評価,アプリ,test
2990,実際に使ってみると、カフェは会計が悪く、かなり不満が残った。,0,低評価,飲食店,train
2991,マウスは完璧ではなく梱包に難がある。それでもコストパフォーマンスが優れていて満足度は高い。,1,高評価,EC商品,train
2992,演技には改善してほしい部分があるが、音楽はかなり良く、全体としては気に入った。,1,高評価,映画,train
2993,カレンダーアプリは期待以上。同期機能と使い勝手のどちらも使いやすく、とても気に入った。,1,高評価,アプリ,train
2994,しばらく利用した結果、ビュッフェは最初ドリンクが気になったが、使い続けるとデザートの良さが分かり、今は十分満足している。,1,高評価,飲食店,validation
2995,パン屋はデザートに良い点もあった。しかし香りに問題があり、結果的にはおすすめしにくい。,0,低評価,飲食店,train
2996,掃除機は値段に見合わない。特に接続の安定性に問題があった。,0,低評価,EC商品,train
2997,余韻がとても良かったので、スポーツ映画をまた利用したい。,1,高評価,映画,train
2998,翻訳アプリは値段に見合わない。特に画面の見やすさに問題があった。,0,低評価,アプリ,train
2999,洋食店は接客が不安定で、かなりストレスを感じた。,0,低評価,飲食店,train
3000,実際に使ってみると、駅前ホテルはチェックアウトは良かったが、スタッフの対応が悪く、総合的には不満が残った。,0,低評価,ホテル,train
3001,ファンタジー映画を使ってみたが、伏線が期待以上だった。,1,高評価,映画,train
3002,うどん店は会計が良く、かなり満足している。,1,高評価,飲食店,train
3003,操作性に大きな不満はなく、読書アプリを選んで正解だった。,1,高評価,アプリ,train
3004,静かさは決して良いとは言えず、リゾートには納得できなかった。,0,低評価,ホテル,train
3005,軽さが少し悪くなっているところもあったが、そのほかはバッテリー持ちが良く使いやすい。,1,高評価,EC商品,train
3006,犯罪映画は伏線が良く、かなり満足している。,1,高評価,映画,validation
3007,実際に使ってみると、ステーキ店は注文のしやすさもメニューの豊富さもかなり悪かった。残念だが低評価。,0,低評価,飲食店,train
3008,何度か利用してみた。空調は予想以上だったが、そのほかはスタッフの対応が使いにくく満足できなかった。,0,低評価,ホテル,train
3009,最初の印象では、広告の少なさは予想以上だったが、そのほかは操作性が使いにくく不満が残った。,0,低評価,アプリ,train
3010,期待して購入した。スマートフォンは反応速度が悪く、かなり納得できなかった。,0,低評価,EC商品,test
3011,イヤホンは音質が悪く、かなり不満が残った。,0,低評価,EC商品,train
3012,チャットアプリは期待外れ。機能の分かりやすさと広告の少なさのどちらも使いにくく、がっかりした。,0,低評価,アプリ,validation
3013,しばらく利用した結果、眺めが想像より良く、温泉旅館には高評価を付けたい。,1,高評価,ホテル,train
3014,待ち時間が想像より良く、カフェには高評価を付けたい。,1,高評価,飲食店,train
3015,何度か利用してみた。メモアプリの操作性は良くない。期待していただけに残念だった。,0,低評価,アプリ,train
3016,スポーツ映画は感情表現で気になる点もあった。しかし迫力が良く、結果的には買って良かった。,1,高評価,映画,train
3017,評判が良かったので試した。翻訳アプリは操作性が不安定で、かなりストレスを感じた。,0,低評価,アプリ,validation
3018,何度か利用してみた。青春映画の演技は良くない。期待していただけに残念だった。,0,低評価,映画,train
3019,掃除機を使ってみたが、接続の安定性が期待以上だった。,1,高評価,EC商品,train
3020,タブレットはコストパフォーマンスに良い点もあった。しかし操作感に問題があり、結果的にはおすすめしにくい。,0,低評価,EC商品,train
3021,最初の印象では、ボリュームが全く使えないわけではないが、焼肉店を高く評価するほどではない。,0,低評価,飲食店,train
3022,しばらく利用した結果、同期機能が残念だったので、家計簿アプリはもう利用したくない。,0,低評価,アプリ,train
3023,立地が想像より悪く、ビジネスホテルには低評価を付けたい。,0,低評価,ホテル,train
3024,評判が良かったので試した。伏線は予想以上だったが、そのほかは構成が使いにくく不満が残った。,0,低評価,映画,train
3025,デザインは少し悪かったものの、梱包が期待以上だったのでスマートフォンには高評価を付けたい。,1,高評価,EC商品,train
3026,空調は魅力的だったが、スタッフの対応がかなり残念で、全体としては満足できなかった。,0,低評価,ホテル,train
3027,充電器は梱包が良く、かなり満足している。,1,高評価,EC商品,validation
3028,伏線が想像より良く、ドキュメンタリー映画には高評価を付けたい。,1,高評価,映画,train
3029,レビューを見て選んだが、世界観は予想以上だったが、そのほかは音楽が使いにくく不満が残った。,0,低評価,映画,test
3030,脚本が想像より悪く、SF映画には低評価を付けたい。,0,低評価,映画,train
3031,うどん店は香りに良い点もあった。しかしドリンクに問題があり、結果的にはおすすめしにくい。,0,低評価,飲食店,train
3032,ケーブルは値段以上の価値を感じた。特に手触りが素晴らしい。,1,高評価,EC商品,train
3033,ニュースアプリは広告の少なさが安定していて、ストレスなく使えた。,1,高評価,アプリ,train
3034,今回初めて利用した。カレー店は盛り付けが悪く、かなりかなり残念だった。,0,低評価,飲食店,train
3035,サスペンス映画は迫力で気になる点もあった。しかし世界観が良く、結果的には買って良かった。,1,高評価,映画,train
3036,ゲストハウスは値段以上の価値を感じた。特に静かさが素晴らしい。,1,高評価,ホテル,train
3037,接客には改善してほしい部分があるが、店内の清潔さはかなり良く、全体としては気に入った。,1,高評価,飲食店,train
3038,何度か利用してみた。アニメ映画は迫力が不安定で、かなりストレスを感じた。,0,低評価,映画,test
3039,手触りがとても良かったので、収納棚をまた利用したい。,1,高評価,EC商品,train
3040,最初の印象では、ビジネスホテルはアクセスが不安定で、かなりストレスを感じた。,0,低評価,ホテル,test
3041,山の旅館は館内設備が安定していて、ストレスなく使えた。,1,高評価,ホテル,train
3042,ホラー映画は迫力で気になる点もあった。しかし伏線が良く、結果的には買って良かった。,1,高評価,映画,train
3043,マウスは期待外れ。説明書と梱包のどちらも使いにくく、がっかりした。,0,低評価,EC商品,train
3044,空港ホテルはチェックインのスムーズさが不安定で、かなりストレスを感じた。,0,低評価,ホテル,train
3045,今回初めて利用した。演技は少し悪かったものの、テーマが期待以上だったのでドキュメンタリー映画には高評価を付けたい。,1,高評価,映画,train
3046,提供の早さは少し悪かったものの、香りが期待以上だったので中華料理店には高評価を付けたい。,1,高評価,飲食店,train
3047,一週間ほど試した。組み立てやすさが想像より良く、スマートフォンには高評価を付けたい。,1,高評価,EC商品,train
3048,ステーキ店は値段に見合わない。特に立地に問題があった。,0,低評価,飲食店,train
3049,期待して購入した。ストーリーには改善してほしい部分があるが、構成はかなり良く、全体としては気に入った。,1,高評価,映画,train
3050,収納棚は手触りは良かったが、説明書が悪く、総合的には不満が残った。,0,低評価,EC商品,train
3051,検索精度に問題があり、さらにレスポンスにも不満がある。音楽アプリはもう選ばない。,0,低評価,アプリ,validation
3052,ケーキ店は期待外れ。雰囲気とメニューの豊富さのどちらも使いにくく、がっかりした。,0,低評価,飲食店,validation
3053,評判が良かったので試した。ケーキ店はメニューの豊富さで気になる点もあった。しかし注文のしやすさが良く、結果的には買って良かった。,1,高評価,飲食店,train
3054,今回初めて利用した。シティホテルは期待を裏切らなかった。空調にも不満はない。,1,高評価,ホテル,train
3055,最初の印象では、反応速度には満足したものの、軽さが期待外れだったので工具セットには低評価を付けたい。,0,低評価,EC商品,train
3056,評判が良かったので試した。会計は魅力的だったが、料理の味がかなり残念で、全体としては満足できなかった。,0,低評価,飲食店,train
3057,カレー店は料理の味に少し不満があったが、接客は良く、総合的には満足している。,1,高評価,飲食店,train
3058,香りが少し悪くなっているところもあったが、そのほかはデザートが良く使いやすい。,1,高評価,飲食店,train
3059,最初の印象では、脚本に大きな不満はなく、恋愛映画を選んで正解だった。,1,高評価,映画,train
3060,期待して購入した。家族向け映画は演技に少し不満があったが、キャラクターは良く、総合的には満足している。,1,高評価,映画,train
3061,会計は決して良いとは言えず、イタリアンには納得できなかった。,0,低評価,飲食店,test
3062,何度か利用してみた。静かさに不満があり、ホテルを選んだのは失敗だった。,0,低評価,ホテル,train
3063,ビジネスホテルは値段に見合わない。特にアクセスに問題があった。,0,低評価,ホテル,train
3064,席の広さが想像より悪く、中華料理店には低評価を付けたい。,0,低評価,飲食店,train
3065,椅子は使いやすさで気になる点もあった。しかし梱包が良く、結果的には買って良かった。,1,高評価,EC商品,test
3066,最初の印象では、ベッドの快適さが素晴らしく、さらにフロント対応にも満足した。温泉旅館をまた選びたい。,1,高評価,ホテル,test
3067,ログインは決して良いとは言えず、写真アプリには不満が残った。,0,低評価,アプリ,train
3068,中華料理店は立地は良かったが、温度が悪く、総合的には不満が残った。,0,低評価,飲食店,train
3069,ステーキ店は安くないのに、会計がこの程度では納得できない。,0,低評価,飲食店,train
3070,評判が良かったので試した。説明書が少し悪くなっているところもあったが、そのほかはデザインが良く使いやすい。,1,高評価,EC商品,train
3071,しばらく利用した結果、軽さには改善してほしい部分があるが、デザインはかなり良く、全体としては気に入った。,1,高評価,EC商品,train
3072,評判が良かったので試した。反応速度は魅力的だったが、説明書がかなり残念で、全体としては満足できなかった。,0,低評価,EC商品,train
3073,一週間ほど試した。朝食に問題があり、さらに静かさにも不満がある。駅前ホテルはもう選ばない。,0,低評価,ホテル,train
3074,最初の印象では、ホテルはスタッフの対応が良く、かなり満足している。,1,高評価,ホテル,train
3075,今回初めて利用した。パン屋を使ってみたが、接客が期待外れだった。,0,低評価,飲食店,train
3076,ラストが想像より悪く、ファンタジー映画には低評価を付けたい。,0,低評価,映画,train
3077,手触りが少し悪くなっているところもあったが、そのほかはコストパフォーマンスが良く使いやすい。,1,高評価,EC商品,train
3078,バッグは組み立てやすさが不安定で、かなりストレスを感じた。,0,低評価,EC商品,train
3079,音楽アプリのデザインは良くない。期待していただけに残念だった。,0,低評価,アプリ,train
3080,会話には満足したものの、音楽が期待外れだったのでホラー映画には低評価を付けたい。,0,低評価,映画,train
3081,機能の分かりやすさに大きな不満はなく、予約アプリを選んで正解だった。,1,高評価,アプリ,train
3082,立地には改善してほしい部分があるが、香りはかなり良く、全体としては気に入った。,1,高評価,飲食店,train
3083,席の広さは決して良いとは言えず、イタリアンには満足できなかった。,0,低評価,飲食店,train
3084,検索機能がとても良かったので、ニュースアプリをまた利用したい。,1,高評価,アプリ,train
3085,今回初めて利用した。高級ホテルは期待を裏切らなかった。フロント対応にも不満はない。,1,高評価,ホテル,train
3086,収納棚は接続の安定性も耐久性も非常に良かった。文句なしで高評価。,1,高評価,EC商品,train
3087,何度か利用してみた。レスポンスが悪くないというレビューもあったが、自分にはニュースアプリは合わなかった。,0,低評価,アプリ,train
3088,駅前ホテルは空調に良い点もあった。しかし価格に問題があり、結果的にはおすすめしにくい。,0,低評価,ホテル,test
3089,最初の印象では、歴史映画は演技も脚本も非常に良かった。文句なしで高評価。,1,高評価,映画,test
3090,しばらく利用した結果、デザートは予想以上だったが、そのほかは席の広さが使いにくく不満が残った。,0,低評価,飲食店,train
3091,最初の印象では、ラストが残念だったので、音楽映画はもう利用したくない。,0,低評価,映画,test
3092,ゲームアプリは操作性が不安定で、かなりストレスを感じた。,0,低評価,アプリ,train
3093,宿泊施設はアクセスで気になる点もあった。しかしチェックアウトが良く、結果的には買って良かった。,1,高評価,ホテル,train
3094,アクション映画は高くないわけではないが、感情表現を考えると納得できる。,1,高評価,映画,train
3095,レスポンスは少し悪かったものの、安定性が期待以上だったのでカレンダーアプリには高評価を付けたい。,1,高評価,アプリ,train
3096,レビューを見て選んだが、バッテリー消費が残念だったので、動画アプリはもう利用したくない。,0,低評価,アプリ,train
3097,旅館はベッドの快適さが良く、かなり満足している。,1,高評価,ホテル,train
3098,レビューを見て選んだが、提供の早さがとても良かったので、ハンバーガー店をまた利用したい。,1,高評価,飲食店,train
3099,空調が想像より良く、旅館には高評価を付けたい。,1,高評価,ホテル,train
3100,しばらく利用した結果、アニメ映画は値段に見合わない。特に迫力に問題があった。,0,低評価,映画,train
3101,評判が良かったので試した。SF映画を使ってみたが、会話が期待外れだった。,0,低評価,映画,train
3102,評判が良かったので試した。映像美がとても良かったので、ドラマ映画をまた利用したい。,1,高評価,映画,train
3103,最初の印象では、清掃には改善してほしい部分があるが、アメニティはかなり良く、全体としては気に入った。,1,高評価,ホテル,train
3104,静かさがとても良かったので、高級ホテルをまた利用したい。,1,高評価,ホテル,test
3105,SNSアプリは一見良さそうでバッテリー消費も悪くない。それでもログインがひどく、次は選ばない。,0,低評価,アプリ,train
3106,しばらく利用した結果、声優が想像より良く、歴史映画には高評価を付けたい。,1,高評価,映画,train
3107,サスペンス映画は演出に良い点もあった。しかし映像に問題があり、結果的にはおすすめしにくい。,0,低評価,映画,train
3108,宿泊施設はスタッフの対応が良く、かなり十分満足している。,1,高評価,ホテル,train
3109,評判が良かったので試した。部屋の広さに問題があり、さらに防音にも不満がある。リゾートはもう選ばない。,0,低評価,ホテル,train
3110,評判が良かったので試した。デザインが素晴らしく、さらに手触りにも満足した。収納棚をまた選びたい。,1,高評価,EC商品,train
3111,実際に使ってみると、検索機能が全く使えないわけではないが、読書アプリを高く評価するほどではない。,0,低評価,アプリ,test
3112,レビューを見て選んだが、高級ホテルは清掃は良かったが、部屋の広さが悪く、総合的には不満が残った。,0,低評価,ホテル,train
3113,実際に使ってみると、接客は魅力的だったが、食材の新鮮さがかなり残念で、全体としては満足できなかった。,0,低評価,飲食店,train
3114,山の旅館は値段に見合わない。特に防音に問題があった。,0,低評価,ホテル,train
3115,読書アプリは検索精度が不安定で、かなりストレスを感じた。,0,低評価,アプリ,validation
3116,清掃に不満があり、高級ホテルを選んだのは失敗だった。,0,低評価,ホテル,train
3117,動画アプリは画面の見やすさが良く、かなり満足している。,1,高評価,アプリ,train
3118,同期機能には満足したものの、デザインが期待外れだったのでニュースアプリには低評価を付けたい。,0,低評価,アプリ,train
3119,ナビアプリは起動速度で気になる点もあった。しかし画面の見やすさが良く、結果的には買って良かった。,1,高評価,アプリ,train
3120,パソコンは手触りが安定していて、ストレスなく使えた。,1,高評価,EC商品,train
3121,動作速度が想像より良く、チャットアプリには高評価を付けたい。,1,高評価,アプリ,train
3122,迫力が想像より良く、青春映画には高評価を付けたい。,1,高評価,映画,train
3123,サイズ感は魅力的だったが、使いやすさがかなり残念で、全体としては満足できなかった。,0,低評価,EC商品,train
3124,一週間ほど試した。機能の分かりやすさが残念だったので、家計簿アプリはもう利用したくない。,0,低評価,アプリ,train
3125,映像が素晴らしく、さらに構成にも満足した。歴史映画をまた選びたい。,1,高評価,映画,train
3126,ケーキ店はスタッフの対応が不安定で、かなりストレスを感じた。,0,低評価,飲食店,train
3127,しばらく利用した結果、アメニティが残念だったので、リゾートはもう利用したくない。,0,低評価,ホテル,train
3128,ケーキ店は最初雰囲気が気になったが、使い続けると料理の味の良さが分かり、今は満足している。,1,高評価,飲食店,train
3129,期待して購入した。会計が良くないというレビューもあったが、自分は中華料理店に満足している。,1,高評価,飲食店,validation
3130,焼肉店は提供の早さが安定していて、ストレスなく使えた。,1,高評価,飲食店,validation
3131,タブレットは使いやすさが悪く、かなり不満が残った。,0,低評価,EC商品,train
3132,感情表現が全く使えないわけではないが、コメディ映画を高く評価するほどではない。,0,低評価,映画,train
3133,評判が良かったので試した。タスク管理アプリは検索精度に少し不満があったが、通知機能は良く、総合的には満足している。,1,高評価,アプリ,train
3134,メニューの豊富さがとても良かったので、ラーメン店をまた利用したい。,1,高評価,飲食店,test
3135,コメディ映画は期待外れ。音楽と映像美のどちらも使いにくく、がっかりした。,0,低評価,映画,train
3136,タブレットは値段に見合わない。特に梱包に問題があった。,0,低評価,EC商品,train
3137,注文のしやすさには満足したものの、立地が期待外れだったので中華料理店には低評価を付けたい。,0,低評価,飲食店,train
3138,レビューを見て選んだが、天気アプリは操作性が悪く、かなり不満が残った。,0,低評価,アプリ,train
3139,レビューを見て選んだが、海辺のホテルは最初フロント対応が良いと感じたが、使い続けると朝食の問題が目立ち、評価は下がった。,0,低評価,ホテル,train
3140,脚本が想像より悪く、ホラー映画には低評価を付けたい。,0,低評価,映画,train
3141,実際に使ってみると、価格が残念だったので、温泉旅館はもう利用したくない。,0,低評価,ホテル,train
3142,構成が素晴らしく、さらに会話にも満足した。短編映画をまた選びたい。,1,高評価,映画,train
3143,ニュースアプリは期待に応えてくれなかった。アップデートにも満足できない。,0,低評価,アプリ,train
3144,世界観は少し悪かったものの、映像が期待以上だったのでミステリー映画には高評価を付けたい。,1,高評価,映画,train
3145,パン屋は席の広さに少し不満があったが、立地は良く、総合的には満足している。,1,高評価,飲食店,train
3146,しばらく利用した結果、眺めには満足したものの、防音が期待外れだったので民宿には低評価を付けたい。,0,低評価,ホテル,test
3147,レビューを見て選んだが、演技に問題がないとは言えないが、SF映画は総合的には十分満足できる。,1,高評価,映画,train
3148,盛り付けは決して悪くなく、ラーメン店を選んで良かったと思う。,1,高評価,飲食店,test
3149,映像美がとても良かったので、冒険映画をまた利用したい。,1,高評価,映画,train
3150,学習アプリは広告の少なさが良く、かなり満足している。,1,高評価,アプリ,train
3151,期待して購入した。会話は少し悪かったものの、音楽が期待以上だったのでファンタジー映画には高評価を付けたい。,1,高評価,映画,train
3152,館内設備に大きな不満はなく、駅前ホテルを選んで正解だった。,1,高評価,ホテル,train
3153,旅館はフロント対応に少し不満があったが、価格は良く、総合的には気に入っている。,1,高評価,ホテル,validation
3154,今回初めて利用した。ファミレスを使ってみたが、食材の新鮮さが期待外れだった。,0,低評価,飲食店,train
3155,店内の清潔さに問題があり、さらに雰囲気にも不満がある。ラーメン店はもう選ばない。,0,低評価,飲食店,train
3156,一週間ほど試した。フロント対応が良くないというレビューもあったが、自分はビジネスホテルに満足している。,1,高評価,ホテル,train
3157,しばらく利用した結果、喫茶店はスタッフの対応に良い点もあった。しかしドリンクに問題があり、結果的にはおすすめしにくい。,0,低評価,飲食店,train
3158,今回初めて利用した。音楽アプリは期待以上。検索精度と使い勝手のどちらも使いやすく、とても気に入った。,1,高評価,アプリ,train
3159,喫茶店は値段以上の価値を感じた。特に料理の味が素晴らしい。,1,高評価,飲食店,train
3160,立地が全く使えないわけではないが、ビュッフェを高く評価するほどではない。,0,低評価,飲食店,train
3161,地図アプリを使ってみたが、安定性が期待外れだった。,0,低評価,アプリ,train
3162,パソコンは軽さは良かったが、耐久性が悪く、総合的には不満が残った。,0,低評価,EC商品,validation
3163,説明書が想像より悪く、ヘッドホンには低評価を付けたい。,0,低評価,EC商品,test
3164,一週間ほど試した。リゾートホテルは眺めが悪く、かなり不満が残った。,0,低評価,ホテル,train
3165,期待して購入した。メモアプリは入力のしやすさも動作速度もかなり悪かった。残念だが低評価。,0,低評価,アプリ,train
3166,アップデートが想像より良く、天気アプリには高評価を付けたい。,1,高評価,アプリ,train
3167,音楽アプリは最初デザインが良いと感じたが、使い続けると操作性の問題が目立ち、評価は下がった。,0,低評価,アプリ,train
3168,コメディ映画は値段に見合わない。特に脚本に問題があった。,0,低評価,映画,train
3169,音楽映画は余韻に良い点もあった。しかし伏線に問題があり、結果的にはおすすめしにくい。,0,低評価,映画,train
3170,スタッフの対応は魅力的だったが、立地がかなり残念で、全体としては満足できなかった。,0,低評価,ホテル,train
3171,期待して購入した。メモアプリは安定性は良かったが、画面の見やすさが悪く、総合的にはかなり残念だった。,0,低評価,アプリ,train
3172,空調には満足したものの、防音が期待外れだったので宿泊施設には低評価を付けたい。,0,低評価,ホテル,test
3173,期待して購入した。ドキュメンタリー映画は映像が安定していて、ストレスなく使えた。,1,高評価,映画,train
3174,一週間ほど試した。眺めが素晴らしく、さらに価格にも満足した。カプセルホテルをまた選びたい。,1,高評価,ホテル,train
3175,パン屋を使ってみたが、温度が期待外れだった。,0,低評価,飲食店,train
3176,実際に使ってみると、注文のしやすさには改善してほしい部分があるが、メニューの豊富さはかなり良く、全体としては気に入った。,1,高評価,飲食店,train
3177,スタッフの対応に問題があり、さらに立地にも不満がある。パン屋はもう選ばない。,0,低評価,飲食店,train
3178,評判が良かったので試した。使い勝手が良くないというレビューもあったが、自分はカレンダーアプリに気に入っている。,1,高評価,アプリ,train
3179,フロント対応は予想以上だったが、そのほかは部屋の清潔さが使いにくく不満が残った。,0,低評価,ホテル,train
3180,デザインには満足したものの、読み込み速度が期待外れだったので決済アプリには低評価を付けたい。,0,低評価,アプリ,train
3181,設定画面は魅力的だったが、使い勝手がかなり残念で、全体としては満足できなかった。,0,低評価,アプリ,train
3182,しばらく利用した結果、朝食に大きな不満はなく、駅前ホテルを選んで正解だった。,1,高評価,ホテル,train
3183,青春映画は声優で気になる点もあった。しかし演技が良く、結果的には買って良かった。,1,高評価,映画,train
3184,戦争映画はアクションに良い点もあった。しかし映像美に問題があり、結果的にはおすすめしにくい。,0,低評価,映画,train
3185,評判が良かったので試した。海辺のホテルは期待を裏切らなかった。眺めにも不満はない。,1,高評価,ホテル,train
3186,動作の安定性が残念だったので、組み立て家具はもう利用したくない。,0,低評価,EC商品,train
3187,ファミレスはデザートは良かったが、待ち時間が悪く、総合的には不満が残った。,0,低評価,飲食店,train
3188,構成に大きな不満はなく、ファンタジー映画を選んで正解だった。,1,高評価,映画,train
3189,今回初めて利用した。マウスは品質に良い点もあった。しかし軽さに問題があり、結果的にはおすすめしにくい。,0,低評価,EC商品,train
3190,パソコンはデザインが安定していて、ストレスなく使えた。,1,高評価,EC商品,train
3191,パソコンは軽さも静音性も非常に良かった。文句なしで高評価。,1,高評価,EC商品,train
3192,テンポがとても良かったので、スポーツ映画をまた利用したい。,1,高評価,映画,train
3193,ドキュメンタリー映画はテーマに良い点もあった。しかし演技に問題があり、結果的にはおすすめしにくい。,0,低評価,映画,train
3194,何度か利用してみた。焼肉店は盛り付けで気になる点もあった。しかし価格が良く、結果的には買って良かった。,1,高評価,飲食店,train
3195,翻訳アプリの安定性は良くない。期待していただけに残念だった。,0,低評価,アプリ,train
3196,SF映画は感情表現が良く、かなり満足している。,1,高評価,映画,train
3197,戦争映画は期待以上。映像美とアクションのどちらも使いやすく、とても気に入った。,1,高評価,映画,test
3198,最初の印象では、パン屋は値段以上の価値を感じた。特にデザートが素晴らしい。,1,高評価,飲食店,train
3199,洋食店は期待以上。スタッフの対応と食材の新鮮さのどちらも使いやすく、とても気に入った。,1,高評価,飲食店,train
3200,演出は予想以上だったが、そのほかはキャラクターが使いにくく不満が残った。,0,低評価,映画,train
3201,テーマが残念だったので、アクション映画はもう利用したくない。,0,低評価,映画,train
3202,寿司店を使ってみたが、立地が期待以上だった。,1,高評価,飲食店,train
3203,モニターは耐久性で気になる点もあった。しかし品質が良く、結果的には買って良かった。,1,高評価,EC商品,train
3204,SF映画は声優に良い点もあった。しかし伏線に問題があり、結果的にはおすすめしにくい。,0,低評価,映画,train
3205,最初の印象では、価格は決して良いとは言えず、カフェには不満が残った。,0,低評価,飲食店,train
3206,バッテリー持ちは少し悪かったものの、動作の安定性が期待以上だったので椅子には高評価を付けたい。,1,高評価,EC商品,validation
3207,家計簿アプリは期待を裏切らなかった。検索精度にも不満はない。,1,高評価,アプリ,validation
3208,何度か利用してみた。洋食店は温度に少し不満があったが、ドリンクは良く、総合的には満足している。,1,高評価,飲食店,train
3209,ドラマ映画は一見良さそうでアクションも悪くない。それでもストーリーがひどく、次は選ばない。,0,低評価,映画,train
3210,最初の印象では、家計簿アプリはバッテリー消費が良く、かなり満足している。,1,高評価,アプリ,train
3211,ホテルは最初フロント対応が気になったが、使い続けると価格の良さが分かり、今は満足している。,1,高評価,ホテル,train
3212,価格がとても良かったので、ビジネスホテルをまた利用したい。,1,高評価,ホテル,train
3213,恋愛映画は値段以上の価値を感じた。特に構成が素晴らしい。,1,高評価,映画,test
3214,期待して購入した。スタッフの対応が少し悪くなっているところもあったが、そのほかは料理の味が良く使いやすい。,1,高評価,飲食店,train
3215,電源タップは期待外れ。操作感と手触りのどちらも使いにくく、がっかりした。,0,低評価,EC商品,train
3216,リゾートは値段以上の価値を感じた。特にフロント対応が素晴らしい。,1,高評価,ホテル,train
3217,充電器は梱包が不安定で、かなりストレスを感じた。,0,低評価,EC商品,train
3218,組み立て家具は操作感が安定していて、ストレスなく使えた。,1,高評価,EC商品,train
3219,家族向け映画は音楽も映像美も非常に良かった。文句なしで高評価。,1,高評価,映画,train
3220,しばらく利用した結果、音楽映画は一見良さそうで会話も悪くない。それでもテンポがひどく、次は選ばない。,0,低評価,映画,train
3221,実際に使ってみると、青春映画はストーリーが不安定で、かなりストレスを感じた。,0,低評価,映画,train
3222,デザートが少し悪くなっているところもあったが、そのほかは温度が良く使いやすい。,1,高評価,飲食店,train
3223,バッテリー持ちに不満があり、掃除機を選んだのは失敗だった。,0,低評価,EC商品,train
3224,タブレットは頑丈さに少し不満があったが、耐久性は良く、総合的には満足している。,1,高評価,EC商品,validation
3225,歴史映画はテーマに少し不満があったが、演技は良く、総合的には満足している。,1,高評価,映画,train
3226,リゾートホテルは安くないのに、アメニティがこの程度では納得できない。,0,低評価,ホテル,train
3227,注文のしやすさが想像より悪く、回転寿司には低評価を付けたい。,0,低評価,飲食店,test
3228,レビューを見て選んだが、機能の分かりやすさに不満があり、SNSアプリを選んだのは失敗だった。,0,低評価,アプリ,train
3229,掃除機はネジ穴の精度が良く、かなり気に入っている。,1,高評価,EC商品,train
3230,一週間ほど試した。Wi-Fiは魅力的だったが、眺めがかなり残念で、全体としては満足できなかった。,0,低評価,ホテル,train
3231,ファミレスはメニューの豊富さが良く、かなり満足している。,1,高評価,飲食店,validation
3232,パン屋は提供の早さも食材の新鮮さも非常に良かった。文句なしで高評価。,1,高評価,飲食店,train
3233,ビュッフェは値段に見合わない。特に立地に問題があった。,0,低評価,飲食店,validation
3234,何度か利用してみた。海辺のホテルは安くないのに、空調がこの程度では納得できない。,0,低評価,ホテル,train
3235,アニメ映画は世界観に良い点もあった。しかしキャラクターに問題があり、結果的にはおすすめしにくい。,0,低評価,映画,train
3236,レビューを見て選んだが、家族向け映画の感情表現は良くない。期待していただけに残念だった。,0,低評価,映画,train
3237,ログインに不満があり、地図アプリを選んだのは失敗だった。,0,低評価,アプリ,test
3238,充電器は反応速度に少し不満があったが、サイズ感は良く、総合的には満足している。,1,高評価,EC商品,train
3239,最初の印象では、清掃は少し悪かったものの、館内設備が期待以上だったのでホテルには高評価を付けたい。,1,高評価,ホテル,train
3240,レビューを見て選んだが、通知機能は予想以上だったが、そのほかは使い勝手が使いにくく不満が残った。,0,低評価,アプリ,train
3241,最初の印象では、宿泊施設は立地が良く、かなり満足している。,1,高評価,ホテル,train
3242,しばらく利用した結果、地図アプリは操作性が安定していて、ストレスなく使えた。,1,高評価,アプリ,train
3243,入力のしやすさは予想以上だったが、そのほかは安定性が使いにくく不満が残った。,0,低評価,アプリ,test
3244,今回初めて利用した。寿司店は会計が良く、かなり満足している。,1,高評価,飲食店,train
3245,動画アプリは値段に見合わない。特にバッテリー消費に問題があった。,0,低評価,アプリ,train
3246,収納棚は期待以上。操作感と頑丈さのどちらも使いやすく、とても気に入った。,1,高評価,EC商品,train
3247,最初の印象では、温度に大きな不満はなく、居酒屋を選んで正解だった。,1,高評価,飲食店,train
3248,期待して購入した。朝食は予想以上だったが、そのほかはフロント対応が使いにくく不満が残った。,0,低評価,ホテル,train
3249,香りが想像より良く、中華料理店には高評価を付けたい。,1,高評価,飲食店,train
3250,スマートフォンは値段以上の価値を感じた。特に組み立てやすさが素晴らしい。,1,高評価,EC商品,validation
3251,接続の安定性には満足したものの、反応速度が期待外れだったのでバッグには低評価を付けたい。,0,低評価,EC商品,train
3252,最初の印象では、そば屋は温度に少し不満があったが、店内の清潔さは良く、総合的には満足している。,1,高評価,飲食店,train
3253,ヘッドホンは安くないのに、サイズ感がこの程度では納得できない。,0,低評価,EC商品,train
3254,画面の見やすさに大きな不満はなく、音楽アプリを選んで正解だった。,1,高評価,アプリ,train
3255,期待して購入した。民宿の防音は良くない。期待していただけに残念だった。,0,低評価,ホテル,train
3256,実際に使ってみると、デザインがとても良かったので、ゲームアプリをまた利用したい。,1,高評価,アプリ,train
3257,読書アプリは期待に応えてくれなかった。通知機能にも満足できない。,0,低評価,アプリ,train
3258,家族向け映画は値段に見合わない。特に脚本に問題があった。,0,低評価,映画,train
3259,一週間ほど試した。タスク管理アプリは安くないのに、検索精度がこの程度では納得できない。,0,低評価,アプリ,train
3260,店内の清潔さに問題がないとは言えないが、ビュッフェは総合的には十分満足できる。,1,高評価,飲食店,train
3261,最初の印象では、ミステリー映画を使ってみたが、脚本が期待以上だった。,1,高評価,映画,train
3262,演技が残念だったので、コメディ映画はもう利用したくない。,0,低評価,映画,test
3263,シティホテルを使ってみたが、チェックアウトが期待以上だった。,1,高評価,ホテル,train
3264,掃除機は梱包が安定していて、ストレスなく使えた。,1,高評価,EC商品,train
3265,しばらく利用した結果、部屋の広さは予想以上だったが、そのほかはアクセスが使いにくく不満が残った。,0,低評価,ホテル,train
3266,ナビアプリは一見良さそうでバッテリー消費も悪くない。それでも使い勝手がひどく、次は選ばない。,0,低評価,アプリ,train
3267,ハンバーガー店は料理の味が悪く、かなり不満が残った。,0,低評価,飲食店,train
3268,青春映画は最初世界観が良いと感じたが、使い続けると映像美の問題が目立ち、評価は下がった。,0,低評価,映画,train
3269,そば屋は値段に見合わない。特にメニューの豊富さに問題があった。,0,低評価,飲食店,validation
3270,喫茶店は期待を裏切らなかった。デザートにも不満はない。,1,高評価,飲食店,validation
3271,操作感には改善してほしい部分があるが、接続の安定性はかなり良く、全体としては気に入った。,1,高評価,EC商品,train
3272,価格は決して良いとは言えず、海辺のホテルには不満が残った。,0,低評価,ホテル,train
3273,期待して購入した。チャットアプリは広告の少なさは良かったが、動作速度が悪く、総合的には不満が残った。,0,低評価,アプリ,train
3274,イタリアンは盛り付けが不安定で、かなりストレスを感じた。,0,低評価,飲食店,train
3275,スマートフォンはデザインが良く、かなり満足している。,1,高評価,EC商品,train
3276,広告の少なさには改善してほしい部分があるが、レスポンスはかなり良く、全体としては気に入った。,1,高評価,アプリ,train
3277,提供の早さは魅力的だったが、香りがかなり残念で、全体としては満足できなかった。,0,低評価,飲食店,train
3278,今回初めて利用した。耐久性が素晴らしく、さらに動作の安定性にも満足した。マウスをまた選びたい。,1,高評価,EC商品,train
3279,期待して購入した。パン屋は雰囲気で気になる点もあった。しかしボリュームが良く、結果的には買って良かった。,1,高評価,飲食店,train
3280,評判が良かったので試した。ベッドの快適さが素晴らしく、さらにアクセスにも満足した。ゲストハウスをまた選びたい。,1,高評価,ホテル,train
3281,一週間ほど試した。ボリュームには改善してほしい部分があるが、盛り付けはかなり良く、全体としては気に入った。,1,高評価,飲食店,train
3282,キャラクターが良くないというレビューもあったが、自分は歴史映画に満足している。,1,高評価,映画,train
3283,音楽アプリは値段に見合わない。特にログインに問題があった。,0,低評価,アプリ,train
3284,短編映画は映像は良かったが、ストーリーが悪く、総合的には不満が残った。,0,低評価,映画,train
3285,期待して購入した。駅前ホテルはアクセスに良い点もあった。しかし静かさに問題があり、結果的にはおすすめしにくい。,0,低評価,ホテル,test
3286,実際に使ってみると、ミステリー映画の映像美は悪くない。むしろ使ってみるとかなり満足できた。,1,高評価,映画,train
3287,ファミレスは待ち時間に良い点もあった。しかしドリンクに問題があり、結果的にはおすすめしにくい。,0,低評価,飲食店,train
3288,リゾートホテルは価格が不安定で、かなりストレスを感じた。,0,低評価,ホテル,train
3289,ステーキ店は雰囲気に良い点もあった。しかし接客に問題があり、結果的にはおすすめしにくい。,0,低評価,飲食店,train
3290,掃除機のバッテリー持ちは良くない。期待していただけに残念だった。,0,低評価,EC商品,train
3291,一週間ほど試した。使い勝手は決して良いとは言えず、ゲームアプリには不満が残った。,0,低評価,アプリ,train
3292,評判が良かったので試した。山の旅館は立地が不安定で、かなりストレスを感じた。,0,低評価,ホテル,train
3293,パン屋は期待に応えてくれなかった。食材の新鮮さにも満足できない。,0,低評価,飲食店,train
3294,スポーツ映画は高くないわけではないが、ラストを考えると納得できる。,1,高評価,映画,train
3295,収納棚は完璧ではなく静音性に難がある。それでも軽さが優れていて満足度は高い。,1,高評価,EC商品,train
3296,同期機能には改善してほしい部分があるが、ログインはかなり良く、全体としては気に入った。,1,高評価,アプリ,train
3297,一週間ほど試した。ドラマ映画を使ってみたが、ストーリーが期待以上だった。,1,高評価,映画,train
3298,席の広さが残念だったので、喫茶店はもう利用したくない。,0,低評価,飲食店,train
3299,期待して購入した。メモアプリはデザインに少し不満があったが、広告の少なさは良く、総合的には満足している。,1,高評価,アプリ,validation
3300,チェックインのスムーズさがとても良かったので、シティホテルをまた利用したい。,1,高評価,ホテル,test
3301,ドキュメンタリー映画は期待に応えてくれなかった。演技にも満足できない。,0,低評価,映画,train
3302,設定画面は魅力的だったが、検索精度がかなり残念で、全体としては満足できなかった。,0,低評価,アプリ,train
3303,ケーブルは使いやすさで気になる点もあった。しかし動作の安定性が良く、結果的には買って良かった。,1,高評価,EC商品,train
3304,犯罪映画は映像に少し不満があったが、伏線は良く、総合的には十分満足している。,1,高評価,映画,train
3305,ミステリー映画は最初演技が良いと感じたが、使い続けるとラストの問題が目立ち、評価は下がった。,0,低評価,映画,train
3306,パン屋は高くないわけではないが、雰囲気を考えると納得できる。,1,高評価,飲食店,test
3307,眺めには改善してほしい部分があるが、価格はかなり良く、全体としては気に入った。,1,高評価,ホテル,train
3308,演技は決して悪くなく、戦争映画を選んで良かったと思う。,1,高評価,映画,validation
3309,テンポが残念だったので、歴史映画はもう利用したくない。,0,低評価,映画,train
3310,同期機能は魅力的だったが、起動速度がかなり残念で、全体としては満足できなかった。,0,低評価,アプリ,train
3311,デスクは操作感は良かったが、接続の安定性が悪く、総合的には不満が残った。,0,低評価,EC商品,train
3312,駅前ホテルを使ってみたが、立地が期待以上だった。,1,高評価,ホテル,train
3313,中華料理店はスタッフの対応で気になる点もあった。しかし会計が良く、結果的には買って良かった。,1,高評価,飲食店,train
3314,うどん店は料理の味に良い点もあった。しかしスタッフの対応に問題があり、結果的にはおすすめしにくい。,0,低評価,飲食店,train
3315,何度か利用してみた。シティホテルは価格が不安定で、かなりストレスを感じた。,0,低評価,ホテル,train
3316,清掃が悪くないというレビューもあったが、自分には格安ホテルは合わなかった。,0,低評価,ホテル,train
3317,パン屋は期待を裏切らなかった。ドリンクにも不満はない。,1,高評価,飲食店,validation
3318,ファミレスはデザートが悪く、かなり不満が残った。,0,低評価,飲食店,train
3319,期待して購入した。決済アプリは機能の分かりやすさが安定していて、ストレスなく使えた。,1,高評価,アプリ,train
3320,温泉ホテルはチェックアウトが安定していて、ストレスなく使えた。,1,高評価,ホテル,train
3321,何度か利用してみた。和風旅館は部屋の清潔さが良く、かなり満足している。,1,高評価,ホテル,test
3322,評判が良かったので試した。格安ホテルは静かさに少し不満があったが、フロント対応は良く、総合的には満足している。,1,高評価,ホテル,train
3323,今回初めて利用した。読み込み速度が想像より良く、学習アプリには高評価を付けたい。,1,高評価,アプリ,train
3324,評判が良かったので試した。入力のしやすさに問題がないとは言えないが、ゲームアプリは総合的には十分満足できる。,1,高評価,アプリ,train
3325,工具セットはデザインが良く、かなり満足している。,1,高評価,EC商品,train
3326,構成が素晴らしく、さらに余韻にも満足した。ミステリー映画をまた選びたい。,1,高評価,映画,train
3327,うどん店は提供の早さに良い点もあった。しかしメニューの豊富さに問題があり、結果的にはおすすめしにくい。,0,低評価,飲食店,test
3328,アクションは魅力的だったが、会話がかなり残念で、全体としては満足できなかった。,0,低評価,映画,validation
3329,スタッフの対応に不満があり、ステーキ店を選んだのは失敗だった。,0,低評価,飲食店,train
3330,カプセルホテルは価格が安定していて、ストレスなく使えた。,1,高評価,ホテル,train
3331,部屋の清潔さがとても良かったので、リゾートをまた利用したい。,1,高評価,ホテル,validation
3332,喫茶店は一見良さそうで注文のしやすさも悪くない。それでもボリュームがひどく、次は選ばない。,0,低評価,飲食店,train
3333,構成に問題がないとは言えないが、アニメ映画は総合的には十分満足できる。,1,高評価,映画,train
3334,カプセルホテルは一見良さそうでスタッフの対応も悪くない。それでも朝食がひどく、次は選ばない。,0,低評価,ホテル,train
3335,チェックアウトには改善してほしい部分があるが、立地はかなり良く、全体としては気に入った。,1,高評価,ホテル,train
3336,使いやすさが想像より悪く、収納棚には低評価を付けたい。,0,低評価,EC商品,train
3337,スピーカーは組み立てやすさが良く、かなり気に入っている。,1,高評価,EC商品,train
3338,盛り付けが素晴らしく、さらに食材の新鮮さにも満足した。ラーメン店をまた選びたい。,1,高評価,飲食店,train
3339,歴史映画は演出が不安定で、かなりストレスを感じた。,0,低評価,映画,train
3340,しばらく利用した結果、歴史映画は最初映像美が良いと感じたが、使い続けると構成の問題が目立ち、評価は下がった。,0,低評価,映画,train
3341,通知機能には満足したものの、設定画面が期待外れだったので家計簿アプリには低評価を付けたい。,0,低評価,アプリ,train
3342,一週間ほど試した。反応速度が想像より悪く、収納棚には低評価を付けたい。,0,低評価,EC商品,train
3343,実際に使ってみると、同期機能は予想以上だったが、そのほかは使い勝手が使いにくく納得できなかった。,0,低評価,アプリ,train
3344,レビューを見て選んだが、スマートフォンは耐久性が悪く、かなり不満が残った。,0,低評価,EC商品,train
3345,しばらく利用した結果、そば屋は完璧ではなく価格に難がある。それでも温度が優れていて満足度は高い。,1,高評価,飲食店,train
3346,マウスは一見良さそうで使いやすさも悪くない。それでもバッテリー持ちがひどく、次は選ばない。,0,低評価,EC商品,train
3347,料理の味は決して悪くなく、焼肉店を選んで良かったと思う。,1,高評価,飲食店,train
3348,防音が想像より良く、海辺のホテルには高評価を付けたい。,1,高評価,ホテル,train
3349,最初の印象では、旅館はスタッフの対応が不安定で、かなりストレスを感じた。,0,低評価,ホテル,train
3350,最初の印象では、フロント対応には満足したものの、清掃が期待外れだったので高級ホテルには低評価を付けたい。,0,低評価,ホテル,train
3351,チェックインのスムーズさが想像より悪く、和風旅館には低評価を付けたい。,0,低評価,ホテル,train
3352,スマートフォンは値段以上の価値を感じた。特に説明書が素晴らしい。,1,高評価,EC商品,validation
3353,タブレットはバッテリー持ちに良い点もあった。しかし梱包に問題があり、結果的にはおすすめしにくい。,0,低評価,EC商品,train
3354,何度か利用してみた。読み込み速度が想像より悪く、翻訳アプリには低評価を付けたい。,0,低評価,アプリ,validation
3355,地図アプリを使ってみたが、ログインが期待以上だった。,1,高評価,アプリ,validation
3356,組み立て家具は静音性が悪く、かなり満足できなかった。,0,低評価,EC商品,train
3357,脚本が想像より良く、犯罪映画には高評価を付けたい。,1,高評価,映画,train
3358,レスポンスが残念だったので、動画アプリはもう利用したくない。,0,低評価,アプリ,test
3359,イタリアンは値段に見合わない。特に待ち時間に問題があった。,0,低評価,飲食店,test
3360,感情表現は予想以上だったが、そのほかはストーリーが使いにくく不満が残った。,0,低評価,映画,validation
3361,香りが残念だったので、パン屋はもう利用したくない。,0,低評価,飲食店,validation
3362,期待して購入した。ネジ穴の精度は少し悪かったものの、耐久性が期待以上だったのでバッグには高評価を付けたい。,1,高評価,EC商品,train
3363,何度か利用してみた。ログインが残念だったので、カレンダーアプリはもう利用したくない。,0,低評価,アプリ,train
3364,しばらく利用した結果、温度が素晴らしく、さらに会計にも満足した。居酒屋をまた選びたい。,1,高評価,飲食店,validation
3365,デザートに問題がないとは言えないが、そば屋は総合的には十分満足できる。,1,高評価,飲食店,train
3366,起動速度が想像より悪く、予約アプリには低評価を付けたい。,0,低評価,アプリ,test
3367,一週間ほど試した。イタリアンは価格が不安定で、かなりストレスを感じた。,0,低評価,飲食店,train
3368,最初の印象では、静かさが想像より悪く、温泉旅館には低評価を付けたい。,0,低評価,ホテル,train
3369,コメディ映画は映像もストーリーも非常に良かった。文句なしで高評価。,1,高評価,映画,train
3370,演出は魅力的だったが、会話がかなり残念で、全体としては満足できなかった。,0,低評価,映画,test
3371,評判が良かったので試した。スマートフォンは期待外れ。バッテリー持ちと頑丈さのどちらも使いにくく、がっかりした。,0,低評価,EC商品,train
3372,パソコンは完璧ではなくサイズ感に難がある。それでも梱包が優れていて満足度は高い。,1,高評価,EC商品,validation
3373,今回初めて利用した。接客には改善してほしい部分があるが、スタッフの対応はかなり良く、全体としては気に入った。,1,高評価,飲食店,train
3374,最初の印象では、軽さに不満があり、イヤホンを選んだのは失敗だった。,0,低評価,EC商品,test
3375,レスポンスに不満があり、メモアプリを選んだのは失敗だった。,0,低評価,アプリ,validation
3376,評判が良かったので試した。梱包は少し悪かったものの、静音性が期待以上だったのでキーボードには高評価を付けたい。,1,高評価,EC商品,train
3377,山の旅館はチェックインのスムーズさもベッドの快適さもかなり悪かった。残念だが低評価。,0,低評価,ホテル,train
3378,レスポンスが良くないというレビューもあったが、自分は家計簿アプリに満足している。,1,高評価,アプリ,test
3379,アニメ映画は映像美に良い点もあった。しかしテーマに問題があり、結果的にはおすすめしにくい。,0,低評価,映画,train
3380,ホラー映画は期待以上。迫力と演出のどちらも使いやすく、とても気に入った。,1,高評価,映画,train
3381,翻訳アプリは使い勝手も起動速度も非常に良かった。文句なしで高評価。,1,高評価,アプリ,test
3382,タスク管理アプリは最初バッテリー消費が気になったが、使い続けるとアップデートの良さが分かり、今は満足している。,1,高評価,アプリ,train
3383,ファミレスは料理の味もデザートもかなり悪かった。残念だが低評価。,0,低評価,飲食店,train
3384,レビューを見て選んだが、コストパフォーマンスが想像より悪く、タブレットには低評価を付けたい。,0,低評価,EC商品,train
3385,最初の印象では、観光ホテルはフロント対応が悪く、かなり不満が残った。,0,低評価,ホテル,validation
3386,ケーキ店はスタッフの対応が悪く、かなり不満が残った。,0,低評価,飲食店,test
3387,スタッフの対応に大きな不満はなく、イタリアンを選んで正解だった。,1,高評価,飲食店,train
3388,充電器は最初手触りが気になったが、使い続けると品質の良さが分かり、今は満足している。,1,高評価,EC商品,train
3389,SNSアプリは安定性が悪く、かなり不満が残った。,0,低評価,アプリ,train
3390,充電器は接続の安定性が良く、かなり満足している。,1,高評価,EC商品,train
3391,カレー店は値段以上の価値を感じた。特に店内の清潔さが素晴らしい。,1,高評価,飲食店,train
3392,格安ホテルは朝食が安定していて、ストレスなく使えた。,1,高評価,ホテル,train
3393,頑丈さに問題がないとは言えないが、イヤホンは総合的には十分満足できる。,1,高評価,EC商品,train
3394,期待して購入した。ファミレスは値段に見合わない。特に提供の早さに問題があった。,0,低評価,飲食店,validation
3395,音楽アプリは動作速度に良い点もあった。しかしバッテリー消費に問題があり、結果的にはおすすめしにくい。,0,低評価,アプリ,train
3396,通知機能がとても良かったので、読書アプリをまた利用したい。,1,高評価,アプリ,train
3397,実際に使ってみると、部屋の広さが想像より良く、シティホテルには高評価を付けたい。,1,高評価,ホテル,train
3398,頑丈さは決して悪くなく、パソコンを選んで良かったと思う。,1,高評価,EC商品,train
3399,梱包が良くないというレビューもあったが、自分はモニターに満足している。,1,高評価,EC商品,train
3400,ビジネスホテルは高くないわけではないが、館内設備を考えると納得できる。,1,高評価,ホテル,train
3401,起動速度は決して悪くなく、音楽アプリを選んで良かったと思う。,1,高評価,アプリ,validation
3402,焼肉店は完璧ではなく雰囲気に難がある。それでも店内の清潔さが優れていて満足度は高い。,1,高評価,飲食店,train
3403,提供の早さが少し悪くなっているところもあったが、そのほかは盛り付けが良く使いやすい。,1,高評価,飲食店,train
3404,SF映画は値段に見合わない。特に余韻に問題があった。,0,低評価,映画,train
3405,カプセルホテルは期待外れ。部屋の清潔さとWi-Fiのどちらも使いにくく、がっかりした。,0,低評価,ホテル,train
3406,定食屋はメニューの豊富さで気になる点もあった。しかし立地が良く、結果的には買って良かった。,1,高評価,飲食店,validation
3407,期待して購入した。部屋の清潔さは少し悪かったものの、フロント対応が期待以上だったので空港ホテルには高評価を付けたい。,1,高評価,ホテル,train
3408,スマートフォンは頑丈さに少し不満があったが、使いやすさは良く、総合的には満足している。,1,高評価,EC商品,train
3409,実際に使ってみると、ミステリー映画は構成が良く、かなり満足している。,1,高評価,映画,train
3410,組み立てやすさには満足したものの、軽さが期待外れだったので掃除機には低評価を付けたい。,0,低評価,EC商品,test
3411,脚本が良くないというレビューもあったが、自分はアクション映画に高く評価している。,1,高評価,映画,train
3412,しばらく利用した結果、リゾートホテルは館内設備に良い点もあった。しかしアクセスに問題があり、結果的にはおすすめしにくい。,0,低評価,ホテル,train
3413,民宿は朝食に少し不満があったが、アクセスは良く、総合的には満足している。,1,高評価,ホテル,train
3414,焼肉店の料理の味は良くない。期待していただけに残念だった。,0,低評価,飲食店,train
3415,動作速度には改善してほしい部分があるが、広告の少なさはかなり良く、全体としては気に入った。,1,高評価,アプリ,train
3416,映像美には改善してほしい部分があるが、伏線はかなり良く、全体としては気に入った。,1,高評価,映画,train
3417,アメニティが残念だったので、ゲストハウスはもう利用したくない。,0,低評価,ホテル,validation
3418,喫茶店は会計が良く、かなり満足している。,1,高評価,飲食店,train
3419,デザインには改善してほしい部分があるが、検索機能はかなり良く、全体としては気に入った。,1,高評価,アプリ,train
3420,サスペンス映画は安くないのに、ラストがこの程度では納得できない。,0,低評価,映画,train
3421,地図アプリの機能の分かりやすさは悪くない。むしろ使ってみるとかなり満足できた。,1,高評価,アプリ,test
3422,待ち時間に大きな不満はなく、ハンバーガー店を選んで正解だった。,1,高評価,飲食店,train
3423,ラーメン店を使ってみたが、スタッフの対応が期待以上だった。,1,高評価,飲食店,train
3424,家計簿アプリは検索精度も画面の見やすさも非常に良かった。文句なしで高評価。,1,高評価,アプリ,train
3425,何度か利用してみた。キャラクターは魅力的だったが、ストーリーがかなり残念で、全体としては満足できなかった。,0,低評価,映画,train
3426,部屋の清潔さに大きな不満はなく、ゲストハウスを選んで正解だった。,1,高評価,ホテル,train
3427,キャラクターに問題がないとは言えないが、短編映画は総合的には十分満足できる。,1,高評価,映画,validation
3428,盛り付けは決して悪くなく、ビュッフェを選んで良かったと思う。,1,高評価,飲食店,validation
3429,コストパフォーマンスが良くないというレビューもあったが、自分はバッグに満足している。,1,高評価,EC商品,train
3430,世界観に大きな不満はなく、家族向け映画を選んで正解だった。,1,高評価,映画,test
3431,戦争映画は完璧ではなくテンポに難がある。それでもキャラクターが優れていて満足度は高い。,1,高評価,映画,train
3432,期待して購入した。頑丈さは予想以上だったが、そのほかは反応速度が使いにくく不満が残った。,0,低評価,EC商品,train
3433,海辺のホテルは館内設備が悪く、かなり不満が残った。,0,低評価,ホテル,test
3434,民宿は立地が良く、かなり満足している。,1,高評価,ホテル,train
3435,ケーキ店は料理の味も立地もかなり悪かった。残念だが低評価。,0,低評価,飲食店,validation
3436,格安ホテルは空調が安定していて、ストレスなく使えた。,1,高評価,ホテル,train
3437,タスク管理アプリは安定性が良く、かなり十分満足している。,1,高評価,アプリ,validation
3438,期待して購入した。音楽映画を使ってみたが、ラストが期待以上だった。,1,高評価,映画,train
3439,寿司店は会計は良かったが、立地が悪く、総合的には不満が残った。,0,低評価,飲食店,train
3440,水筒は完璧ではなく音質に難がある。それでも静音性が優れていて満足度は高い。,1,高評価,EC商品,test
3441,期待して購入した。組み立て家具は期待を裏切らなかった。組み立てやすさにも不満はない。,1,高評価,EC商品,train
3442,説明書が残念だったので、スマートフォンはもう利用したくない。,0,低評価,EC商品,train
3443,操作性は少し悪かったものの、検索精度が期待以上だったのでニュースアプリには高評価を付けたい。,1,高評価,アプリ,train
3444,動作の安定性は魅力的だったが、梱包がかなり残念で、全体としては満足できなかった。,0,低評価,EC商品,test
3445,何度か利用してみた。喫茶店は完璧ではなくメニューの豊富さに難がある。それでもスタッフの対応が優れていて満足度は高い。,1,高評価,飲食店,train
3446,椅子は接続の安定性が悪く、かなり不満が残った。,0,低評価,EC商品,train
3447,カレー店は最初注文のしやすさが良いと感じたが、使い続けると盛り付けの問題が目立ち、評価は下がった。,0,低評価,飲食店,train
3448,検索機能に不満があり、読書アプリを選んだのは失敗だった。,0,低評価,アプリ,train
3449,椅子は組み立てやすさが不安定で、かなりストレスを感じた。,0,低評価,EC商品,test
3450,ログインに不満があり、ナビアプリを選んだのは失敗だった。,0,低評価,アプリ,train
3451,何度か利用してみた。接客は決して良いとは言えず、うどん店にはかなり残念だった。,0,低評価,飲食店,test
3452,今回初めて利用した。カレンダーアプリはバッテリー消費で気になる点もあった。しかし機能の分かりやすさが良く、結果的には買って良かった。,1,高評価,アプリ,test
3453,ネジ穴の精度に問題があり、さらに静音性にも不満がある。掃除機はもう選ばない。,0,低評価,EC商品,validation
3454,期待して購入した。接続の安定性には満足したものの、音質が期待外れだったのでイヤホンには低評価を付けたい。,0,低評価,EC商品,train
3455,評判が良かったので試した。家計簿アプリは一見良さそうでレスポンスも悪くない。それでも入力のしやすさがひどく、次は選ばない。,0,低評価,アプリ,train
3456,イタリアンはメニューの豊富さが安定していて、ストレスなく使えた。,1,高評価,飲食店,train
3457,ステーキ店は会計もデザートもかなり悪かった。残念だが低評価。,0,低評価,飲食店,train
3458,通知機能には満足したものの、アップデートが期待外れだったので読書アプリには低評価を付けたい。,0,低評価,アプリ,train
3459,ビュッフェは値段以上の価値を感じた。特にデザートが素晴らしい。,1,高評価,飲食店,test
3460,広告の少なさが想像より悪く、予約アプリには低評価を付けたい。,0,低評価,アプリ,train
3461,レビューを見て選んだが、画面の見やすさは予想以上だったが、そのほかは機能の分かりやすさが使いにくく不満が残った。,0,低評価,アプリ,train
3462,期待して購入した。検索精度が想像より悪く、家計簿アプリには低評価を付けたい。,0,低評価,アプリ,train
3463,高級ホテルは最初部屋の広さが良いと感じたが、使い続けると清掃の問題が目立ち、評価は下がった。,0,低評価,ホテル,train
3464,実際に使ってみると、メモアプリの動作速度は良くない。期待していただけに残念だった。,0,低評価,アプリ,train
3465,動画アプリは値段以上の価値を感じた。特に動作速度が素晴らしい。,1,高評価,アプリ,validation
3466,期待して購入した。カフェは高くないわけではないが、デザートを考えると納得できる。,1,高評価,飲食店,train
3467,ゲームアプリを使ってみたが、レスポンスが期待外れだった。,0,低評価,アプリ,train
3468,伏線には改善してほしい部分があるが、迫力はかなり良く、全体としては気に入った。,1,高評価,映画,train
3469,価格が素晴らしく、さらに立地にも満足した。中華料理店をまた選びたい。,1,高評価,飲食店,train
3470,健康管理アプリはバッテリー消費が悪く、かなり不満が残った。,0,低評価,アプリ,train
3471,椅子を使ってみたが、説明書が期待外れだった。,0,低評価,EC商品,train
3472,期待して購入した。ドリンクが良くないというレビューもあったが、自分は回転寿司に満足している。,1,高評価,飲食店,train
3473,ミステリー映画は完璧ではなく音楽に難がある。それでも伏線が優れていて満足度は高い。,1,高評価,映画,train
3474,充電器は完璧ではなく品質に難がある。それでもネジ穴の精度が優れていて満足度は高い。,1,高評価,EC商品,train
3475,何度か利用してみた。リゾートは最初Wi-Fiが良いと感じたが、使い続けると朝食の問題が目立ち、評価は下がった。,0,低評価,ホテル,train
3476,香りに大きな不満はなく、パン屋を選んで正解だった。,1,高評価,飲食店,test
3477,しばらく利用した結果、料理の味がとても良かったので、焼肉店をまた利用したい。,1,高評価,飲食店,train
3478,実際に使ってみると、サスペンス映画はラストもアクションもかなり悪かった。残念だが低評価。,0,低評価,映画,train
3479,通知機能が良くないというレビューもあったが、自分はニュースアプリに満足している。,1,高評価,アプリ,train
3480,学習アプリは期待外れ。安定性と検索機能のどちらも使いにくく、がっかりした。,0,低評価,アプリ,train
3481,期待して購入した。価格が全く使えないわけではないが、観光ホテルを高く評価するほどではない。,0,低評価,ホテル,train
3482,評判が良かったので試した。水筒は反応速度が悪く、かなり不満が残った。,0,低評価,EC商品,train
3483,健康管理アプリは通知機能も検索機能もかなり悪かった。残念だが低評価。,0,低評価,アプリ,train
3484,メモアプリは広告の少なさが悪く、かなり不満が残った。,0,低評価,アプリ,train
3485,今回初めて利用した。水筒は操作感も説明書もかなり悪かった。残念だが低評価。,0,低評価,EC商品,train
3486,決済アプリは使い勝手に良い点もあった。しかし検索精度に問題があり、結果的にはおすすめしにくい。,0,低評価,アプリ,train
3487,評判が良かったので試した。キーボードは完璧ではなく静音性に難がある。それでも頑丈さが優れていて満足度は高い。,1,高評価,EC商品,train
3488,動作の安定性が想像より良く、ケーブルには高評価を付けたい。,1,高評価,EC商品,train
3489,最初の印象では、盛り付けは決して良いとは言えず、ビュッフェには満足できなかった。,0,低評価,飲食店,train
3490,ベッドの快適さは決して悪くなく、格安ホテルを選んで良かったと思う。,1,高評価,ホテル,train
3491,入力のしやすさは予想以上だったが、そのほかはレスポンスが使いにくく納得できなかった。,0,低評価,アプリ,train
3492,うどん店は完璧ではなくスタッフの対応に難がある。それでも注文のしやすさが優れていて満足度は高い。,1,高評価,飲食店,train
3493,実際に使ってみると、家計簿アプリは動作速度が不安定で、かなりストレスを感じた。,0,低評価,アプリ,train
3494,一週間ほど試した。マウスは耐久性に少し不満があったが、接続の安定性は良く、総合的には満足している。,1,高評価,EC商品,test
3495,期待して購入した。サイズ感は決して悪くなく、スピーカーを選んで良かったと思う。,1,高評価,EC商品,train
3496,カレー店は完璧ではなくメニューの豊富さに難がある。それでも接客が優れていて満足度は高い。,1,高評価,飲食店,train
3497,しばらく利用した結果、掃除機はネジ穴の精度が安定していて、ストレスなく使えた。,1,高評価,EC商品,train
3498,ドリンクには改善してほしい部分があるが、立地はかなり良く、全体としては気に入った。,1,高評価,飲食店,train
3499,空港ホテルは一見良さそうでWi-Fiも悪くない。それでも清掃がひどく、次は選ばない。,0,低評価,ホテル,train
3500,レビューを見て選んだが、動画アプリは設定画面が良く、かなり満足している。,1,高評価,アプリ,train
3501,余韻に大きな不満はなく、戦争映画を選んで正解だった。,1,高評価,映画,train
3502,映像美が想像より良く、SF映画には高評価を付けたい。,1,高評価,映画,train
3503,アニメ映画は完璧ではなく会話に難がある。それでも映像が優れていて満足度は高い。,1,高評価,映画,train
3504,テンポが想像より良く、犯罪映画には高評価を付けたい。,1,高評価,映画,validation
3505,画面の見やすさが素晴らしく、さらに同期機能にも満足した。写真アプリをまた選びたい。,1,高評価,アプリ,train
3506,コメディ映画は演技もテンポもかなり悪かった。残念だが低評価。,0,低評価,映画,train
3507,浴場が想像より悪く、シティホテルには低評価を付けたい。,0,低評価,ホテル,train
3508,何度か利用してみた。防音は魅力的だったが、館内設備がかなり残念で、全体としては満足できなかった。,0,低評価,ホテル,train
3509,評判が良かったので試した。カプセルホテルは空調で気になる点もあった。しかしチェックアウトが良く、結果的には買って良かった。,1,高評価,ホテル,train
3510,今回初めて利用した。海辺のホテルは値段以上の価値を感じた。特に立地が素晴らしい。,1,高評価,ホテル,validation
3511,椅子は接続の安定性が不安定で、かなりストレスを感じた。,0,低評価,EC商品,train
3512,浴場がとても良かったので、空港ホテルをまた利用したい。,1,高評価,ホテル,train
3513,旅館は一見良さそうで防音も悪くない。それでも立地がひどく、次は選ばない。,0,低評価,ホテル,train
3514,迫力が悪くないというレビューもあったが、自分にはドキュメンタリー映画は合わなかった。,0,低評価,映画,train
3515,ラストは決して悪くなく、ドラマ映画を選んで良かったと思う。,1,高評価,映画,train
3516,ラーメン店は注文のしやすさに少し不満があったが、温度は良く、総合的には満足している。,1,高評価,飲食店,train
3517,何度か利用してみた。チャットアプリは高くないわけではないが、バッテリー消費を考えると納得できる。,1,高評価,アプリ,train
3518,テーマがとても良かったので、音楽映画をまた利用したい。,1,高評価,映画,train
3519,通知機能に不満があり、ニュースアプリを選んだのは失敗だった。,0,低評価,アプリ,train
3520,入力のしやすさに問題があり、さらに同期機能にも不満がある。学習アプリはもう選ばない。,0,低評価,アプリ,train
3521,写真アプリの入力のしやすさは良くない。期待していただけに残念だった。,0,低評価,アプリ,train
3522,ハンバーガー店は期待以上。席の広さと立地のどちらも使いやすく、とても気に入った。,1,高評価,飲食店,train
3523,テーマに不満があり、青春映画を選んだのは失敗だった。,0,低評価,映画,train
3524,感情表現には満足したものの、演技が期待外れだったので歴史映画には低評価を付けたい。,0,低評価,映画,train
3525,動作速度が残念だったので、ニュースアプリはもう利用したくない。,0,低評価,アプリ,train
3526,歴史映画は期待外れ。ストーリーと感情表現のどちらも使いにくく、がっかりした。,0,低評価,映画,train
3527,ストーリーがとても良かったので、恋愛映画をまた利用したい。,1,高評価,映画,validation
3528,耐久性には満足したものの、バッテリー持ちが期待外れだったのでタブレットには低評価を付けたい。,0,低評価,EC商品,train
3529,予約アプリは最初同期機能が気になったが、使い続けると起動速度の良さが分かり、今は満足している。,1,高評価,アプリ,train
3530,レビューを見て選んだが、盛り付けは予想以上だったが、そのほかはスタッフの対応が使いにくく不満が残った。,0,低評価,飲食店,train
3531,キーボードは接続の安定性が良く、かなり満足している。,1,高評価,EC商品,train
3532,何度か利用してみた。音楽映画を使ってみたが、テーマが期待以上だった。,1,高評価,映画,train
3533,実際に使ってみると、手触りには満足したものの、静音性が期待外れだったのでマウスには低評価を付けたい。,0,低評価,EC商品,train
3534,防音が想像より悪く、ゲストハウスには低評価を付けたい。,0,低評価,ホテル,train
3535,画面の見やすさが素晴らしく、さらに入力のしやすさにも満足した。ニュースアプリをまた選びたい。,1,高評価,アプリ,train
3536,広告の少なさには満足したものの、バッテリー消費が期待外れだったので音楽アプリには低評価を付けたい。,0,低評価,アプリ,train
3537,掃除機は期待に応えてくれなかった。組み立てやすさにも満足できない。,0,低評価,EC商品,train
3538,今回初めて利用した。提供の早さが想像より悪く、寿司店には低評価を付けたい。,0,低評価,飲食店,train
3539,中華料理店は期待外れ。料理の味と提供の早さのどちらも使いにくく、がっかりした。,0,低評価,飲食店,test
3540,期待して購入した。戦争映画は期待を裏切らなかった。脚本にも不満はない。,1,高評価,映画,train
3541,テンポがとても良かったので、アクション映画をまた利用したい。,1,高評価,映画,test
3542,温度には満足したものの、提供の早さが期待外れだったのでカフェには低評価を付けたい。,0,低評価,飲食店,train
3543,説明書は少し悪かったものの、動作の安定性が期待以上だったので組み立て家具には高評価を付けたい。,1,高評価,EC商品,validation
3544,スピーカーは使いやすさが安定していて、ストレスなく使えた。,1,高評価,EC商品,train
3545,恋愛映画は伏線が安定していて、ストレスなく使えた。,1,高評価,映画,test
3546,決済アプリの動作速度は良くない。期待していただけに残念だった。,0,低評価,アプリ,train
3547,パソコンは期待以上。梱包と接続の安定性のどちらも使いやすく、とても気に入った。,1,高評価,EC商品,train
3548,しばらく利用した結果、ゲストハウスは値段に見合わない。特に立地に問題があった。,0,低評価,ホテル,test
3549,評判が良かったので試した。空港ホテルは部屋の広さに少し不満があったが、立地は良く、総合的には高く評価している。,1,高評価,ホテル,train
3550,レビューを見て選んだが、ミステリー映画は音楽に少し不満があったが、テンポは良く、総合的には満足している。,1,高評価,映画,validation
3551,立地が想像より良く、居酒屋には高評価を付けたい。,1,高評価,飲食店,train
3552,会計に大きな不満はなく、ラーメン店を選んで正解だった。,1,高評価,飲食店,train
3553,アクセスが少し悪くなっているところもあったが、そのほかは眺めが良く使いやすい。,1,高評価,ホテル,train
3554,余韻が想像より良く、アニメ映画には高評価を付けたい。,1,高評価,映画,test
3555,ケーブルは完璧ではなく手触りに難がある。それでも頑丈さが優れていて満足度は高い。,1,高評価,EC商品,validation
3556,工具セットは期待以上。品質とサイズ感のどちらも使いやすく、とても気に入った。,1,高評価,EC商品,train
3557,立地に問題がないとは言えないが、ハンバーガー店は総合的には十分満足できる。,1,高評価,飲食店,train
3558,恋愛映画を使ってみたが、音楽が期待以上だった。,1,高評価,映画,test
3559,同期機能が素晴らしく、さらに検索機能にも満足した。予約アプリをまた選びたい。,1,高評価,アプリ,validation
3560,評判が良かったので試した。予約アプリは値段以上の価値を感じた。特に同期機能が素晴らしい。,1,高評価,アプリ,train
3561,実際に使ってみると、温泉旅館は最初部屋の清潔さが良いと感じたが、使い続けるとスタッフの対応の問題が目立ち、評価は下がった。,0,低評価,ホテル,train
3562,レビューを見て選んだが、宿泊施設は値段以上の価値を感じた。特に価格が素晴らしい。,1,高評価,ホテル,test
3563,しばらく利用した結果、歴史映画は迫力が不安定で、かなりストレスを感じた。,0,低評価,映画,train
3564,タブレットは梱包が悪く、かなり不満が残った。,0,低評価,EC商品,train
3565,実際に使ってみると、格安ホテルを使ってみたが、浴場が期待外れだった。,0,低評価,ホテル,train
3566,和風旅館は値段に見合わない。特にフロント対応に問題があった。,0,低評価,ホテル,train
3567,世界観がとても良かったので、アニメ映画をまた利用したい。,1,高評価,映画,train
3568,カフェは最初温度が気になったが、使い続けると提供の早さの良さが分かり、今は満足している。,1,高評価,飲食店,train
3569,モニターは最初コストパフォーマンスが良いと感じたが、使い続けるとバッテリー持ちの問題が目立ち、評価は下がった。,0,低評価,EC商品,validation
3570,今回初めて利用した。メモアプリは期待以上。操作性とログインのどちらも使いやすく、とても気に入った。,1,高評価,アプリ,train
3571,民宿は最初ベッドの快適さが良いと感じたが、使い続けるとチェックアウトの問題が目立ち、評価は下がった。,0,低評価,ホテル,train
3572,ミステリー映画は期待以上。テンポと世界観のどちらも使いやすく、とても気に入った。,1,高評価,映画,train
3573,ナビアプリは広告の少なさで気になる点もあった。しかし操作性が良く、結果的には買って良かった。,1,高評価,アプリ,train
3574,実際に使ってみると、浴場が想像より良く、ホテルには高評価を付けたい。,1,高評価,ホテル,train
3575,天気アプリは同期機能が悪く、かなり不満が残った。,0,低評価,アプリ,train
3576,カレンダーアプリを使ってみたが、動作速度が期待外れだった。,0,低評価,アプリ,train
3577,実際に使ってみると、声優に大きな不満はなく、ドラマ映画を選んで正解だった。,1,高評価,映画,train
3578,香りに問題があり、さらにボリュームにも不満がある。回転寿司はもう選ばない。,0,低評価,飲食店,train
3579,充電器はコストパフォーマンスが安定していて、ストレスなく使えた。,1,高評価,EC商品,train
3580,山の旅館の部屋の広さは良くない。期待していただけに残念だった。,0,低評価,ホテル,train
3581,席の広さが良くないというレビューもあったが、自分はケーキ店に満足している。,1,高評価,飲食店,train
3582,期待して購入した。キャラクターが残念だったので、家族向け映画はもう利用したくない。,0,低評価,映画,train
3583,実際に使ってみると、アニメ映画は値段に見合わない。特に余韻に問題があった。,0,低評価,映画,test
3584,評判が良かったので試した。回転寿司は提供の早さに良い点もあった。しかし温度に問題があり、結果的にはおすすめしにくい。,0,低評価,飲食店,train
3585,実際に使ってみると、眺めが想像より悪く、和風旅館には低評価を付けたい。,0,低評価,ホテル,train
3586,実際に使ってみると、イヤホンは期待外れ。音質とコストパフォーマンスのどちらも使いにくく、がっかりした。,0,低評価,EC商品,train
3587,機能の分かりやすさには満足したものの、入力のしやすさが期待外れだったので学習アプリには低評価を付けたい。,0,低評価,アプリ,train
3588,実際に使ってみると、演出が想像より良く、戦争映画には高評価を付けたい。,1,高評価,映画,train
3589,何度か利用してみた。焼肉店は完璧ではなく料理の味に難がある。それでも立地が優れていて満足度は高い。,1,高評価,飲食店,train
3590,ファンタジー映画はキャラクターは良かったが、声優が悪く、総合的には不満が残った。,0,低評価,映画,train
3591,ヘッドホンを使ってみたが、手触りが期待以上だった。,1,高評価,EC商品,train
3592,パソコンは期待に応えてくれなかった。デザインにも満足できない。,0,低評価,EC商品,train
3593,テーマは予想以上だったが、そのほかは余韻が使いにくく不満が残った。,0,低評価,映画,train
3594,会話が悪くないというレビューもあったが、自分にはサスペンス映画は合わなかった。,0,低評価,映画,train
3595,何度か利用してみた。シティホテルは清掃が安定していて、ストレスなく使えた。,1,高評価,ホテル,train
3596,デザインが想像より良く、音楽アプリには高評価を付けたい。,1,高評価,アプリ,train
3597,SF映画は映像が安定していて、ストレスなく使えた。,1,高評価,映画,test
3598,カフェは席の広さが良く、かなり満足している。,1,高評価,飲食店,validation
3599,頑丈さが想像より良く、工具セットには高評価を付けたい。,1,高評価,EC商品,train
3600,部屋の広さがとても良かったので、カプセルホテルをまた利用したい。,1,高評価,ホテル,train
3601,実際に使ってみると、操作性に不満があり、学習アプリを選んだのは失敗だった。,0,低評価,アプリ,train
3602,家計簿アプリは起動速度も検索精度も非常に良かった。文句なしで高評価。,1,高評価,アプリ,train
3603,最初の印象では、価格には改善してほしい部分があるが、席の広さはかなり良く、全体としては気に入った。,1,高評価,飲食店,train
3604,レスポンスがとても良かったので、地図アプリをまた利用したい。,1,高評価,アプリ,test
3605,評判が良かったので試した。アクション映画は安くないのに、迫力がこの程度では納得できない。,0,低評価,映画,train
3606,何度か利用してみた。防音は予想以上だったが、そのほかはアメニティが使いにくく満足できなかった。,0,低評価,ホテル,train
3607,ラストが残念だったので、ドキュメンタリー映画はもう利用したくない。,0,低評価,映画,train
3608,SNSアプリは検索機能に少し不満があったが、操作性は良く、総合的には十分満足している。,1,高評価,アプリ,train
3609,カフェは注文のしやすさが悪く、かなり不満が残った。,0,低評価,飲食店,train
3610,定食屋は期待外れ。価格とメニューの豊富さのどちらも使いにくく、がっかりした。,0,低評価,飲食店,train
3611,アクセスに大きな不満はなく、旅館を選んで正解だった。,1,高評価,ホテル,test
3612,高級ホテルは安くないのに、アメニティがこの程度では納得できない。,0,低評価,ホテル,train
3613,今回初めて利用した。ボリュームは魅力的だったが、温度がかなり残念で、全体としては満足できなかった。,0,低評価,飲食店,train
3614,しばらく利用した結果、決済アプリは期待以上。検索精度とバッテリー消費のどちらも使いやすく、とても気に入った。,1,高評価,アプリ,train
3615,しばらく利用した結果、決済アプリは期待に応えてくれなかった。操作性にも満足できない。,0,低評価,アプリ,train
3616,ホラー映画は感情表現が不安定で、かなりストレスを感じた。,0,低評価,映画,validation
3617,操作性が想像より悪く、健康管理アプリには低評価を付けたい。,0,低評価,アプリ,train
3618,レビューを見て選んだが、演出が残念だったので、ホラー映画はもう利用したくない。,0,低評価,映画,train
3619,アクション映画は最初映像が気になったが、使い続けるとテーマの良さが分かり、今は満足している。,1,高評価,映画,test
3620,充電器は完璧ではなく使いやすさに難がある。それでも頑丈さが優れていて満足度は高い。,1,高評価,EC商品,test
3621,カレンダーアプリは最初安定性が気になったが、使い続けると起動速度の良さが分かり、今は満足している。,1,高評価,アプリ,train
3622,立地が残念だったので、和風旅館はもう利用したくない。,0,低評価,ホテル,train
3623,実際に使ってみると、寿司店は値段に見合わない。特に店内の清潔さに問題があった。,0,低評価,飲食店,train
3624,しばらく利用した結果、演出には改善してほしい部分があるが、迫力はかなり良く、全体としては気に入った。,1,高評価,映画,validation
3625,翻訳アプリは画面の見やすさが良く、かなり満足している。,1,高評価,アプリ,validation
3626,最初の印象では、空調が少し悪くなっているところもあったが、そのほかは部屋の広さが良く使いやすい。,1,高評価,ホテル,train
3627,評判が良かったので試した。健康管理アプリは画面の見やすさに少し不満があったが、読み込み速度は良く、総合的には満足している。,1,高評価,アプリ,train
3628,ミステリー映画は最初声優が気になったが、使い続けるとストーリーの良さが分かり、今は気に入っている。,1,高評価,映画,train
3629,カフェは香りが安定していて、ストレスなく使えた。,1,高評価,飲食店,train
3630,レビューを見て選んだが、マウスは反応速度は良かったが、バッテリー持ちが悪く、総合的にはかなり残念だった。,0,低評価,EC商品,train
3631,喫茶店は店内の清潔さが悪く、かなり不満が残った。,0,低評価,飲食店,train
3632,組み立てやすさに不満があり、タブレットを選んだのは失敗だった。,0,低評価,EC商品,train
3633,予約アプリは期待を裏切らなかった。読み込み速度にも不満はない。,1,高評価,アプリ,train
3634,タブレットはサイズ感が悪く、かなり不満が残った。,0,低評価,EC商品,train
3635,一週間ほど試した。ナビアプリは同期機能は良かったが、バッテリー消費が悪く、総合的には不満が残った。,0,低評価,アプリ,train
3636,価格は決して悪くなく、温泉ホテルを選んで良かったと思う。,1,高評価,ホテル,train
3637,動作の安定性には改善してほしい部分があるが、説明書はかなり良く、全体としては気に入った。,1,高評価,EC商品,train
3638,一週間ほど試した。うどん店は値段に見合わない。特に雰囲気に問題があった。,0,低評価,飲食店,train
3639,カレー店は席の広さで気になる点もあった。しかし会計が良く、結果的には買って良かった。,1,高評価,飲食店,train
3640,フロント対応が少し悪くなっているところもあったが、そのほかは空調が良く使いやすい。,1,高評価,ホテル,train
3641,検索機能がとても良かったので、天気アプリをまた利用したい。,1,高評価,アプリ,train
3642,旅館の静かさは良くない。期待していただけに残念だった。,0,低評価,ホテル,validation
3643,レビューを見て選んだが、ファミレスは提供の早さに少し不満があったが、メニューの豊富さは良く、総合的には満足している。,1,高評価,飲食店,validation
3644,操作性が少し悪くなっているところもあったが、そのほかは動作速度が良く使いやすい。,1,高評価,アプリ,test
3645,デザインに大きな不満はなく、イヤホンを選んで正解だった。,1,高評価,EC商品,train
3646,映像美に大きな不満はなく、短編映画を選んで正解だった。,1,高評価,映画,train
3647,掃除機は梱包で気になる点もあった。しかし音質が良く、結果的には買って良かった。,1,高評価,EC商品,train
3648,民宿は期待以上。立地とチェックアウトのどちらも使いやすく、とても気に入った。,1,高評価,ホテル,validation
3649,期待して購入した。居酒屋は最初雰囲気が気になったが、使い続けると会計の良さが分かり、今は満足している。,1,高評価,飲食店,train
3650,レスポンスが素晴らしく、さらに動作速度にも満足した。天気アプリをまた選びたい。,1,高評価,アプリ,train
3651,ゲームアプリの操作性は良くない。期待していただけに残念だった。,0,低評価,アプリ,test
3652,ドラマ映画を使ってみたが、アクションが期待以上だった。,1,高評価,映画,train
3653,ケーブルは耐久性が不安定で、かなりストレスを感じた。,0,低評価,EC商品,train
3654,提供の早さに問題があり、さらに価格にも不満がある。パン屋はもう選ばない。,0,低評価,飲食店,train
3655,パソコンはコストパフォーマンスは良かったが、品質が悪く、総合的には不満が残った。,0,低評価,EC商品,train
3656,メモアプリの入力のしやすさは悪くない。むしろ使ってみるとかなり満足できた。,1,高評価,アプリ,train
3657,駅前ホテルはフロント対応が不安定で、かなりストレスを感じた。,0,低評価,ホテル,train
3658,家族向け映画は最初映像が気になったが、使い続けると世界観の良さが分かり、今は満足している。,1,高評価,映画,train
3659,最初の印象では、脚本は決して悪くなく、ミステリー映画を選んで良かったと思う。,1,高評価,映画,train
3660,レスポンスが想像より悪く、ナビアプリには低評価を付けたい。,0,低評価,アプリ,validation
3661,何度か利用してみた。ストーリーが残念だったので、恋愛映画はもう利用したくない。,0,低評価,映画,test
3662,反応速度が良くないというレビューもあったが、自分は椅子に満足している。,1,高評価,EC商品,train
3663,今回初めて利用した。ファンタジー映画は値段以上の価値を感じた。特にアクションが素晴らしい。,1,高評価,映画,train
3664,カフェは期待に応えてくれなかった。立地にも満足できない。,0,低評価,飲食店,train
3665,ドラマ映画は期待外れ。演出と感情表現のどちらも使いにくく、がっかりした。,0,低評価,映画,test
3666,同期機能が残念だったので、決済アプリはもう利用したくない。,0,低評価,アプリ,validation
3667,期待して購入した。会計は予想以上だったが、そのほかはドリンクが使いにくく不満が残った。,0,低評価,飲食店,train
3668,安定性は少し悪かったものの、操作性が期待以上だったので予約アプリには高評価を付けたい。,1,高評価,アプリ,train
3669,今回初めて利用した。空調に大きな不満はなく、空港ホテルを選んで正解だった。,1,高評価,ホテル,train
3670,期待して購入した。静音性が想像より悪く、イヤホンには低評価を付けたい。,0,低評価,EC商品,validation
3671,評判が良かったので試した。スピーカーは一見良さそうで使いやすさも悪くない。それでも頑丈さがひどく、次は選ばない。,0,低評価,EC商品,train
3672,駅前ホテルは期待に応えてくれなかった。ベッドの快適さにも満足できない。,0,低評価,ホテル,train
3673,一週間ほど試した。モニターは梱包が悪く、かなり不満が残った。,0,低評価,EC商品,test
3674,山の旅館は浴場が悪く、かなり不満が残った。,0,低評価,ホテル,train
3675,スマートフォンは頑丈さが良く、かなり満足している。,1,高評価,EC商品,train
3676,何度か利用してみた。シティホテルは浴場で気になる点もあった。しかし防音が良く、結果的には買って良かった。,1,高評価,ホテル,train
3677,学習アプリは画面の見やすさは良かったが、使い勝手が悪く、総合的には不満が残った。,0,低評価,アプリ,validation
3678,料理の味に大きな不満はなく、ハンバーガー店を選んで正解だった。,1,高評価,飲食店,train
3679,洋食店は一見良さそうで香りも悪くない。それでも立地がひどく、次は選ばない。,0,低評価,飲食店,train
3680,ナビアプリは最初動作速度が良いと感じたが、使い続けると同期機能の問題が目立ち、評価は下がった。,0,低評価,アプリ,train
3681,実際に使ってみると、頑丈さに不満があり、キーボードを選んだのは失敗だった。,0,低評価,EC商品,validation
3682,モニターは一見良さそうでサイズ感も悪くない。それでも説明書がひどく、次は選ばない。,0,低評価,EC商品,train
3683,耐久性は予想以上だったが、そのほかはバッテリー持ちが使いにくく不満が残った。,0,低評価,EC商品,train
3684,実際に使ってみると、映像美がとても良かったので、ミステリー映画をまた利用したい。,1,高評価,映画,train
3685,レビューを見て選んだが、チャットアプリは起動速度が不安定で、かなりストレスを感じた。,0,低評価,アプリ,train
3686,料理の味が少し悪くなっているところもあったが、そのほかは接客が良く使いやすい。,1,高評価,飲食店,validation
3687,反応速度に不満があり、ヘッドホンを選んだのは失敗だった。,0,低評価,EC商品,train
3688,設定画面は少し悪かったものの、通知機能が期待以上だったのでニュースアプリには高評価を付けたい。,1,高評価,アプリ,train
3689,最初の印象では、テンポは予想以上だったが、そのほかは音楽が使いにくく不満が残った。,0,低評価,映画,train
3690,アップデートに問題があり、さらにレスポンスにも不満がある。チャットアプリはもう選ばない。,0,低評価,アプリ,train
3691,注文のしやすさが想像より悪く、そば屋には低評価を付けたい。,0,低評価,飲食店,train
3692,歴史映画は感情表現が安定していて、ストレスなく使えた。,1,高評価,映画,validation
3693,コストパフォーマンスには改善してほしい部分があるが、デザインはかなり良く、全体としては気に入った。,1,高評価,EC商品,train
3694,今回初めて利用した。回転寿司は最初スタッフの対応が良いと感じたが、使い続けると温度の問題が目立ち、評価は下がった。,0,低評価,飲食店,train
3695,地図アプリは検索機能に少し不満があったが、同期機能は良く、総合的には満足している。,1,高評価,アプリ,train
3696,民宿はフロント対応が安定していて、ストレスなく使えた。,1,高評価,ホテル,train
3697,パソコンは期待以上。動作の安定性と手触りのどちらも使いやすく、とても気に入った。,1,高評価,EC商品,train
3698,部屋の清潔さが想像より悪く、観光ホテルには低評価を付けたい。,0,低評価,ホテル,train
3699,アップデートは決して悪くなく、読書アプリを選んで良かったと思う。,1,高評価,アプリ,train
3700,予約アプリは読み込み速度が良く、かなり満足している。,1,高評価,アプリ,validation
3701,SF映画は世界観が不安定で、かなりストレスを感じた。,0,低評価,映画,train
3702,今回初めて利用した。和風旅館は静かさは良かったが、Wi-Fiが悪く、総合的には不満が残った。,0,低評価,ホテル,train
3703,実際に使ってみると、そば屋は香りが安定していて、ストレスなく使えた。,1,高評価,飲食店,train
3704,注文のしやすさが想像より良く、居酒屋には高評価を付けたい。,1,高評価,飲食店,train
3705,余韻に不満があり、家族向け映画を選んだのは失敗だった。,0,低評価,映画,train
3706,今回初めて利用した。清掃には満足したものの、浴場が期待外れだったのでリゾートホテルには低評価を付けたい。,0,低評価,ホテル,train
3707,しばらく利用した結果、検索機能が全く使えないわけではないが、ナビアプリを高く評価するほどではない。,0,低評価,アプリ,train
3708,デスクは動作の安定性は良かったが、サイズ感が悪く、総合的には不満が残った。,0,低評価,EC商品,train
3709,ボリュームがとても良かったので、寿司店をまた利用したい。,1,高評価,飲食店,train
3710,評判が良かったので試した。椅子は静音性に良い点もあった。しかし軽さに問題があり、結果的にはおすすめしにくい。,0,低評価,EC商品,train
3711,ボリュームに大きな不満はなく、回転寿司を選んで正解だった。,1,高評価,飲食店,test
3712,会計に大きな不満はなく、喫茶店を選んで正解だった。,1,高評価,飲食店,train
3713,立地が想像より悪く、格安ホテルには低評価を付けたい。,0,低評価,ホテル,validation
3714,一週間ほど試した。チェックインのスムーズさは予想以上だったが、そのほかはフロント対応が使いにくく不満が残った。,0,低評価,ホテル,validation
3715,朝食が良くないというレビューもあったが、自分は和風旅館に満足している。,1,高評価,ホテル,train
3716,寿司店は期待以上。デザートとボリュームのどちらも使いやすく、とても気に入った。,1,高評価,飲食店,test
3717,しばらく利用した結果、ファミレスは一見良さそうで雰囲気も悪くない。それでも席の広さがひどく、次は選ばない。,0,低評価,飲食店,train
3718,冒険映画は最初映像が気になったが、使い続けると映像美の良さが分かり、今は満足している。,1,高評価,映画,validation
3719,地図アプリは読み込み速度に少し不満があったが、検索機能は良く、総合的には気に入っている。,1,高評価,アプリ,train
3720,何度か利用してみた。アクションが悪くないというレビューもあったが、自分にはコメディ映画は合わなかった。,0,低評価,映画,train
3721,読書アプリは値段に見合わない。特に安定性に問題があった。,0,低評価,アプリ,train
3722,今回初めて利用した。デザインには満足したものの、安定性が期待外れだったので予約アプリには低評価を付けたい。,0,低評価,アプリ,train
3723,チェックインのスムーズさがとても良かったので、格安ホテルをまた利用したい。,1,高評価,ホテル,train
3724,最初の印象では、注文のしやすさに不満があり、中華料理店を選んだのは失敗だった。,0,低評価,飲食店,train
3725,収納棚はデザインに良い点もあった。しかしネジ穴の精度に問題があり、結果的にはおすすめしにくい。,0,低評価,EC商品,train
3726,価格には改善してほしい部分があるが、防音はかなり良く、全体としては気に入った。,1,高評価,ホテル,train
3727,定食屋は最初香りが良いと感じたが、使い続けるとドリンクの問題が目立ち、評価は下がった。,0,低評価,飲食店,train
3728,今回初めて利用した。戦争映画は最初脚本が良いと感じたが、使い続けると構成の問題が目立ち、評価は下がった。,0,低評価,映画,train
3729,安定性に大きな不満はなく、健康管理アプリを選んで正解だった。,1,高評価,アプリ,train
3730,最初の印象では、旅館は朝食も浴場もかなり悪かった。残念だが低評価。,0,低評価,ホテル,train
3731,メモアプリは広告の少なさも同期機能もかなり悪かった。残念だが低評価。,0,低評価,アプリ,validation
3732,伏線は魅力的だったが、キャラクターがかなり残念で、全体としては満足できなかった。,0,低評価,映画,train
3733,評判が良かったので試した。スマートフォンは梱包が不安定で、かなりストレスを感じた。,0,低評価,EC商品,train
3734,カプセルホテルはベッドの快適さで気になる点もあった。しかしフロント対応が良く、結果的には買って良かった。,1,高評価,ホテル,train
3735,動作の安定性には満足したものの、使いやすさが期待外れだったのでモニターには低評価を付けたい。,0,低評価,EC商品,test
3736,立地は決して良いとは言えず、旅館には不満が残った。,0,低評価,ホテル,train
3737,今回初めて利用した。うどん店は期待に応えてくれなかった。温度にも満足できない。,0,低評価,飲食店,train
3738,世界観には改善してほしい部分があるが、声優はかなり良く、全体としては気に入った。,1,高評価,映画,train
3739,防音に大きな不満はなく、駅前ホテルを選んで正解だった。,1,高評価,ホテル,train
3740,キーボードは期待外れ。説明書と手触りのどちらも使いにくく、がっかりした。,0,低評価,EC商品,train
3741,組み立てやすさには改善してほしい部分があるが、接続の安定性はかなり良く、全体としては気に入った。,1,高評価,EC商品,train
3742,レビューを見て選んだが、定食屋は香りが悪く、かなり不満が残った。,0,低評価,飲食店,train
3743,駅前ホテルは一見良さそうで清掃も悪くない。それでもチェックインのスムーズさがひどく、次は選ばない。,0,低評価,ホテル,validation
3744,しばらく利用した結果、バッテリー持ちが想像より良く、水筒には高評価を付けたい。,1,高評価,EC商品,train
3745,キャラクターは予想以上だったが、そのほかは音楽が使いにくく不満が残った。,0,低評価,映画,train
3746,スタッフの対応が想像より悪く、高級ホテルには低評価を付けたい。,0,低評価,ホテル,train
3747,実際に使ってみると、青春映画は映像に少し不満があったが、伏線は良く、総合的には満足している。,1,高評価,映画,train
3748,何度か利用してみた。アクションが悪くないというレビューもあったが、自分にはサスペンス映画は合わなかった。,0,低評価,映画,train
3749,喫茶店は最初待ち時間が良いと感じたが、使い続けると席の広さの問題が目立ち、評価は下がった。,0,低評価,飲食店,train
3750,決済アプリは読み込み速度が悪く、かなり不満が残った。,0,低評価,アプリ,test
3751,スタッフの対応は予想以上だったが、そのほかは眺めが使いにくく不満が残った。,0,低評価,ホテル,train
3752,実際に使ってみると、SF映画はテンポが不安定で、かなりストレスを感じた。,0,低評価,映画,train
3753,部屋の広さに問題がないとは言えないが、格安ホテルは総合的には十分満足できる。,1,高評価,ホテル,train
3754,期待して購入した。立地が少し悪くなっているところもあったが、そのほかはスタッフの対応が良く使いやすい。,1,高評価,ホテル,train
3755,最初の印象では、静音性が想像より良く、工具セットには高評価を付けたい。,1,高評価,EC商品,train
3756,スポーツ映画を使ってみたが、伏線が期待以上だった。,1,高評価,映画,train
3757,今回初めて利用した。短編映画は感情表現が不安定で、かなりストレスを感じた。,0,低評価,映画,validation
3758,焼肉店はデザートで気になる点もあった。しかしドリンクが良く、結果的には買って良かった。,1,高評価,飲食店,test
3759,デザインは予想以上だったが、そのほかはログインが使いにくく不満が残った。,0,低評価,アプリ,train
3760,写真アプリは値段以上の価値を感じた。特にレスポンスが素晴らしい。,1,高評価,アプリ,train
3761,価格に大きな不満はなく、喫茶店を選んで正解だった。,1,高評価,飲食店,train
3762,食材の新鮮さには改善してほしい部分があるが、席の広さはかなり良く、全体としては気に入った。,1,高評価,飲食店,train
3763,動画アプリは同期機能は良かったが、デザインが悪く、総合的にはかなり残念だった。,0,低評価,アプリ,train
3764,店内の清潔さに不満があり、カフェを選んだのは失敗だった。,0,低評価,飲食店,train
3765,健康管理アプリは使い勝手は良かったが、動作速度が悪く、総合的には不満が残った。,0,低評価,アプリ,test
3766,しばらく利用した結果、ファンタジー映画は期待を裏切らなかった。迫力にも不満はない。,1,高評価,映画,train
3767,リゾートは最初アメニティが気になったが、使い続けると眺めの良さが分かり、今は満足している。,1,高評価,ホテル,validation
3768,ドキュメンタリー映画は演出が不安定で、かなりストレスを感じた。,0,低評価,映画,train
3769,実際に使ってみると、チェックインのスムーズさが想像より良く、カプセルホテルには高評価を付けたい。,1,高評価,ホテル,train
3770,音楽映画はテンポは良かったが、世界観が悪く、総合的には不満が残った。,0,低評価,映画,train
3771,最初の印象では、組み立て家具は期待以上。手触りとデザインのどちらも使いやすく、とても気に入った。,1,高評価,EC商品,train
3772,椅子のバッテリー持ちは良くない。期待していただけに残念だった。,0,低評価,EC商品,train
3773,評判が良かったので試した。ビジネスホテルはアクセスに少し不満があったが、アメニティは良く、総合的には満足している。,1,高評価,ホテル,train
3774,レビューを見て選んだが、寿司店は最初注文のしやすさが良いと感じたが、使い続けると提供の早さの問題が目立ち、評価は下がった。,0,低評価,飲食店,train
3775,チャットアプリは最初バッテリー消費が気になったが、使い続けると通知機能の良さが分かり、今は満足している。,1,高評価,アプリ,train
3776,一週間ほど試した。家族向け映画は高くないわけではないが、テーマを考えると納得できる。,1,高評価,映画,train
3777,高級ホテルは立地で気になる点もあった。しかしベッドの快適さが良く、結果的には買って良かった。,1,高評価,ホテル,train
3778,評判が良かったので試した。うどん店は価格に少し不満があったが、ボリュームは良く、総合的には満足している。,1,高評価,飲食店,train
3779,ニュースアプリは検索機能で気になる点もあった。しかし検索精度が良く、結果的には買って良かった。,1,高評価,アプリ,train
3780,パン屋は会計が安定していて、ストレスなく使えた。,1,高評価,飲食店,train
3781,何度か利用してみた。コメディ映画はストーリーで気になる点もあった。しかしテーマが良く、結果的には買って良かった。,1,高評価,映画,train
3782,うどん店はボリュームもメニューの豊富さもかなり悪かった。残念だが低評価。,0,低評価,飲食店,test
3783,椅子は反応速度に少し不満があったが、手触りは良く、総合的には満足している。,1,高評価,EC商品,train
3784,喫茶店は接客に良い点もあった。しかし料理の味に問題があり、結果的にはおすすめしにくい。,0,低評価,飲食店,train
3785,ビュッフェは最初会計が良いと感じたが、使い続けると食材の新鮮さの問題が目立ち、評価は下がった。,0,低評価,飲食店,train
3786,評判が良かったので試した。ビジネスホテルは値段以上の価値を感じた。特にチェックアウトが素晴らしい。,1,高評価,ホテル,train
3787,同期機能に大きな不満はなく、地図アプリを選んで正解だった。,1,高評価,アプリ,train
3788,寿司店のドリンクは良くない。期待していただけに残念だった。,0,低評価,飲食店,train
3789,バッグは期待外れ。サイズ感と組み立てやすさのどちらも使いにくく、がっかりした。,0,低評価,EC商品,test
3790,パン屋は値段に見合わない。特に店内の清潔さに問題があった。,0,低評価,飲食店,validation
3791,今回初めて利用した。ラーメン店は値段に見合わない。特にスタッフの対応に問題があった。,0,低評価,飲食店,train
3792,短編映画はアクションは良かったが、構成が悪く、総合的には不満が残った。,0,低評価,映画,validation
3793,演技が想像より悪く、青春映画には低評価を付けたい。,0,低評価,映画,train
3794,空港ホテルは最初部屋の広さが良いと感じたが、使い続けると部屋の清潔さの問題が目立ち、評価は下がった。,0,低評価,ホテル,train
3795,ゲームアプリは起動速度に良い点もあった。しかしデザインに問題があり、結果的にはおすすめしにくい。,0,低評価,アプリ,train
3796,家族向け映画は期待外れ。感情表現と演出のどちらも使いにくく、がっかりした。,0,低評価,映画,train
3797,青春映画は期待に応えてくれなかった。テンポにも満足できない。,0,低評価,映画,train
3798,ケーブルはサイズ感が不安定で、かなりストレスを感じた。,0,低評価,EC商品,train
3799,水筒は期待を裏切らなかった。反応速度にも不満はない。,1,高評価,EC商品,train
3800,コメディ映画は期待外れ。余韻と感情表現のどちらも使いにくく、がっかりした。,0,低評価,映画,train
3801,サスペンス映画は感情表現が安定していて、ストレスなく使えた。,1,高評価,映画,validation
3802,高級ホテルは期待を裏切らなかった。アメニティにも不満はない。,1,高評価,ホテル,train
3803,一週間ほど試した。喫茶店を使ってみたが、会計が期待以上だった。,1,高評価,飲食店,train
3804,チェックアウトには改善してほしい部分があるが、アメニティはかなり良く、全体としては気に入った。,1,高評価,ホテル,train
3805,今回初めて利用した。音楽アプリは値段に見合わない。特に広告の少なさに問題があった。,0,低評価,アプリ,train
3806,居酒屋は期待以上。立地と接客のどちらも使いやすく、とても気に入った。,1,高評価,飲食店,train
3807,品質が良くないというレビューもあったが、自分はマウスに高く評価している。,1,高評価,EC商品,train
3808,マウスは完璧ではなく品質に難がある。それでも反応速度が優れていて満足度は高い。,1,高評価,EC商品,train
3809,何度か利用してみた。食材の新鮮さには改善してほしい部分があるが、ドリンクはかなり良く、全体としては気に入った。,1,高評価,飲食店,train
3810,演出が想像より悪く、サスペンス映画には低評価を付けたい。,0,低評価,映画,train
3811,何度か利用してみた。デスクは期待以上。頑丈さと耐久性のどちらも使いやすく、とても気に入った。,1,高評価,EC商品,test
3812,香りが悪くないというレビューもあったが、自分には中華料理店は合わなかった。,0,低評価,飲食店,train
3813,家計簿アプリは値段以上の価値を感じた。特に使い勝手が素晴らしい。,1,高評価,アプリ,train
3814,しばらく利用した結果、音楽映画は感情表現が悪く、かなり不満が残った。,0,低評価,映画,train
3815,音質がとても良かったので、イヤホンをまた利用したい。,1,高評価,EC商品,train
3816,旅館はチェックインのスムーズさに少し不満があったが、部屋の広さは良く、総合的には満足している。,1,高評価,ホテル,validation
3817,スピーカーは梱包は良かったが、静音性が悪く、総合的には不満が残った。,0,低評価,EC商品,train
3818,観光ホテルは清掃に少し不満があったが、ベッドの快適さは良く、総合的には満足している。,1,高評価,ホテル,validation
3819,説明書が残念だったので、キーボードはもう利用したくない。,0,低評価,EC商品,test
3820,実際に使ってみると、予約アプリはデザインが良く、かなり気に入っている。,1,高評価,アプリ,validation
3821,期待して購入した。犯罪映画は期待外れ。キャラクターと演技のどちらも使いにくく、がっかりした。,0,低評価,映画,validation
3822,ナビアプリは最初ログインが気になったが、使い続けると広告の少なさの良さが分かり、今は満足している。,1,高評価,アプリ,validation
3823,家計簿アプリは完璧ではなく安定性に難がある。それでも動作速度が優れていて満足度は高い。,1,高評価,アプリ,train
3824,組み立て家具は一見良さそうでデザインも悪くない。それでも説明書がひどく、次は選ばない。,0,低評価,EC商品,train
3825,手触りは少し悪かったものの、動作の安定性が期待以上だったのでヘッドホンには高評価を付けたい。,1,高評価,EC商品,train
3826,バッテリー消費には改善してほしい部分があるが、通知機能はかなり良く、全体としては気に入った。,1,高評価,アプリ,train
3827,しばらく利用した結果、リゾートホテルは最初チェックインのスムーズさが気になったが、使い続けると眺めの良さが分かり、今は高く評価している。,1,高評価,ホテル,train
3828,評判が良かったので試した。立地が素晴らしく、さらに価格にも満足した。定食屋をまた選びたい。,1,高評価,飲食店,train
3829,評判が良かったので試した。メニューの豊富さは予想以上だったが、そのほかはボリュームが使いにくく不満が残った。,0,低評価,飲食店,train
3830,リゾートホテルを使ってみたが、チェックインのスムーズさが期待外れだった。,0,低評価,ホテル,train
3831,一週間ほど試した。サイズ感には満足したものの、使いやすさが期待外れだったのでスピーカーには低評価を付けたい。,0,低評価,EC商品,train
3832,スタッフの対応は魅力的だったが、価格がかなり残念で、全体としては満足できなかった。,0,低評価,飲食店,train
3833,ケーブルは軽さに少し不満があったが、サイズ感は良く、総合的には満足している。,1,高評価,EC商品,train
3834,サスペンス映画は値段に見合わない。特に構成に問題があった。,0,低評価,映画,train
3835,評判が良かったので試した。焼肉店を使ってみたが、スタッフの対応が期待外れだった。,0,低評価,飲食店,train
3836,ストーリーが残念だったので、コメディ映画はもう利用したくない。,0,低評価,映画,train
3837,居酒屋はデザートに良い点もあった。しかし待ち時間に問題があり、結果的にはおすすめしにくい。,0,低評価,飲食店,train
3838,コメディ映画は伏線が不安定で、かなりストレスを感じた。,0,低評価,映画,train
3839,評判が良かったので試した。操作性が素晴らしく、さらに起動速度にも満足した。家計簿アプリをまた選びたい。,1,高評価,アプリ,test
3840,カレー店は一見良さそうでメニューの豊富さも悪くない。それでも盛り付けがひどく、次は選ばない。,0,低評価,飲食店,train
3841,工具セットを使ってみたが、静音性が期待以上だった。,1,高評価,EC商品,train
3842,最初の印象では、サイズ感は魅力的だったが、耐久性がかなり残念で、全体としては満足できなかった。,0,低評価,EC商品,train
3843,水筒は品質が良く、かなり満足している。,1,高評価,EC商品,train
3844,しばらく利用した結果、メモアプリは検索精度で気になる点もあった。しかし使い勝手が良く、結果的には買って良かった。,1,高評価,アプリ,train
3845,高級ホテルは値段に見合わない。特にアメニティに問題があった。,0,低評価,ホテル,train
3846,ラストが想像より良く、恋愛映画には高評価を付けたい。,1,高評価,映画,train
3847,カフェは接客は良かったが、提供の早さが悪く、総合的には不満が残った。,0,低評価,飲食店,validation
3848,旅館は期待外れ。フロント対応と価格のどちらも使いにくく、がっかりした。,0,低評価,ホテル,validation
3849,スポーツ映画は構成が安定していて、ストレスなく使えた。,1,高評価,映画,train
3850,期待して購入した。チェックアウトが想像より悪く、ホテルには低評価を付けたい。,0,低評価,ホテル,train
3851,最初の印象では、民宿の浴場は悪くない。むしろ使ってみるとかなり満足できた。,1,高評価,ホテル,train
3852,実際に使ってみると、動画アプリは値段以上の価値を感じた。特にログインが素晴らしい。,1,高評価,アプリ,train
3853,温度がとても良かったので、イタリアンをまた利用したい。,1,高評価,飲食店,train
3854,デザインは少し悪かったものの、反応速度が期待以上だったので充電器には高評価を付けたい。,1,高評価,EC商品,train
3855,評判が良かったので試した。学習アプリは設定画面が悪く、かなり満足できなかった。,0,低評価,アプリ,train
3856,レビューを見て選んだが、店内の清潔さは決して良いとは言えず、ハンバーガー店には納得できなかった。,0,低評価,飲食店,train
3857,実際に使ってみると、館内設備が想像より悪く、ビジネスホテルには低評価を付けたい。,0,低評価,ホテル,test
3858,サスペンス映画は一見良さそうで伏線も悪くない。それでもストーリーがひどく、次は選ばない。,0,低評価,映画,train
3859,ハンバーガー店は最初提供の早さが気になったが、使い続けると立地の良さが分かり、今は満足している。,1,高評価,飲食店,train
3860,最初の印象では、ビュッフェのメニューの豊富さは良くない。期待していただけに残念だった。,0,低評価,飲食店,train
3861,写真アプリは完璧ではなく入力のしやすさに難がある。それでもアップデートが優れていて満足度は高い。,1,高評価,アプリ,train
3862,実際に使ってみると、アップデートが良くないというレビューもあったが、自分は動画アプリに満足している。,1,高評価,アプリ,train
3863,接客が良くないというレビューもあったが、自分はハンバーガー店に満足している。,1,高評価,飲食店,validation
3864,カレー店は最初スタッフの対応が気になったが、使い続けると立地の良さが分かり、今は満足している。,1,高評価,飲食店,validation
3865,部屋の広さに不満があり、旅館を選んだのは失敗だった。,0,低評価,ホテル,train
3866,地図アプリは使い勝手も安定性も非常に良かった。文句なしで高評価。,1,高評価,アプリ,train
3867,何度か利用してみた。ビジネスホテルは一見良さそうでアメニティも悪くない。それでも浴場がひどく、次は選ばない。,0,低評価,ホテル,train
3868,眺めに不満があり、ビジネスホテルを選んだのは失敗だった。,0,低評価,ホテル,train
3869,アップデートに不満があり、読書アプリを選んだのは失敗だった。,0,低評価,アプリ,train
3870,音楽アプリは完璧ではなく使い勝手に難がある。それでも入力のしやすさが優れていて満足度は高い。,1,高評価,アプリ,train
3871,コメディ映画は期待を裏切らなかった。世界観にも不満はない。,1,高評価,映画,test
3872,椅子は期待を裏切らなかった。説明書にも不満はない。,1,高評価,EC商品,train
3873,最初の印象では、高級ホテルは期待に応えてくれなかった。立地にも満足できない。,0,低評価,ホテル,test
3874,安定性は決して悪くなく、ゲームアプリを選んで良かったと思う。,1,高評価,アプリ,train
3875,会計は決して悪くなく、パン屋を選んで良かったと思う。,1,高評価,飲食店,train
3876,デザインがとても良かったので、健康管理アプリをまた利用したい。,1,高評価,アプリ,train
3877,ゲームアプリは最初通知機能が良いと感じたが、使い続けるとログインの問題が目立ち、評価は下がった。,0,低評価,アプリ,train
3878,期待して購入した。椅子はサイズ感が良く、かなり十分満足している。,1,高評価,EC商品,train
3879,手触りが想像より良く、掃除機には高評価を付けたい。,1,高評価,EC商品,test
3880,ケーキ店を使ってみたが、待ち時間が期待以上だった。,1,高評価,飲食店,train
3881,キャラクターに不満があり、SF映画を選んだのは失敗だった。,0,低評価,映画,train
3882,レビューを見て選んだが、バッテリー持ちがとても良かったので、電源タップをまた利用したい。,1,高評価,EC商品,train
3883,チャットアプリは期待を裏切らなかった。操作性にも不満はない。,1,高評価,アプリ,train
3884,水筒は説明書が良く、かなり高く評価している。,1,高評価,EC商品,train
3885,頑丈さが想像より良く、パソコンには高評価を付けたい。,1,高評価,EC商品,train
3886,ドキュメンタリー映画はアクションに少し不満があったが、余韻は良く、総合的には気に入っている。,1,高評価,映画,train
3887,しばらく利用した結果、リゾートホテルはアクセスも館内設備も非常に良かった。文句なしで高評価。,1,高評価,ホテル,validation
3888,何度か利用してみた。ゲームアプリは最初ログインが良いと感じたが、使い続けると入力のしやすさの問題が目立ち、評価は下がった。,0,低評価,アプリ,train
3889,今回初めて利用した。家族向け映画はテンポが良く、かなり満足している。,1,高評価,映画,train
3890,一週間ほど試した。読み込み速度には満足したものの、同期機能が期待外れだったので健康管理アプリには低評価を付けたい。,0,低評価,アプリ,train
3891,軽さが少し悪くなっているところもあったが、そのほかは音質が良く使いやすい。,1,高評価,EC商品,train
3892,メモアプリは完璧ではなく機能の分かりやすさに難がある。それでも安定性が優れていて満足度は高い。,1,高評価,アプリ,train
3893,音楽アプリは広告の少なさが悪く、かなり不満が残った。,0,低評価,アプリ,test
3894,期待して購入した。料理の味がとても良かったので、カレー店をまた利用したい。,1,高評価,飲食店,test
3895,しばらく利用した結果、演出に不満があり、ホラー映画を選んだのは失敗だった。,0,低評価,映画,validation
3896,動作の安定性に問題がないとは言えないが、バッグは総合的には十分満足できる。,1,高評価,EC商品,train
3897,今回初めて利用した。決済アプリを使ってみたが、アップデートが期待以上だった。,1,高評価,アプリ,train
3898,チェックアウトが残念だったので、空港ホテルはもう利用したくない。,0,低評価,ホテル,train
3899,演技がとても良かったので、ファンタジー映画をまた利用したい。,1,高評価,映画,test
3900,決済アプリは検索精度が悪く、かなり不満が残った。,0,低評価,アプリ,train
3901,一週間ほど試した。駅前ホテルは空調も部屋の清潔さも非常に良かった。文句なしで高評価。,1,高評価,ホテル,validation
3902,手触りが想像より良く、電源タップには高評価を付けたい。,1,高評価,EC商品,train
3903,最初の印象では、デザートは予想以上だったが、そのほかは立地が使いにくく不満が残った。,0,低評価,飲食店,train
3904,しばらく利用した結果、家族向け映画を使ってみたが、演技が期待外れだった。,0,低評価,映画,test
3905,レビューを見て選んだが、チェックインのスムーズさは決して悪くなく、空港ホテルを選んで良かったと思う。,1,高評価,ホテル,train
3906,実際に使ってみると、演出が想像より悪く、ドキュメンタリー映画には低評価を付けたい。,0,低評価,映画,validation
3907,ホテルは値段以上の価値を感じた。特にフロント対応が素晴らしい。,1,高評価,ホテル,test
3908,回転寿司は価格が良く、かなり満足している。,1,高評価,飲食店,train
3909,恋愛映画はキャラクターに少し不満があったが、伏線は良く、総合的には満足している。,1,高評価,映画,train
3910,レスポンスは魅力的だったが、機能の分かりやすさがかなり残念で、全体としては満足できなかった。,0,低評価,アプリ,train
3911,喫茶店は期待外れ。価格と会計のどちらも使いにくく、がっかりした。,0,低評価,飲食店,train
3912,レビューを見て選んだが、ヘッドホンはネジ穴の精度も品質も非常に良かった。文句なしで高評価。,1,高評価,EC商品,train
3913,評判が良かったので試した。タブレットの動作の安定性は悪くない。むしろ使ってみるとかなり満足できた。,1,高評価,EC商品,test
3914,朝食に大きな不満はなく、カプセルホテルを選んで正解だった。,1,高評価,ホテル,train
3915,フロント対応は予想以上だったが、そのほかは立地が使いにくく不満が残った。,0,低評価,ホテル,train
3916,喫茶店は高くないわけではないが、注文のしやすさを考えると納得できる。,1,高評価,飲食店,validation
3917,実際に使ってみると、ホラー映画を使ってみたが、映像が期待以上だった。,1,高評価,映画,train
3918,しばらく利用した結果、居酒屋は最初価格が気になったが、使い続けると待ち時間の良さが分かり、今は満足している。,1,高評価,飲食店,train
3919,期待して購入した。キーボードはコストパフォーマンスに少し不満があったが、梱包は良く、総合的には満足している。,1,高評価,EC商品,validation
3920,レビューを見て選んだが、アニメ映画を使ってみたが、迫力が期待外れだった。,0,低評価,映画,test
3921,操作感は少し悪かったものの、軽さが期待以上だったのでケーブルには高評価を付けたい。,1,高評価,EC商品,train
3922,アメニティが良くないというレビューもあったが、自分は和風旅館に高く評価している。,1,高評価,ホテル,train
3923,ネジ穴の精度が少し悪くなっているところもあったが、そのほかは音質が良く使いやすい。,1,高評価,EC商品,train
3924,スタッフの対応に大きな不満はなく、温泉ホテルを選んで正解だった。,1,高評価,ホテル,train
3925,盛り付けが残念だったので、ステーキ店はもう利用したくない。,0,低評価,飲食店,train
3926,期待して購入した。サイズ感は予想以上だったが、そのほかはデザインが使いにくく不満が残った。,0,低評価,EC商品,train
3927,実際に使ってみると、組み立てやすさに大きな不満はなく、イヤホンを選んで正解だった。,1,高評価,EC商品,train
3928,安定性が残念だったので、タスク管理アプリはもう利用したくない。,0,低評価,アプリ,train
3929,ラーメン店は期待外れ。盛り付けとメニューの豊富さのどちらも使いにくく、がっかりした。,0,低評価,飲食店,train
3930,評判が良かったので試した。駅前ホテルは期待を裏切らなかった。空調にも不満はない。,1,高評価,ホテル,train
3931,演出が少し悪くなっているところもあったが、そのほかはテンポが良く使いやすい。,1,高評価,映画,test
3932,一週間ほど試した。アクション映画は最初会話が気になったが、使い続けるとラストの良さが分かり、今は満足している。,1,高評価,映画,train
3933,今回初めて利用した。音楽映画は伏線が安定していて、ストレスなく使えた。,1,高評価,映画,train
3934,会計は少し悪かったものの、提供の早さが期待以上だったので喫茶店には高評価を付けたい。,1,高評価,飲食店,train
3935,接続の安定性には満足したものの、手触りが期待外れだったのでスピーカーには低評価を付けたい。,0,低評価,EC商品,train
3936,品質は決して良いとは言えず、タブレットには不満が残った。,0,低評価,EC商品,validation
3937,タスク管理アプリは画面の見やすさが良く、かなり満足している。,1,高評価,アプリ,train
3938,カプセルホテルは最初部屋の広さが良いと感じたが、使い続けると価格の問題が目立ち、評価は下がった。,0,低評価,ホテル,train
3939,レビューを見て選んだが、格安ホテルは高くないわけではないが、Wi-Fiを考えると納得できる。,1,高評価,ホテル,train
3940,家族向け映画は世界観が悪く、かなり不満が残った。,0,低評価,映画,test
3941,レビューを見て選んだが、冒険映画はアクションは良かったが、キャラクターが悪く、総合的には不満が残った。,0,低評価,映画,train
3942,喫茶店は雰囲気が安定していて、ストレスなく使えた。,1,高評価,飲食店,train
3943,中華料理店は会計が良く、かなり満足している。,1,高評価,飲食店,test
3944,テンポが想像より悪く、家族向け映画には低評価を付けたい。,0,低評価,映画,train
3945,何度か利用してみた。ホテルはフロント対応に少し不満があったが、立地は良く、総合的には満足している。,1,高評価,ホテル,train
3946,期待して購入した。学習アプリはバッテリー消費が安定していて、ストレスなく使えた。,1,高評価,アプリ,train
3947,温泉旅館は期待を裏切らなかった。アクセスにも不満はない。,1,高評価,ホテル,train
3948,居酒屋は最初デザートが良いと感じたが、使い続けるとドリンクの問題が目立ち、評価は下がった。,0,低評価,飲食店,train
3949,盛り付けが想像より良く、うどん店には高評価を付けたい。,1,高評価,飲食店,train
3950,何度か利用してみた。予約アプリは期待を裏切らなかった。同期機能にも不満はない。,1,高評価,アプリ,train
3951,一週間ほど試した。掃除機を使ってみたが、静音性が期待外れだった。,0,低評価,EC商品,train
3952,SF映画は世界観は良かったが、伏線が悪く、総合的には不満が残った。,0,低評価,映画,train
3953,タスク管理アプリは機能の分かりやすさに良い点もあった。しかし広告の少なさに問題があり、結果的にはおすすめしにくい。,0,低評価,アプリ,train
3954,バッグの梱包は良くない。期待していただけに残念だった。,0,低評価,EC商品,train
3955,カレー店を使ってみたが、価格が期待外れだった。,0,低評価,飲食店,validation
3956,温度が想像より良く、居酒屋には高評価を付けたい。,1,高評価,飲食店,train
3957,動作速度は少し悪かったものの、検索機能が期待以上だったので決済アプリには高評価を付けたい。,1,高評価,アプリ,train
3958,学習アプリを使ってみたが、入力のしやすさが期待外れだった。,0,低評価,アプリ,train
3959,画面の見やすさには改善してほしい部分があるが、起動速度はかなり良く、全体としては気に入った。,1,高評価,アプリ,train
3960,収納棚は完璧ではなく組み立てやすさに難がある。それでも梱包が優れていて満足度は高い。,1,高評価,EC商品,validation
3961,実際に使ってみると、イタリアンは店内の清潔さに良い点もあった。しかしスタッフの対応に問題があり、結果的にはおすすめしにくい。,0,低評価,飲食店,train
3962,チェックアウトは予想以上だったが、そのほかはフロント対応が使いにくく不満が残った。,0,低評価,ホテル,train
3963,注文のしやすさに大きな不満はなく、焼肉店を選んで正解だった。,1,高評価,飲食店,train
3964,コメディ映画は声優が良く、かなり満足している。,1,高評価,映画,train
3965,動作の安定性は予想以上だったが、そのほかは品質が使いにくく納得できなかった。,0,低評価,EC商品,train
3966,実際に使ってみると、操作性が残念だったので、ゲームアプリはもう利用したくない。,0,低評価,アプリ,train
3967,香りが残念だったので、定食屋はもう利用したくない。,0,低評価,飲食店,train
3968,席の広さには改善してほしい部分があるが、会計はかなり良く、全体としては気に入った。,1,高評価,飲食店,train
3969,動作の安定性がとても良かったので、パソコンをまた利用したい。,1,高評価,EC商品,train
3970,カプセルホテルは期待に応えてくれなかった。アクセスにも満足できない。,0,低評価,ホテル,validation
3971,パソコンは期待以上。説明書と動作の安定性のどちらも使いやすく、とても気に入った。,1,高評価,EC商品,train
3972,ファンタジー映画を使ってみたが、映像美が期待外れだった。,0,低評価,映画,train
3973,しばらく利用した結果、スタッフの対応には満足したものの、チェックアウトが期待外れだったので和風旅館には低評価を付けたい。,0,低評価,ホテル,train
3974,デザインは決して悪くなく、チャットアプリを選んで良かったと思う。,1,高評価,アプリ,train
3975,カレー店は期待を裏切らなかった。価格にも不満はない。,1,高評価,飲食店,train
3976,反応速度に問題があり、さらに説明書にも不満がある。椅子はもう選ばない。,0,低評価,EC商品,validation
3977,浴場は予想以上だったが、そのほかは防音が使いにくく不満が残った。,0,低評価,ホテル,train
3978,水筒はサイズ感が良く、かなり気に入っている。,1,高評価,EC商品,test
3979,評判が良かったので試した。中華料理店を使ってみたが、盛り付けが期待以上だった。,1,高評価,飲食店,train
3980,カレー店は一見良さそうで店内の清潔さも悪くない。それでも盛り付けがひどく、次は選ばない。,0,低評価,飲食店,train
3981,梱包がとても良かったので、キーボードをまた利用したい。,1,高評価,EC商品,train
3982,最初の印象では、パソコンは値段以上の価値を感じた。特に軽さが素晴らしい。,1,高評価,EC商品,validation
3983,一週間ほど試した。食材の新鮮さに不満があり、回転寿司を選んだのは失敗だった。,0,低評価,飲食店,train
3984,評判が良かったので試した。検索機能が想像より悪く、ゲームアプリには低評価を付けたい。,0,低評価,アプリ,train
3985,バッグは音質で気になる点もあった。しかし動作の安定性が良く、結果的には買って良かった。,1,高評価,EC商品,train
3986,盛り付けに不満があり、洋食店を選んだのは失敗だった。,0,低評価,飲食店,train
3987,評判が良かったので試した。アクセスが想像より良く、民宿には高評価を付けたい。,1,高評価,ホテル,test
3988,デザインに不満があり、モニターを選んだのは失敗だった。,0,低評価,EC商品,validation
3989,音楽に大きな不満はなく、ドラマ映画を選んで正解だった。,1,高評価,映画,train
3990,しばらく利用した結果、翻訳アプリは安くないのに、同期機能がこの程度では納得できない。,0,低評価,アプリ,train
3991,洋食店は会計が良く、かなり満足している。,1,高評価,飲食店,train
3992,しばらく利用した結果、ホラー映画は最初ラストが良いと感じたが、使い続けるとテンポの問題が目立ち、評価は下がった。,0,低評価,映画,train
3993,戦争映画は構成が悪く、かなり不満が残った。,0,低評価,映画,train
3994,立地は少し悪かったものの、部屋の広さが期待以上だったのでカプセルホテルには高評価を付けたい。,1,高評価,ホテル,test
3995,何度か利用してみた。テーマは決して良いとは言えず、スポーツ映画には不満が残った。,0,低評価,映画,train
3996,バッテリー消費がとても良かったので、天気アプリをまた利用したい。,1,高評価,アプリ,train
3997,期待して購入した。スポーツ映画はテンポは良かったが、演出が悪く、総合的には納得できなかった。,0,低評価,映画,test
3998,回転寿司を使ってみたが、店内の清潔さが期待以上だった。,1,高評価,飲食店,train
3999,部屋の広さに大きな不満はなく、宿泊施設を選んで正解だった。,1,高評価,ホテル,train
4000,空調が残念だったので、旅館はもう利用したくない。,0,低評価,ホテル,train
4001,電源タップは操作感が悪く、かなり不満が残った。,0,低評価,EC商品,train
4002,最初の印象では、メニューの豊富さが全く使えないわけではないが、ビュッフェを高く評価するほどではない。,0,低評価,飲食店,validation
4003,ヘッドホンはコストパフォーマンスで気になる点もあった。しかし梱包が良く、結果的には買って良かった。,1,高評価,EC商品,train
4004,スマートフォンは使いやすさは良かったが、耐久性が悪く、総合的には満足できなかった。,0,低評価,EC商品,validation
4005,観光ホテルは期待外れ。チェックアウトとスタッフの対応のどちらも使いにくく、がっかりした。,0,低評価,ホテル,validation
4006,レビューを見て選んだが、温度には満足したものの、店内の清潔さが期待外れだったのでパン屋には低評価を付けたい。,0,低評価,飲食店,train
4007,レビューを見て選んだが、充電器は最初静音性が気になったが、使い続けると頑丈さの良さが分かり、今は満足している。,1,高評価,EC商品,train
4008,スピーカーは安くないのに、コストパフォーマンスがこの程度では納得できない。,0,低評価,EC商品,train
4009,ステーキ店は最初ボリュームが気になったが、使い続けると提供の早さの良さが分かり、今は満足している。,1,高評価,飲食店,train
4010,チェックインのスムーズさに大きな不満はなく、カプセルホテルを選んで正解だった。,1,高評価,ホテル,train
4011,店内の清潔さに問題があり、さらに注文のしやすさにも不満がある。喫茶店はもう選ばない。,0,低評価,飲食店,train
4012,今回初めて利用した。アップデートは少し悪かったものの、画面の見やすさが期待以上だったのでナビアプリには高評価を付けたい。,1,高評価,アプリ,train
4013,ケーブルは一見良さそうで反応速度も悪くない。それでも音質がひどく、次は選ばない。,0,低評価,EC商品,train
4014,寿司店は期待外れ。待ち時間と会計のどちらも使いにくく、がっかりした。,0,低評価,飲食店,test
4015,カフェは期待以上。ドリンクと温度のどちらも使いやすく、とても気に入った。,1,高評価,飲食店,train
4016,デスクは頑丈さに良い点もあった。しかし使いやすさに問題があり、結果的にはおすすめしにくい。,0,低評価,EC商品,train
4017,最初の印象では、冒険映画は余韻も演出もかなり悪かった。残念だが低評価。,0,低評価,映画,train
4018,評判が良かったので試した。ドラマ映画は余韻が不安定で、かなりストレスを感じた。,0,低評価,映画,train
4019,青春映画は構成も余韻もかなり悪かった。残念だが低評価。,0,低評価,映画,train
4020,評判が良かったので試した。アメニティが想像より良く、ビジネスホテルには高評価を付けたい。,1,高評価,ホテル,train
4021,検索機能が想像より良く、写真アプリには高評価を付けたい。,1,高評価,アプリ,train
4022,音楽アプリは最初同期機能が良いと感じたが、使い続けるとアップデートの問題が目立ち、評価は下がった。,0,低評価,アプリ,train
4023,短編映画は音楽に少し不満があったが、感情表現は良く、総合的には満足している。,1,高評価,映画,train
4024,立地がとても良かったので、温泉ホテルをまた利用したい。,1,高評価,ホテル,train
4025,期待して購入した。カレー店はドリンクが不安定で、かなりストレスを感じた。,0,低評価,飲食店,train
4026,温度が想像より悪く、寿司店には低評価を付けたい。,0,低評価,飲食店,test
4027,タスク管理アプリを使ってみたが、レスポンスが期待以上だった。,1,高評価,アプリ,test
4028,一週間ほど試した。スタッフの対応に大きな不満はなく、定食屋を選んで正解だった。,1,高評価,飲食店,train
4029,香りは決して悪くなく、ラーメン店を選んで良かったと思う。,1,高評価,飲食店,test
4030,ビュッフェは最初店内の清潔さが気になったが、使い続けると席の広さの良さが分かり、今は満足している。,1,高評価,飲食店,train
4031,しばらく利用した結果、うどん店は期待以上。メニューの豊富さとボリュームのどちらも使いやすく、とても気に入った。,1,高評価,飲食店,train
4032,価格には改善してほしい部分があるが、清掃はかなり良く、全体としては気に入った。,1,高評価,ホテル,test
4033,レビューを見て選んだが、使い勝手がとても良かったので、動画アプリをまた利用したい。,1,高評価,アプリ,train
4034,定食屋の料理の味は悪くない。むしろ使ってみるとかなり満足できた。,1,高評価,飲食店,train
4035,メモアプリは最初操作性が良いと感じたが、使い続けるとデザインの問題が目立ち、評価は下がった。,0,低評価,アプリ,train
4036,マウスはバッテリー持ちも音質も非常に良かった。文句なしで高評価。,1,高評価,EC商品,test
4037,温泉ホテルを使ってみたが、チェックアウトが期待以上だった。,1,高評価,ホテル,train
4038,ベッドの快適さがとても良かったので、宿泊施設をまた利用したい。,1,高評価,ホテル,train
4039,ナビアプリは画面の見やすさは良かったが、操作性が悪く、総合的には不満が残った。,0,低評価,アプリ,train
4040,説明書には改善してほしい部分があるが、デザインはかなり良く、全体としては気に入った。,1,高評価,EC商品,train
4041,デザインが全く使えないわけではないが、翻訳アプリを高く評価するほどではない。,0,低評価,アプリ,train
4042,実際に使ってみると、脚本が少し悪くなっているところもあったが、そのほかはストーリーが良く使いやすい。,1,高評価,映画,test
4043,部屋の広さがとても良かったので、ビジネスホテルをまた利用したい。,1,高評価,ホテル,train
4044,今回初めて利用した。観光ホテルは眺めに少し不満があったが、チェックアウトは良く、総合的には満足している。,1,高評価,ホテル,train
4045,今回初めて利用した。ミステリー映画は期待以上。アクションと声優のどちらも使いやすく、とても気に入った。,1,高評価,映画,train
4046,レビューを見て選んだが、メモアプリは安定性が安定していて、ストレスなく使えた。,1,高評価,アプリ,validation
4047,ドラマ映画は最初演技が気になったが、使い続けると会話の良さが分かり、今は満足している。,1,高評価,映画,train
4048,料理の味は少し悪かったものの、提供の早さが期待以上だったのでケーキ店には高評価を付けたい。,1,高評価,飲食店,train
4049,待ち時間は決して良いとは言えず、定食屋には不満が残った。,0,低評価,飲食店,train
4050,伏線が想像より良く、戦争映画には高評価を付けたい。,1,高評価,映画,train
4051,期待して購入した。旅館はアメニティが安定していて、ストレスなく使えた。,1,高評価,ホテル,train
4052,健康管理アプリはバッテリー消費も操作性もかなり悪かった。残念だが低評価。,0,低評価,アプリ,train
4053,一週間ほど試した。短編映画は演出が安定していて、ストレスなく使えた。,1,高評価,映画,train
4054,実際に使ってみると、リゾートホテルは期待以上。眺めとチェックアウトのどちらも使いやすく、とても気に入った。,1,高評価,ホテル,train
4055,音質に大きな不満はなく、ヘッドホンを選んで正解だった。,1,高評価,EC商品,train
4056,眺めは少し悪かったものの、空調が期待以上だったので温泉旅館には高評価を付けたい。,1,高評価,ホテル,validation
4057,ナビアプリは値段以上の価値を感じた。特に通知機能が素晴らしい。,1,高評価,アプリ,train
4058,宿泊施設は期待に応えてくれなかった。朝食にも満足できない。,0,低評価,ホテル,train
4059,一週間ほど試した。そば屋は最初提供の早さが良いと感じたが、使い続けると雰囲気の問題が目立ち、評価は下がった。,0,低評価,飲食店,train
4060,焼肉店は一見良さそうで香りも悪くない。それでも提供の早さがひどく、次は選ばない。,0,低評価,飲食店,train
4061,今回初めて利用した。収納棚は値段に見合わない。特にデザインに問題があった。,0,低評価,EC商品,train
4062,最初の印象では、使い勝手は魅力的だったが、起動速度がかなり残念で、全体としては満足できなかった。,0,低評価,アプリ,test
4063,軽さは予想以上だったが、そのほかは音質が使いにくくかなり残念だった。,0,低評価,EC商品,validation
4064,中華料理店を使ってみたが、雰囲気が期待外れだった。,0,低評価,飲食店,train
4065,アクション映画は一見良さそうでテンポも悪くない。それでもラストがひどく、次は選ばない。,0,低評価,映画,train
4066,料理の味が良くないというレビューもあったが、自分はケーキ店に満足している。,1,高評価,飲食店,train
4067,評判が良かったので試した。ミステリー映画は期待以上。声優とテンポのどちらも使いやすく、とても気に入った。,1,高評価,映画,test
4068,通知機能に大きな不満はなく、ナビアプリを選んで正解だった。,1,高評価,アプリ,train
4069,今回初めて利用した。学習アプリは最初検索精度が良いと感じたが、使い続けるとバッテリー消費の問題が目立ち、評価は下がった。,0,低評価,アプリ,train
4070,最初の印象では、香りには満足したものの、温度が期待外れだったのでステーキ店には低評価を付けたい。,0,低評価,飲食店,train
4071,戦争映画は映像美は良かったが、演技が悪く、総合的には不満が残った。,0,低評価,映画,train
4072,SNSアプリは安定性が良く、かなり満足している。,1,高評価,アプリ,train
4073,ストーリーは少し悪かったものの、演出が期待以上だったので戦争映画には高評価を付けたい。,1,高評価,映画,test
4074,今回初めて利用した。感情表現には満足したものの、声優が期待外れだったので短編映画には低評価を付けたい。,0,低評価,映画,train
4075,品質は少し悪かったものの、音質が期待以上だったので椅子には高評価を付けたい。,1,高評価,EC商品,train
4076,今回初めて利用した。カレンダーアプリはデザインが不安定で、かなりストレスを感じた。,0,低評価,アプリ,test
4077,中華料理店は最初注文のしやすさが良いと感じたが、使い続けるとボリュームの問題が目立ち、評価は下がった。,0,低評価,飲食店,train
4078,カプセルホテルを使ってみたが、空調が期待以上だった。,1,高評価,ホテル,train
4079,ログインは少し悪かったものの、安定性が期待以上だったのでチャットアプリには高評価を付けたい。,1,高評価,アプリ,train
4080,静かさが残念だったので、ホテルはもう利用したくない。,0,低評価,ホテル,validation
4081,ミステリー映画は会話が良く、かなり満足している。,1,高評価,映画,train
4082,ニュースアプリは安定性に良い点もあった。しかしレスポンスに問題があり、結果的にはおすすめしにくい。,0,低評価,アプリ,train
4083,梱包が残念だったので、工具セットはもう利用したくない。,0,低評価,EC商品,train
4084,立地が想像より良く、リゾートホテルには高評価を付けたい。,1,高評価,ホテル,test
4085,しばらく利用した結果、山の旅館は朝食が良く、かなり満足している。,1,高評価,ホテル,train
4086,スタッフの対応に問題があり、さらに注文のしやすさにも不満がある。カレー店はもう選ばない。,0,低評価,飲食店,train
4087,検索機能に不満があり、ゲームアプリを選んだのは失敗だった。,0,低評価,アプリ,train
4088,写真アプリはアップデートで気になる点もあった。しかし通知機能が良く、結果的には買って良かった。,1,高評価,アプリ,train
4089,何度か利用してみた。ハンバーガー店は高くないわけではないが、温度を考えると納得できる。,1,高評価,飲食店,train
4090,実際に使ってみると、ベッドの快適さに大きな不満はなく、宿泊施設を選んで正解だった。,1,高評価,ホテル,train
4091,決済アプリは使い勝手が不安定で、かなりストレスを感じた。,0,低評価,アプリ,train
4092,予約アプリは完璧ではなく検索機能に難がある。それでも操作性が優れていて満足度は高い。,1,高評価,アプリ,train
4093,回転寿司はボリュームは良かったが、待ち時間が悪く、総合的には不満が残った。,0,低評価,飲食店,train
4094,ハンバーガー店を使ってみたが、メニューの豊富さが期待外れだった。,0,低評価,飲食店,validation
4095,店内の清潔さが良くないというレビューもあったが、自分は中華料理店に満足している。,1,高評価,飲食店,train
4096,アクセスに大きな不満はなく、ビジネスホテルを選んで正解だった。,1,高評価,ホテル,train
4097,カレンダーアプリを使ってみたが、バッテリー消費が期待以上だった。,1,高評価,アプリ,train
4098,期待して購入した。カプセルホテルのフロント対応は悪くない。むしろ使ってみるとかなり満足できた。,1,高評価,ホテル,train
4099,音楽が素晴らしく、さらに世界観にも満足した。SF映画をまた選びたい。,1,高評価,映画,train
4100,眺めは少し悪かったものの、館内設備が期待以上だったので格安ホテルには高評価を付けたい。,1,高評価,ホテル,train
4101,一週間ほど試した。SF映画は値段に見合わない。特に会話に問題があった。,0,低評価,映画,train
4102,何度か利用してみた。そば屋は最初価格が気になったが、使い続けると香りの良さが分かり、今は満足している。,1,高評価,飲食店,test
4103,最初の印象では、リゾートは値段以上の価値を感じた。特にスタッフの対応が素晴らしい。,1,高評価,ホテル,train
4104,何度か利用してみた。操作性には改善してほしい部分があるが、動作速度はかなり良く、全体としては気に入った。,1,高評価,アプリ,test
4105,チャットアプリを使ってみたが、入力のしやすさが期待外れだった。,0,低評価,アプリ,train
4106,バッテリー消費には満足したものの、操作性が期待外れだったので健康管理アプリには低評価を付けたい。,0,低評価,アプリ,train
4107,最初の印象では、家族向け映画はストーリーが良く、かなり満足している。,1,高評価,映画,train
4108,一週間ほど試した。回転寿司はスタッフの対応が良く、かなり満足している。,1,高評価,飲食店,train
4109,椅子は接続の安定性も説明書も非常に良かった。文句なしで高評価。,1,高評価,EC商品,train
4110,ミステリー映画は値段以上の価値を感じた。特に伏線が素晴らしい。,1,高評価,映画,train
4111,今回初めて利用した。演技に不満があり、アクション映画を選んだのは失敗だった。,0,低評価,映画,train
4112,一週間ほど試した。格安ホテルを使ってみたが、浴場が期待以上だった。,1,高評価,ホテル,train
4113,パソコンはバッテリー持ちに良い点もあった。しかしコストパフォーマンスに問題があり、結果的にはおすすめしにくい。,0,低評価,EC商品,train
4114,浴場が想像より悪く、リゾートには低評価を付けたい。,0,低評価,ホテル,train
4115,スポーツ映画はラストが不安定で、かなりストレスを感じた。,0,低評価,映画,train
4116,充電器はデザインが安定していて、ストレスなく使えた。,1,高評価,EC商品,train
4117,演技は魅力的だったが、映像美がかなり残念で、全体としては満足できなかった。,0,低評価,映画,train
4118,電源タップの説明書は悪くない。むしろ使ってみるとかなり満足できた。,1,高評価,EC商品,train
4119,テーマが残念だったので、ミステリー映画はもう利用したくない。,0,低評価,映画,train
4120,何度か利用してみた。待ち時間に問題がないとは言えないが、寿司店は総合的には十分満足できる。,1,高評価,飲食店,train
4121,スポーツ映画は余韻に良い点もあった。しかし演技に問題があり、結果的にはおすすめしにくい。,0,低評価,映画,train
4122,実際に使ってみると、香りが想像より悪く、喫茶店には低評価を付けたい。,0,低評価,飲食店,train
4123,操作感が想像より良く、水筒には高評価を付けたい。,1,高評価,EC商品,train
4124,掃除機を使ってみたが、軽さが期待以上だった。,1,高評価,EC商品,train
4125,音楽映画は期待以上。キャラクターと映像のどちらも使いやすく、とても気に入った。,1,高評価,映画,train
4126,操作感がとても良かったので、イヤホンをまた利用したい。,1,高評価,EC商品,train
4127,最初の印象では、和風旅館は期待を裏切らなかった。アメニティにも不満はない。,1,高評価,ホテル,train
4128,広告の少なさは魅力的だったが、画面の見やすさがかなり残念で、全体としては満足できなかった。,0,低評価,アプリ,train
4129,SF映画は声優も伏線も非常に良かった。文句なしで高評価。,1,高評価,映画,validation
4130,設定画面には改善してほしい部分があるが、同期機能はかなり良く、全体としては気に入った。,1,高評価,アプリ,validation
4131,中華料理店は料理の味が良く、かなり満足している。,1,高評価,飲食店,train
4132,マウスを使ってみたが、動作の安定性が期待外れだった。,0,低評価,EC商品,train
4133,読書アプリは値段以上の価値を感じた。特に通知機能が素晴らしい。,1,高評価,アプリ,train
4134,ファンタジー映画は安くないのに、感情表現がこの程度では納得できない。,0,低評価,映画,train
4135,収納棚は静音性が安定していて、ストレスなく使えた。,1,高評価,EC商品,train
4136,青春映画は最初キャラクターが気になったが、使い続けるとテーマの良さが分かり、今は満足している。,1,高評価,映画,train
4137,ゲームアプリは機能の分かりやすさが安定していて、ストレスなく使えた。,1,高評価,アプリ,train
4138,品質が残念だったので、ケーブルはもう利用したくない。,0,低評価,EC商品,train
4139,宿泊施設は最初部屋の清潔さが良いと感じたが、使い続けるとチェックアウトの問題が目立ち、評価は下がった。,0,低評価,ホテル,train
4140,天気アプリは同期機能に少し不満があったが、デザインは良く、総合的には満足している。,1,高評価,アプリ,train
4141,そば屋は待ち時間が不安定で、かなりストレスを感じた。,0,低評価,飲食店,train
4142,組み立てやすさは予想以上だったが、そのほかは操作感が使いにくく不満が残った。,0,低評価,EC商品,validation
4143,脚本が悪くないというレビューもあったが、自分には家族向け映画は合わなかった。,0,低評価,映画,train
4144,そば屋は温度が良く、かなり満足している。,1,高評価,飲食店,train
4145,ラストには満足したものの、迫力が期待外れだったのでホラー映画には低評価を付けたい。,0,低評価,映画,train
4146,一週間ほど試した。価格に不満があり、ゲストハウスを選んだのは失敗だった。,0,低評価,ホテル,test
4147,ストーリーは魅力的だったが、アクションがかなり残念で、全体としては満足できなかった。,0,低評価,映画,train
4148,今回初めて利用した。スタッフの対応は魅力的だったが、香りがかなり残念で、全体としては満足できなかった。,0,低評価,飲食店,train
4149,電源タップは一見良さそうでネジ穴の精度も悪くない。それでも接続の安定性がひどく、次は選ばない。,0,低評価,EC商品,validation
4150,回転寿司は値段に見合わない。特に雰囲気に問題があった。,0,低評価,飲食店,test
4151,バッテリー持ちが残念だったので、組み立て家具はもう利用したくない。,0,低評価,EC商品,train
4152,期待して購入した。冒険映画を使ってみたが、映像が期待外れだった。,0,低評価,映画,train
4153,しばらく利用した結果、メモアプリは機能の分かりやすさが不安定で、かなりストレスを感じた。,0,低評価,アプリ,train
4154,宿泊施設を使ってみたが、スタッフの対応が期待以上だった。,1,高評価,ホテル,train
4155,最初の印象では、テーマに不満があり、アニメ映画を選んだのは失敗だった。,0,低評価,映画,train
4156,しばらく利用した結果、頑丈さは少し悪かったものの、組み立てやすさが期待以上だったので収納棚には高評価を付けたい。,1,高評価,EC商品,train
4157,操作性が想像より悪く、決済アプリには低評価を付けたい。,0,低評価,アプリ,train
4158,青春映画は最初ストーリーが気になったが、使い続けると構成の良さが分かり、今は満足している。,1,高評価,映画,train
4159,ボリュームが少し悪くなっているところもあったが、そのほかは盛り付けが良く使いやすい。,1,高評価,飲食店,train
4160,実際に使ってみると、焼肉店は雰囲気に少し不満があったが、席の広さは良く、総合的には満足している。,1,高評価,飲食店,train
4161,期待して購入した。声優が悪くないというレビューもあったが、自分には家族向け映画は合わなかった。,0,低評価,映画,test
4162,香りには改善してほしい部分があるが、温度はかなり良く、全体としては気に入った。,1,高評価,飲食店,train
4163,会計は少し悪かったものの、デザートが期待以上だったのでビュッフェには高評価を付けたい。,1,高評価,飲食店,train
4164,アメニティに不満があり、カプセルホテルを選んだのは失敗だった。,0,低評価,ホテル,test
4165,レビューを見て選んだが、浴場が想像より悪く、温泉旅館には低評価を付けたい。,0,低評価,ホテル,train
4166,温度が想像より悪く、ケーキ店には低評価を付けたい。,0,低評価,飲食店,train
4167,実際に使ってみると、耐久性は魅力的だったが、軽さがかなり残念で、全体としては満足できなかった。,0,低評価,EC商品,train
4168,レビューを見て選んだが、チェックインのスムーズさが全く使えないわけではないが、和風旅館を高く評価するほどではない。,0,低評価,ホテル,train
4169,しばらく利用した結果、香りがとても良かったので、カフェをまた利用したい。,1,高評価,飲食店,train
4170,うどん店は値段に見合わない。特に立地に問題があった。,0,低評価,飲食店,train
4171,学習アプリを使ってみたが、通知機能が期待以上だった。,1,高評価,アプリ,test
4172,最初の印象では、定食屋は価格が安定していて、ストレスなく使えた。,1,高評価,飲食店,train
4173,ドラマ映画はテーマが不安定で、かなりストレスを感じた。,0,低評価,映画,test
4174,期待して購入した。温度に大きな不満はなく、カフェを選んで正解だった。,1,高評価,飲食店,train
4175,シティホテルは値段以上の価値を感じた。特に防音が素晴らしい。,1,高評価,ホテル,train
4176,一週間ほど試した。温泉旅館は期待外れ。部屋の広さとWi-Fiのどちらも使いにくく、がっかりした。,0,低評価,ホテル,test
4177,シティホテルは値段に見合わない。特に空調に問題があった。,0,低評価,ホテル,validation
4178,今回初めて利用した。ニュースアプリは操作性が悪く、かなり不満が残った。,0,低評価,アプリ,train
4179,ミステリー映画は構成も世界観もかなり悪かった。残念だが低評価。,0,低評価,映画,train
4180,レビューを見て選んだが、余韻に大きな不満はなく、アニメ映画を選んで正解だった。,1,高評価,映画,train
4181,充電器は期待外れ。品質とネジ穴の精度のどちらも使いにくく、がっかりした。,0,低評価,EC商品,train
4182,カレー店は立地は良かったが、雰囲気が悪く、総合的には不満が残った。,0,低評価,飲食店,train
4183,使いやすさは少し悪かったものの、手触りが期待以上だったので充電器には高評価を付けたい。,1,高評価,EC商品,test
4184,恋愛映画は最初ストーリーが良いと感じたが、使い続けると演出の問題が目立ち、評価は下がった。,0,低評価,映画,train
4185,一週間ほど試した。充電器は最初接続の安定性が気になったが、使い続けると耐久性の良さが分かり、今は満足している。,1,高評価,EC商品,test
4186,SNSアプリは操作性は良かったが、同期機能が悪く、総合的には不満が残った。,0,低評価,アプリ,train
4187,天気アプリは最初機能の分かりやすさが気になったが、使い続けると検索精度の良さが分かり、今は満足している。,1,高評価,アプリ,train
4188,キャラクターに不満があり、歴史映画を選んだのは失敗だった。,0,低評価,映画,train
4189,ネジ穴の精度には改善してほしい部分があるが、組み立てやすさはかなり良く、全体としては気に入った。,1,高評価,EC商品,train
4190,ヘッドホンはデザインが良く、かなり満足している。,1,高評価,EC商品,train
4191,期待して購入した。家計簿アプリは一見良さそうでデザインも悪くない。それでも安定性がひどく、次は選ばない。,0,低評価,アプリ,train
4192,最初の印象では、焼肉店は提供の早さに少し不満があったが、デザートは良く、総合的には満足している。,1,高評価,飲食店,train
4193,マウスは高くないわけではないが、反応速度を考えると納得できる。,1,高評価,EC商品,test
4194,最初の印象では、空港ホテルは値段に見合わない。特にWi-Fiに問題があった。,0,低評価,ホテル,test
4195,和風旅館は完璧ではなく館内設備に難がある。それでもWi-Fiが優れていて満足度は高い。,1,高評価,ホテル,train
4196,何度か利用してみた。健康管理アプリはレスポンスに良い点もあった。しかし読み込み速度に問題があり、結果的にはおすすめしにくい。,0,低評価,アプリ,validation
4197,一週間ほど試した。そば屋は値段に見合わない。特にドリンクに問題があった。,0,低評価,飲食店,test
4198,評判が良かったので試した。カレンダーアプリは安定性が良く、かなり満足している。,1,高評価,アプリ,test
4199,期待して購入した。椅子は一見良さそうで組み立てやすさも悪くない。それでも説明書がひどく、次は選ばない。,0,低評価,EC商品,train
4200,決済アプリは高くないわけではないが、操作性を考えると納得できる。,1,高評価,アプリ,train
4201,梱包に大きな不満はなく、デスクを選んで正解だった。,1,高評価,EC商品,train
4202,キャラクターが残念だったので、SF映画はもう利用したくない。,0,低評価,映画,train
4203,評判が良かったので試した。温泉ホテルを使ってみたが、空調が期待以上だった。,1,高評価,ホテル,train
4204,ボリュームには改善してほしい部分があるが、料理の味はかなり良く、全体としては気に入った。,1,高評価,飲食店,train
4205,立地は決して良いとは言えず、そば屋には不満が残った。,0,低評価,飲食店,train
4206,実際に使ってみると、眺めがとても良かったので、駅前ホテルをまた利用したい。,1,高評価,ホテル,train
4207,和風旅館を使ってみたが、チェックアウトが期待以上だった。,1,高評価,ホテル,train
4208,ドキュメンタリー映画は映像に良い点もあった。しかしアクションに問題があり、結果的にはおすすめしにくい。,0,低評価,映画,train
4209,決済アプリは安定性が良く、かなり満足している。,1,高評価,アプリ,train
4210,パソコンは操作感もバッテリー持ちもかなり悪かった。残念だが低評価。,0,低評価,EC商品,train
4211,眺めが想像より良く、格安ホテルには高評価を付けたい。,1,高評価,ホテル,train
4212,山の旅館は館内設備も価格もかなり悪かった。残念だが低評価。,0,低評価,ホテル,validation
4213,チェックアウトがとても良かったので、ビジネスホテルをまた利用したい。,1,高評価,ホテル,train
4214,期待して購入した。ホテルは朝食が良く、かなり満足している。,1,高評価,ホテル,train
4215,しばらく利用した結果、席の広さは少し悪かったものの、スタッフの対応が期待以上だったので定食屋には高評価を付けたい。,1,高評価,飲食店,train
4216,ミステリー映画は演技が良く、かなり十分満足している。,1,高評価,映画,train
4217,朝食は決して悪くなく、空港ホテルを選んで良かったと思う。,1,高評価,ホテル,train
4218,一週間ほど試した。操作性がとても良かったので、動画アプリをまた利用したい。,1,高評価,アプリ,train
4219,ドラマ映画は伏線もテーマもかなり悪かった。残念だが低評価。,0,低評価,映画,train
4220,使いやすさが全く使えないわけではないが、組み立て家具を高く評価するほどではない。,0,低評価,EC商品,train
4221,カプセルホテルは期待外れ。アメニティと静かさのどちらも使いにくく、がっかりした。,0,低評価,ホテル,train
4222,水筒は操作感に少し不満があったが、サイズ感は良く、総合的には気に入っている。,1,高評価,EC商品,train
4223,何度か利用してみた。ニュースアプリはバッテリー消費は良かったが、起動速度が悪く、総合的には不満が残った。,0,低評価,アプリ,train
4224,一週間ほど試した。使いやすさは少し悪かったものの、耐久性が期待以上だったので充電器には高評価を付けたい。,1,高評価,EC商品,train
4225,反応速度は予想以上だったが、そのほかは接続の安定性が使いにくく不満が残った。,0,低評価,EC商品,train
4226,スポーツ映画は最初ラストが良いと感じたが、使い続けるとキャラクターの問題が目立ち、評価は下がった。,0,低評価,映画,test
4227,実際に使ってみると、演出に不満があり、ドキュメンタリー映画を選んだのは失敗だった。,0,低評価,映画,train
4228,反応速度が少し悪くなっているところもあったが、そのほかはサイズ感が良く使いやすい。,1,高評価,EC商品,validation
4229,何度か利用してみた。イヤホンはデザインに良い点もあった。しかし梱包に問題があり、結果的にはおすすめしにくい。,0,低評価,EC商品,train
4230,読み込み速度は予想以上だったが、そのほかは入力のしやすさが使いにくく不満が残った。,0,低評価,アプリ,train
4231,評判が良かったので試した。動画アプリは設定画面で気になる点もあった。しかし通知機能が良く、結果的には買って良かった。,1,高評価,アプリ,train
4232,戦争映画は完璧ではなくストーリーに難がある。それでも声優が優れていて満足度は高い。,1,高評価,映画,train
4233,検索精度は少し悪かったものの、設定画面が期待以上だったので読書アプリには高評価を付けたい。,1,高評価,アプリ,train
4234,最初の印象では、ゲームアプリは同期機能に良い点もあった。しかしログインに問題があり、結果的にはおすすめしにくい。,0,低評価,アプリ,train
4235,レビューを見て選んだが、価格には満足したものの、スタッフの対応が期待外れだったので宿泊施設には低評価を付けたい。,0,低評価,ホテル,test
4236,実際に使ってみると、ステーキ店は安くないのに、メニューの豊富さがこの程度では納得できない。,0,低評価,飲食店,train
4237,洋食店は完璧ではなく立地に難がある。それでも接客が優れていて満足度は高い。,1,高評価,飲食店,train
4238,一週間ほど試した。脚本は少し悪かったものの、世界観が期待以上だったので青春映画には高評価を付けたい。,1,高評価,映画,train
4239,モニターは最初デザインが良いと感じたが、使い続けると手触りの問題が目立ち、評価は下がった。,0,低評価,EC商品,train
4240,収納棚は期待以上。梱包とネジ穴の精度のどちらも使いやすく、とても気に入った。,1,高評価,EC商品,train
4241,今回初めて利用した。浴場には改善してほしい部分があるが、価格はかなり良く、全体としては気に入った。,1,高評価,ホテル,validation
4242,ゲームアプリは機能の分かりやすさに良い点もあった。しかしレスポンスに問題があり、結果的にはおすすめしにくい。,0,低評価,アプリ,validation
4243,通知機能がとても良かったので、学習アプリをまた利用したい。,1,高評価,アプリ,train
4244,寿司店は最初雰囲気が気になったが、使い続けるとデザートの良さが分かり、今は満足している。,1,高評価,飲食店,train
4245,何度か利用してみた。静音性に不満があり、ヘッドホンを選んだのは失敗だった。,0,低評価,EC商品,train
4246,実際に使ってみると、SF映画は映像に良い点もあった。しかし声優に問題があり、結果的にはおすすめしにくい。,0,低評価,映画,train
4247,何度か利用してみた。カレー店を使ってみたが、デザートが期待以上だった。,1,高評価,飲食店,train
4248,ドラマ映画は最初会話が良いと感じたが、使い続けると世界観の問題が目立ち、評価は下がった。,0,低評価,映画,validation
4249,最初の印象では、バッテリー持ちは少し悪かったものの、デザインが期待以上だったのでタブレットには高評価を付けたい。,1,高評価,EC商品,train
4250,価格は予想以上だったが、そのほかは館内設備が使いにくく不満が残った。,0,低評価,ホテル,test
4251,館内設備には満足したものの、アクセスが期待外れだったのでホテルには低評価を付けたい。,0,低評価,ホテル,train
4252,レビューを見て選んだが、ファンタジー映画は期待に応えてくれなかった。伏線にも満足できない。,0,低評価,映画,train
4253,通知機能に不満があり、SNSアプリを選んだのは失敗だった。,0,低評価,アプリ,train
4254,一週間ほど試した。モニターは一見良さそうでバッテリー持ちも悪くない。それでも反応速度がひどく、次は選ばない。,0,低評価,EC商品,train
4255,アクセスが素晴らしく、さらにWi-Fiにも満足した。高級ホテルをまた選びたい。,1,高評価,ホテル,train
4256,評判が良かったので試した。海辺のホテルは眺めも清掃も非常に良かった。文句なしで高評価。,1,高評価,ホテル,train
4257,部屋の広さが想像より悪く、観光ホテルには低評価を付けたい。,0,低評価,ホテル,train
4258,ステーキ店は料理の味も店内の清潔さもかなり悪かった。残念だが低評価。,0,低評価,飲食店,train
4259,何度か利用してみた。翻訳アプリを使ってみたが、検索機能が期待外れだった。,0,低評価,アプリ,test
4260,館内設備は少し悪かったものの、部屋の清潔さが期待以上だったのでホテルには高評価を付けたい。,1,高評価,ホテル,train
4261,構成が想像より良く、ファンタジー映画には高評価を付けたい。,1,高評価,映画,train
4262,シティホテルは期待に応えてくれなかった。フロント対応にも満足できない。,0,低評価,ホテル,train
4263,キャラクターは魅力的だったが、感情表現がかなり残念で、全体としては満足できなかった。,0,低評価,映画,test
4264,評判が良かったので試した。水筒はコストパフォーマンスが悪く、かなり不満が残った。,0,低評価,EC商品,validation
4265,今回初めて利用した。デスクは動作の安定性に少し不満があったが、ネジ穴の精度は良く、総合的には満足している。,1,高評価,EC商品,train
4266,今回初めて利用した。反応速度がとても良かったので、バッグをまた利用したい。,1,高評価,EC商品,train
4267,レビューを見て選んだが、ラーメン店は接客に少し不満があったが、席の広さは良く、総合的には満足している。,1,高評価,飲食店,validation
4268,しばらく利用した結果、決済アプリは値段以上の価値を感じた。特にログインが素晴らしい。,1,高評価,アプリ,train
4269,音楽がとても良かったので、サスペンス映画をまた利用したい。,1,高評価,映画,train
4270,バッテリー消費がとても良かったので、健康管理アプリをまた利用したい。,1,高評価,アプリ,train
4271,余韻が想像より悪く、戦争映画には低評価を付けたい。,0,低評価,映画,train
4272,操作感がとても良かったので、バッグをまた利用したい。,1,高評価,EC商品,test
4273,喫茶店は料理の味に良い点もあった。しかしスタッフの対応に問題があり、結果的にはおすすめしにくい。,0,低評価,飲食店,train
4274,レビューを見て選んだが、組み立てやすさには改善してほしい部分があるが、反応速度はかなり良く、全体としては気に入った。,1,高評価,EC商品,train
4275,組み立て家具は値段に見合わない。特に頑丈さに問題があった。,0,低評価,EC商品,train
4276,入力のしやすさは魅力的だったが、検索精度がかなり残念で、全体としては満足できなかった。,0,低評価,アプリ,train
4277,読書アプリを使ってみたが、検索精度が期待以上だった。,1,高評価,アプリ,train
4278,起動速度が想像より良く、地図アプリには高評価を付けたい。,1,高評価,アプリ,train
4279,レビューを見て選んだが、価格が残念だったので、ハンバーガー店はもう利用したくない。,0,低評価,飲食店,train
4280,掃除機を使ってみたが、ネジ穴の精度が期待以上だった。,1,高評価,EC商品,test
4281,タブレットはデザインで気になる点もあった。しかし反応速度が良く、結果的には買って良かった。,1,高評価,EC商品,train
4282,一週間ほど試した。和風旅館は浴場が悪く、かなり不満が残った。,0,低評価,ホテル,validation
4283,海辺のホテルは期待外れ。チェックアウトとチェックインのスムーズさのどちらも使いにくく、がっかりした。,0,低評価,ホテル,train
4284,演出には満足したものの、テーマが期待外れだったのでアクション映画には低評価を付けたい。,0,低評価,映画,train
4285,収納棚は一見良さそうで品質も悪くない。それでも耐久性がひどく、次は選ばない。,0,低評価,EC商品,train
4286,梱包に大きな不満はなく、マウスを選んで正解だった。,1,高評価,EC商品,train
4287,椅子はネジ穴の精度に良い点もあった。しかし品質に問題があり、結果的にはおすすめしにくい。,0,低評価,EC商品,train
4288,何度か利用してみた。動作の安定性は少し悪かったものの、頑丈さが期待以上だったのでマウスには高評価を付けたい。,1,高評価,EC商品,train
4289,格安ホテルはWi-Fiが不安定で、かなりストレスを感じた。,0,低評価,ホテル,train
4290,立地が残念だったので、駅前ホテルはもう利用したくない。,0,低評価,ホテル,test
4291,演技は魅力的だったが、声優がかなり残念で、全体としては満足できなかった。,0,低評価,映画,train
4292,ケーブルは一見良さそうで説明書も悪くない。それでも手触りがひどく、次は選ばない。,0,低評価,EC商品,train
4293,短編映画は高くないわけではないが、映像美を考えると納得できる。,1,高評価,映画,train
4294,接続の安定性に不満があり、組み立て家具を選んだのは失敗だった。,0,低評価,EC商品,train
4295,しばらく利用した結果、起動速度に問題があり、さらに動作速度にも不満がある。家計簿アプリはもう選ばない。,0,低評価,アプリ,train
4296,掃除機は値段以上の価値を感じた。特に静音性が素晴らしい。,1,高評価,EC商品,train
4297,しばらく利用した結果、ナビアプリは入力のしやすさが悪く、かなりかなり残念だった。,0,低評価,アプリ,validation
4298,レスポンスは予想以上だったが、そのほかは安定性が使いにくく納得できなかった。,0,低評価,アプリ,test
4299,焼肉店は店内の清潔さで気になる点もあった。しかしスタッフの対応が良く、結果的には買って良かった。,1,高評価,飲食店,train
4300,ハンバーガー店は期待外れ。待ち時間とドリンクのどちらも使いにくく、がっかりした。,0,低評価,飲食店,train
4301,ナビアプリの検索機能は良くない。期待していただけに残念だった。,0,低評価,アプリ,train
4302,レビューを見て選んだが、価格は予想以上だったが、そのほかはドリンクが使いにくく不満が残った。,0,低評価,飲食店,train
4303,何度か利用してみた。カレンダーアプリを使ってみたが、動作速度が期待外れだった。,0,低評価,アプリ,train
4304,今回初めて利用した。価格には満足したものの、食材の新鮮さが期待外れだったので回転寿司には低評価を付けたい。,0,低評価,飲食店,train
4305,レスポンスには満足したものの、同期機能が期待外れだったので音楽アプリには低評価を付けたい。,0,低評価,アプリ,train
4306,コメディ映画は映像美が安定していて、ストレスなく使えた。,1,高評価,映画,train
4307,モニターは完璧ではなく頑丈さに難がある。それでもデザインが優れていて満足度は高い。,1,高評価,EC商品,train
4308,何度か利用してみた。温泉ホテルは安くないのに、チェックアウトがこの程度では納得できない。,0,低評価,ホテル,train
4309,リゾートは期待外れ。チェックインのスムーズさと部屋の清潔さのどちらも使いにくく、がっかりした。,0,低評価,ホテル,train
4310,操作性には改善してほしい部分があるが、同期機能はかなり良く、全体としては気に入った。,1,高評価,アプリ,train
4311,レビューを見て選んだが、音楽映画は値段に見合わない。特にテーマに問題があった。,0,低評価,映画,train
4312,ストーリーは決して良いとは言えず、青春映画には不満が残った。,0,低評価,映画,train
4313,サイズ感が想像より良く、充電器には高評価を付けたい。,1,高評価,EC商品,train
4314,ドラマ映画は一見良さそうで音楽も悪くない。それでも会話がひどく、次は選ばない。,0,低評価,映画,train
4315,ナビアプリは期待外れ。ログインと読み込み速度のどちらも使いにくく、がっかりした。,0,低評価,アプリ,train
4316,期待して購入した。ミステリー映画は会話が安定していて、ストレスなく使えた。,1,高評価,映画,train
4317,地図アプリは値段に見合わない。特に画面の見やすさに問題があった。,0,低評価,アプリ,train
4318,焼肉店は料理の味が良く、かなり満足している。,1,高評価,飲食店,train
4319,実際に使ってみると、サイズ感に大きな不満はなく、収納棚を選んで正解だった。,1,高評価,EC商品,train
4320,サスペンス映画のテンポは良くない。期待していただけに残念だった。,0,低評価,映画,train
4321,チャットアプリは起動速度は良かったが、レスポンスが悪く、総合的には不満が残った。,0,低評価,アプリ,train
4322,タスク管理アプリは値段以上の価値を感じた。特にログインが素晴らしい。,1,高評価,アプリ,train
4323,最初の印象では、地図アプリはバッテリー消費が安定していて、ストレスなく使えた。,1,高評価,アプリ,test
4324,メモアプリは検索機能に良い点もあった。しかし通知機能に問題があり、結果的にはおすすめしにくい。,0,低評価,アプリ,validation
4325,今回初めて利用した。耐久性が想像より悪く、モニターには低評価を付けたい。,0,低評価,EC商品,train
4326,伏線が素晴らしく、さらに余韻にも満足した。犯罪映画をまた選びたい。,1,高評価,映画,train
4327,レビューを見て選んだが、恋愛映画は安くないのに、映像がこの程度では納得できない。,0,低評価,映画,train
4328,動作の安定性が素晴らしく、さらに梱包にも満足した。タブレットをまた選びたい。,1,高評価,EC商品,train
4329,決済アプリは値段以上の価値を感じた。特にレスポンスが素晴らしい。,1,高評価,アプリ,train
4330,期待して購入した。館内設備が悪くないというレビューもあったが、自分には高級ホテルは合わなかった。,0,低評価,ホテル,train
4331,ドキュメンタリー映画は値段に見合わない。特に映像に問題があった。,0,低評価,映画,train
4332,山の旅館は浴場が良く、かなり満足している。,1,高評価,ホテル,test
4333,期待して購入した。検索精度がとても良かったので、翻訳アプリをまた利用したい。,1,高評価,アプリ,train
4334,価格は少し悪かったものの、部屋の広さが期待以上だったのでホテルには高評価を付けたい。,1,高評価,ホテル,train
4335,実際に使ってみると、余韻が残念だったので、ドキュメンタリー映画はもう利用したくない。,0,低評価,映画,train
4336,一週間ほど試した。マウスは軽さもサイズ感もかなり悪かった。残念だが低評価。,0,低評価,EC商品,train
4337,手触りがとても良かったので、組み立て家具をまた利用したい。,1,高評価,EC商品,test
4338,レビューを見て選んだが、香りは予想以上だったが、そのほかはドリンクが使いにくく不満が残った。,0,低評価,飲食店,train
4339,実際に使ってみると、使いやすさには改善してほしい部分があるが、頑丈さはかなり良く、全体としては気に入った。,1,高評価,EC商品,train
4340,感情表現が想像より良く、短編映画には高評価を付けたい。,1,高評価,映画,train
4341,店内の清潔さは魅力的だったが、雰囲気がかなり残念で、全体としては満足できなかった。,0,低評価,飲食店,test
4342,評判が良かったので試した。ケーキ店はボリュームは良かったが、提供の早さが悪く、総合的には不満が残った。,0,低評価,飲食店,train
4343,起動速度が良くないというレビューもあったが、自分は天気アプリに満足している。,1,高評価,アプリ,train
4344,パン屋は安くないのに、会計がこの程度では納得できない。,0,低評価,飲食店,validation
4345,しばらく利用した結果、スマートフォンは期待外れ。操作感と説明書のどちらも使いにくく、がっかりした。,0,低評価,EC商品,train
4346,カレンダーアプリはデザインに少し不満があったが、同期機能は良く、総合的には満足している。,1,高評価,アプリ,train
4347,ゲームアプリは通知機能で気になる点もあった。しかしレスポンスが良く、結果的には買って良かった。,1,高評価,アプリ,train
4348,今回初めて利用した。海辺のホテルは値段に見合わない。特にチェックインのスムーズさに問題があった。,0,低評価,ホテル,train
4349,実際に使ってみると、パソコンは動作の安定性が良く、かなり高く評価している。,1,高評価,EC商品,train
4350,実際に使ってみると、温泉ホテルは館内設備で気になる点もあった。しかしフロント対応が良く、結果的には買って良かった。,1,高評価,ホテル,test
4351,恋愛映画は迫力に少し不満があったが、テンポは良く、総合的には満足している。,1,高評価,映画,train
4352,清掃が少し悪くなっているところもあったが、そのほかは価格が良く使いやすい。,1,高評価,ホテル,train
4353,フロント対応がとても良かったので、カプセルホテルをまた利用したい。,1,高評価,ホテル,train
4354,ニュースアプリは設定画面が不安定で、かなりストレスを感じた。,0,低評価,アプリ,train
4355,会計は少し悪かったものの、香りが期待以上だったのでイタリアンには高評価を付けたい。,1,高評価,飲食店,train
4356,カレンダーアプリは最初検索精度が良いと感じたが、使い続けるとレスポンスの問題が目立ち、評価は下がった。,0,低評価,アプリ,train
4357,実際に使ってみると、部屋の広さに大きな不満はなく、温泉旅館を選んで正解だった。,1,高評価,ホテル,train
4358,ファミレスは値段以上の価値を感じた。特にスタッフの対応が素晴らしい。,1,高評価,飲食店,train
4359,最初の印象では、健康管理アプリは一見良さそうで設定画面も悪くない。それでも機能の分かりやすさがひどく、次は選ばない。,0,低評価,アプリ,train
4360,音楽アプリは同期機能は良かったが、安定性が悪く、総合的には不満が残った。,0,低評価,アプリ,test
4361,駅前ホテルを使ってみたが、清掃が期待以上だった。,1,高評価,ホテル,validation
4362,接客に不満があり、喫茶店を選んだのは失敗だった。,0,低評価,飲食店,train
4363,パソコンは音質が悪く、かなり不満が残った。,0,低評価,EC商品,train
4364,待ち時間に大きな不満はなく、居酒屋を選んで正解だった。,1,高評価,飲食店,train
4365,Wi-Fiには改善してほしい部分があるが、ベッドの快適さはかなり良く、全体としては気に入った。,1,高評価,ホテル,train
4366,今回初めて利用した。山の旅館は最初ベッドの快適さが良いと感じたが、使い続けると清掃の問題が目立ち、評価は下がった。,0,低評価,ホテル,train
4367,椅子は一見良さそうで音質も悪くない。それでも接続の安定性がひどく、次は選ばない。,0,低評価,EC商品,train
4368,タブレットは最初説明書が良いと感じたが、使い続けるとサイズ感の問題が目立ち、評価は下がった。,0,低評価,EC商品,train
4369,余韻が残念だったので、音楽映画はもう利用したくない。,0,低評価,映画,train
4370,価格に不満があり、カフェを選んだのは失敗だった。,0,低評価,飲食店,train
4371,実際に使ってみると、バッテリー持ちは決して良いとは言えず、充電器には不満が残った。,0,低評価,EC商品,train
4372,食材の新鮮さが悪くないというレビューもあったが、自分には居酒屋は合わなかった。,0,低評価,飲食店,train
4373,最初の印象では、駅前ホテルは完璧ではなく防音に難がある。それでも価格が優れていて満足度は高い。,1,高評価,ホテル,train
4374,ニュースアプリは期待外れ。検索精度とログインのどちらも使いにくく、がっかりした。,0,低評価,アプリ,validation
4375,ストーリーは決して良いとは言えず、アニメ映画には満足できなかった。,0,低評価,映画,train
4376,動作の安定性は少し悪かったものの、反応速度が期待以上だったので組み立て家具には高評価を付けたい。,1,高評価,EC商品,validation
4377,海辺のホテルは期待以上。静かさと部屋の清潔さのどちらも使いやすく、とても気に入った。,1,高評価,ホテル,validation
4378,一週間ほど試した。ヘッドホンは値段以上の価値を感じた。特にデザインが素晴らしい。,1,高評価,EC商品,validation
4379,恋愛映画の伏線は良くない。期待していただけに残念だった。,0,低評価,映画,test
4380,ドラマ映画は音楽が良く、かなり満足している。,1,高評価,映画,validation
4381,検索機能は決して良いとは言えず、音楽アプリには不満が残った。,0,低評価,アプリ,test
4382,アメニティは決して悪くなく、空港ホテルを選んで良かったと思う。,1,高評価,ホテル,train
4383,組み立て家具は最初接続の安定性が気になったが、使い続けると使いやすさの良さが分かり、今は満足している。,1,高評価,EC商品,train
4384,価格が残念だったので、ステーキ店はもう利用したくない。,0,低評価,飲食店,validation
4385,読み込み速度が少し悪くなっているところもあったが、そのほかは操作性が良く使いやすい。,1,高評価,アプリ,train
4386,期待して購入した。決済アプリは完璧ではなく安定性に難がある。それでも機能の分かりやすさが優れていて満足度は高い。,1,高評価,アプリ,train
4387,音楽には満足したものの、感情表現が期待外れだったのでサスペンス映画には低評価を付けたい。,0,低評価,映画,train
4388,音楽アプリは値段に見合わない。特にデザインに問題があった。,0,低評価,アプリ,validation
4389,実際に使ってみると、ケーブルは最初音質が良いと感じたが、使い続けるとコストパフォーマンスの問題が目立ち、評価は下がった。,0,低評価,EC商品,train
4390,一週間ほど試した。余韻が少し悪くなっているところもあったが、そのほかは構成が良く使いやすい。,1,高評価,映画,train
4391,ステーキ店は価格が不安定で、かなりストレスを感じた。,0,低評価,飲食店,train
4392,香りが悪くないというレビューもあったが、自分にはそば屋は合わなかった。,0,低評価,飲食店,train
4393,空港ホテルは完璧ではなくWi-Fiに難がある。それでも眺めが優れていて満足度は高い。,1,高評価,ホテル,train
4394,演出がとても良かったので、ドキュメンタリー映画をまた利用したい。,1,高評価,映画,train
4395,デザインには満足したものの、広告の少なさが期待外れだったのでナビアプリには低評価を付けたい。,0,低評価,アプリ,train
4396,音楽が良くないというレビューもあったが、自分は短編映画に満足している。,1,高評価,映画,train
4397,温泉ホテルはスタッフの対応が良く、かなり高く評価している。,1,高評価,ホテル,train
4398,工具セットは動作の安定性に少し不満があったが、操作感は良く、総合的には満足している。,1,高評価,EC商品,train
4399,うどん店は立地に少し不満があったが、デザートは良く、総合的には満足している。,1,高評価,飲食店,train
4400,アクション映画はテンポも世界観もかなり悪かった。残念だが低評価。,0,低評価,映画,train
4401,健康管理アプリを使ってみたが、ログインが期待外れだった。,0,低評価,アプリ,validation
4402,ゲームアプリを使ってみたが、入力のしやすさが期待外れだった。,0,低評価,アプリ,train
4403,キーボードは期待に応えてくれなかった。動作の安定性にも満足できない。,0,低評価,EC商品,train
4404,ホテルは価格で気になる点もあった。しかし朝食が良く、結果的には買って良かった。,1,高評価,ホテル,test
4405,寿司店を使ってみたが、香りが期待以上だった。,1,高評価,飲食店,train
4406,キーボードは値段以上の価値を感じた。特に操作感が素晴らしい。,1,高評価,EC商品,train
4407,アクセスが想像より悪く、宿泊施設には低評価を付けたい。,0,低評価,ホテル,train
4408,何度か利用してみた。組み立てやすさに不満があり、スマートフォンを選んだのは失敗だった。,0,低評価,EC商品,train
4409,今回初めて利用した。声優は少し悪かったものの、世界観が期待以上だったのでスポーツ映画には高評価を付けたい。,1,高評価,映画,train
4410,しばらく利用した結果、チェックインのスムーズさには満足したものの、部屋の広さが期待外れだったので宿泊施設には低評価を付けたい。,0,低評価,ホテル,train
4411,焼肉店は温度で気になる点もあった。しかし料理の味が良く、結果的には買って良かった。,1,高評価,飲食店,train
4412,しばらく利用した結果、チャットアプリは値段以上の価値を感じた。特に入力のしやすさが素晴らしい。,1,高評価,アプリ,train
4413,キーボードは音質が不安定で、かなりストレスを感じた。,0,低評価,EC商品,train
4414,水筒は品質に少し不満があったが、静音性は良く、総合的には満足している。,1,高評価,EC商品,train
4415,キャラクターには改善してほしい部分があるが、アクションはかなり良く、全体としては気に入った。,1,高評価,映画,train
4416,今回初めて利用した。会話が少し悪くなっているところもあったが、そのほかは脚本が良く使いやすい。,1,高評価,映画,train
4417,ネジ穴の精度が残念だったので、タブレットはもう利用したくない。,0,低評価,EC商品,train
4418,工具セットは最初コストパフォーマンスが気になったが、使い続けると音質の良さが分かり、今は満足している。,1,高評価,EC商品,train
4419,ゲームアプリは検索精度に少し不満があったが、バッテリー消費は良く、総合的には満足している。,1,高評価,アプリ,test
4420,しばらく利用した結果、店内の清潔さに問題があり、さらに盛り付けにも不満がある。カレー店はもう選ばない。,0,低評価,飲食店,train
4421,何度か利用してみた。青春映画は最初迫力が良いと感じたが、使い続けると伏線の問題が目立ち、評価は下がった。,0,低評価,映画,train
4422,期待して購入した。頑丈さが素晴らしく、さらに品質にも満足した。スマートフォンをまた選びたい。,1,高評価,EC商品,train
4423,翻訳アプリは期待外れ。広告の少なさと検索精度のどちらも使いにくく、がっかりした。,0,低評価,アプリ,train
4424,起動速度がとても良かったので、動画アプリをまた利用したい。,1,高評価,アプリ,train
4425,ドキュメンタリー映画は最初伏線が良いと感じたが、使い続けると映像の問題が目立ち、評価は下がった。,0,低評価,映画,train
4426,席の広さには満足したものの、価格が期待外れだったのでそば屋には低評価を付けたい。,0,低評価,飲食店,train
4427,アニメ映画は値段に見合わない。特に余韻に問題があった。,0,低評価,映画,train
4428,タスク管理アプリを使ってみたが、バッテリー消費が期待以上だった。,1,高評価,アプリ,train
4429,操作感に問題があり、さらに接続の安定性にも不満がある。工具セットはもう選ばない。,0,低評価,EC商品,train
4430,ケーキ店を使ってみたが、香りが期待外れだった。,0,低評価,飲食店,train
4431,コストパフォーマンスは魅力的だったが、音質がかなり残念で、全体としては満足できなかった。,0,低評価,EC商品,train
4432,海辺のホテルは期待以上。チェックインのスムーズさとスタッフの対応のどちらも使いやすく、とても気に入った。,1,高評価,ホテル,validation
4433,翻訳アプリは期待に応えてくれなかった。レスポンスにも満足できない。,0,低評価,アプリ,train
4434,アニメ映画の脚本は良くない。期待していただけに残念だった。,0,低評価,映画,train
4435,デザートは決して良いとは言えず、ハンバーガー店には不満が残った。,0,低評価,飲食店,validation
4436,駅前ホテルは値段に見合わない。特に浴場に問題があった。,0,低評価,ホテル,train
4437,定食屋は値段に見合わない。特に料理の味に問題があった。,0,低評価,飲食店,train
4438,ステーキ店は価格が良く、かなり満足している。,1,高評価,飲食店,validation
4439,しばらく利用した結果、バッテリー持ちに不満があり、工具セットを選んだのは失敗だった。,0,低評価,EC商品,test
4440,最初の印象では、民宿は眺めが不安定で、かなりストレスを感じた。,0,低評価,ホテル,validation
4441,コストパフォーマンスが残念だったので、パソコンはもう利用したくない。,0,低評価,EC商品,test
4442,余韻は魅力的だったが、世界観がかなり残念で、全体としては満足できなかった。,0,低評価,映画,test
4443,評判が良かったので試した。予約アプリは値段以上の価値を感じた。特にバッテリー消費が素晴らしい。,1,高評価,アプリ,train
4444,カプセルホテルはチェックインのスムーズさが悪く、かなり不満が残った。,0,低評価,ホテル,train
4445,立地に不満があり、寿司店を選んだのは失敗だった。,0,低評価,飲食店,train
4446,空港ホテルは部屋の広さで気になる点もあった。しかしフロント対応が良く、結果的には買って良かった。,1,高評価,ホテル,test
4447,ドキュメンタリー映画は値段に見合わない。特にアクションに問題があった。,0,低評価,映画,train
4448,学習アプリはレスポンスが悪く、かなり不満が残った。,0,低評価,アプリ,train
4449,防音は少し悪かったものの、チェックアウトが期待以上だったのでリゾートホテルには高評価を付けたい。,1,高評価,ホテル,train
4450,デザートがとても良かったので、ビュッフェをまた利用したい。,1,高評価,飲食店,test
4451,SNSアプリは値段以上の価値を感じた。特にバッテリー消費が素晴らしい。,1,高評価,アプリ,validation
4452,カフェの注文のしやすさは悪くない。むしろ使ってみるとかなり満足できた。,1,高評価,飲食店,validation
4453,キーボードは動作の安定性は良かったが、説明書が悪く、総合的には不満が残った。,0,低評価,EC商品,train
4454,アニメ映画は世界観が不安定で、かなりストレスを感じた。,0,低評価,映画,train
4455,最初の印象では、テンポは魅力的だったが、伏線がかなり残念で、全体としては満足できなかった。,0,低評価,映画,train
4456,立地は決して良いとは言えず、ファミレスには不満が残った。,0,低評価,飲食店,test
4457,収納棚を使ってみたが、静音性が期待外れだった。,0,低評価,EC商品,train
4458,最初の印象では、動画アプリの機能の分かりやすさは悪くない。むしろ使ってみるとかなり満足できた。,1,高評価,アプリ,train
4459,今回初めて利用した。カフェは期待外れ。ボリュームと雰囲気のどちらも使いにくく、がっかりした。,0,低評価,飲食店,test
4460,アップデートは少し悪かったものの、広告の少なさが期待以上だったので音楽アプリには高評価を付けたい。,1,高評価,アプリ,validation
4461,カフェは最初スタッフの対応が気になったが、使い続けると待ち時間の良さが分かり、今は満足している。,1,高評価,飲食店,train
4462,学習アプリは値段に見合わない。特にログインに問題があった。,0,低評価,アプリ,train
4463,ドリンクは魅力的だったが、提供の早さがかなり残念で、全体としては満足できなかった。,0,低評価,飲食店,train
4464,浴場に不満があり、ホテルを選んだのは失敗だった。,0,低評価,ホテル,train
4465,しばらく利用した結果、ケーブルはデザインに少し不満があったが、音質は良く、総合的には満足している。,1,高評価,EC商品,test
4466,ヘッドホンは最初品質が気になったが、使い続けると手触りの良さが分かり、今は満足している。,1,高評価,EC商品,train
4467,音質は魅力的だったが、動作の安定性がかなり残念で、全体としては満足できなかった。,0,低評価,EC商品,train
4468,実際に使ってみると、モニターは動作の安定性が不安定で、かなりストレスを感じた。,0,低評価,EC商品,train
4469,ドラマ映画は値段に見合わない。特にテンポに問題があった。,0,低評価,映画,train
4470,焼肉店の雰囲気は良くない。期待していただけに残念だった。,0,低評価,飲食店,train
4471,ケーキ店のデザートは悪くない。むしろ使ってみるとかなり満足できた。,1,高評価,飲食店,train
4472,実際に使ってみると、アクション映画は構成に良い点もあった。しかし迫力に問題があり、結果的にはおすすめしにくい。,0,低評価,映画,test
4473,期待して購入した。通知機能は決して悪くなく、翻訳アプリを選んで良かったと思う。,1,高評価,アプリ,train
4474,館内設備が全く使えないわけではないが、観光ホテルを高く評価するほどではない。,0,低評価,ホテル,test
4475,デザインが残念だったので、キーボードはもう利用したくない。,0,低評価,EC商品,train
4476,ファミレスは期待に応えてくれなかった。雰囲気にも満足できない。,0,低評価,飲食店,train
4477,実際に使ってみると、アップデートに不満があり、決済アプリを選んだのは失敗だった。,0,低評価,アプリ,train
4478,眺めに不満があり、旅館を選んだのは失敗だった。,0,低評価,ホテル,train
4479,充電器の反応速度は悪くない。むしろ使ってみるとかなり満足できた。,1,高評価,EC商品,train
4480,短編映画はテーマもキャラクターもかなり悪かった。残念だが低評価。,0,低評価,映画,train
4481,短編映画は感情表現も構成もかなり悪かった。残念だが低評価。,0,低評価,映画,train
4482,今回初めて利用した。ホテルは清掃も防音も非常に良かった。文句なしで高評価。,1,高評価,ホテル,test
4483,チャットアプリは起動速度で気になる点もあった。しかしバッテリー消費が良く、結果的には買って良かった。,1,高評価,アプリ,train
4484,耐久性は魅力的だったが、品質がかなり残念で、全体としては満足できなかった。,0,低評価,EC商品,train
4485,館内設備が想像より悪く、ホテルには低評価を付けたい。,0,低評価,ホテル,train
4486,食材の新鮮さがとても良かったので、ビュッフェをまた利用したい。,1,高評価,飲食店,train
4487,温泉ホテルは館内設備は良かったが、清掃が悪く、総合的には不満が残った。,0,低評価,ホテル,train
4488,スマートフォンは高くないわけではないが、デザインを考えると納得できる。,1,高評価,EC商品,test
4489,演技がとても良かったので、アクション映画をまた利用したい。,1,高評価,映画,train
4490,評判が良かったので試した。収納棚は最初音質が気になったが、使い続けると品質の良さが分かり、今は満足している。,1,高評価,EC商品,validation
4491,料理の味に大きな不満はなく、カレー店を選んで正解だった。,1,高評価,飲食店,train
4492,椅子は梱包が不安定で、かなりストレスを感じた。,0,低評価,EC商品,train
4493,接客には改善してほしい部分があるが、待ち時間はかなり良く、全体としては気に入った。,1,高評価,飲食店,train
4494,観光ホテルは清掃に少し不満があったが、Wi-Fiは良く、総合的には満足している。,1,高評価,ホテル,train
4495,評判が良かったので試した。声優が想像より良く、恋愛映画には高評価を付けたい。,1,高評価,映画,train
4496,操作感は予想以上だったが、そのほかは反応速度が使いにくく不満が残った。,0,低評価,EC商品,test
4497,ナビアプリは検索機能が悪く、かなり不満が残った。,0,低評価,アプリ,train
4498,動作の安定性は少し悪かったものの、操作感が期待以上だったのでイヤホンには高評価を付けたい。,1,高評価,EC商品,train
4499,注文のしやすさが想像より良く、イタリアンには高評価を付けたい。,1,高評価,飲食店,train
4500,回転寿司は席の広さが不安定で、かなりストレスを感じた。,0,低評価,飲食店,train
4501,キャラクターは少し悪かったものの、テンポが期待以上だったのでコメディ映画には高評価を付けたい。,1,高評価,映画,train
4502,最初の印象では、決済アプリはアップデートに良い点もあった。しかし検索精度に問題があり、結果的にはおすすめしにくい。,0,低評価,アプリ,train
4503,操作感は決して良いとは言えず、スピーカーには不満が残った。,0,低評価,EC商品,train
4504,キーボードは値段に見合わない。特に音質に問題があった。,0,低評価,EC商品,train
4505,青春映画はテンポが安定していて、ストレスなく使えた。,1,高評価,映画,train
4506,カフェはドリンクが不安定で、かなりストレスを感じた。,0,低評価,飲食店,train
4507,余韻に不満があり、青春映画を選んだのは失敗だった。,0,低評価,映画,train
4508,館内設備に不満があり、温泉ホテルを選んだのは失敗だった。,0,低評価,ホテル,train
4509,何度か利用してみた。アクションは予想以上だったが、そのほかは感情表現が使いにくく不満が残った。,0,低評価,映画,train
4510,期待して購入した。そば屋は高くないわけではないが、ボリュームを考えると納得できる。,1,高評価,飲食店,train
4511,しばらく利用した結果、モニターは一見良さそうでデザインも悪くない。それでも操作感がひどく、次は選ばない。,0,低評価,EC商品,test
4512,喫茶店を使ってみたが、店内の清潔さが期待外れだった。,0,低評価,飲食店,test
4513,レビューを見て選んだが、ゲームアプリは最初ログインが気になったが、使い続けると使い勝手の良さが分かり、今は満足している。,1,高評価,アプリ,train
4514,期待して購入した。ドリンクが想像より悪く、居酒屋には低評価を付けたい。,0,低評価,飲食店,test
4515,ドリンクが残念だったので、洋食店はもう利用したくない。,0,低評価,飲食店,train
4516,空調に大きな不満はなく、格安ホテルを選んで正解だった。,1,高評価,ホテル,train
4517,期待して購入した。デザートは少し悪かったものの、店内の清潔さが期待以上だったのでラーメン店には高評価を付けたい。,1,高評価,飲食店,validation
4518,組み立て家具を使ってみたが、バッテリー持ちが期待外れだった。,0,低評価,EC商品,validation
4519,スポーツ映画は声優は良かったが、世界観が悪く、総合的にはかなり残念だった。,0,低評価,映画,train
4520,レビューを見て選んだが、収納棚は頑丈さが悪く、かなり不満が残った。,0,低評価,EC商品,train
4521,ベッドの快適さが少し悪くなっているところもあったが、そのほかは清掃が良く使いやすい。,1,高評価,ホテル,train
4522,何度か利用してみた。清掃は決して悪くなく、旅館を選んで良かったと思う。,1,高評価,ホテル,train
4523,最初の印象では、工具セットはバッテリー持ちが悪く、かなり満足できなかった。,0,低評価,EC商品,train
4524,梱包に不満があり、組み立て家具を選んだのは失敗だった。,0,低評価,EC商品,train
4525,音楽が残念だったので、コメディ映画はもう利用したくない。,0,低評価,映画,train
4526,立地は魅力的だったが、ベッドの快適さがかなり残念で、全体としては満足できなかった。,0,低評価,ホテル,train
4527,最初の印象では、清掃は予想以上だったが、そのほかはチェックアウトが使いにくく満足できなかった。,0,低評価,ホテル,validation
4528,ホテルは立地が安定していて、ストレスなく使えた。,1,高評価,ホテル,test
4529,青春映画は最初映像美が良いと感じたが、使い続けると演技の問題が目立ち、評価は下がった。,0,低評価,映画,train
4530,静かさが素晴らしく、さらに空調にも満足した。高級ホテルをまた選びたい。,1,高評価,ホテル,train
4531,メモアプリは設定画面に良い点もあった。しかしレスポンスに問題があり、結果的にはおすすめしにくい。,0,低評価,アプリ,test
4532,レスポンスが想像より悪く、SNSアプリには低評価を付けたい。,0,低評価,アプリ,validation
4533,実際に使ってみると、タスク管理アプリは動作速度が安定していて、ストレスなく使えた。,1,高評価,アプリ,validation
4534,レビューを見て選んだが、戦争映画を使ってみたが、声優が期待外れだった。,0,低評価,映画,train
4535,眺めが少し悪くなっているところもあったが、そのほかは静かさが良く使いやすい。,1,高評価,ホテル,validation
4536,モニターは手触りで気になる点もあった。しかしデザインが良く、結果的には買って良かった。,1,高評価,EC商品,train
4537,健康管理アプリは最初ログインが良いと感じたが、使い続けると検索機能の問題が目立ち、評価は下がった。,0,低評価,アプリ,validation
4538,カフェは完璧ではなくデザートに難がある。それでもスタッフの対応が優れていて満足度は高い。,1,高評価,飲食店,train
4539,安定性が素晴らしく、さらに画面の見やすさにも満足した。SNSアプリをまた選びたい。,1,高評価,アプリ,validation
4540,今回初めて利用した。音楽に不満があり、サスペンス映画を選んだのは失敗だった。,0,低評価,映画,train
4541,回転寿司はスタッフの対応は良かったが、デザートが悪く、総合的には不満が残った。,0,低評価,飲食店,train
4542,ナビアプリは値段以上の価値を感じた。特に検索精度が素晴らしい。,1,高評価,アプリ,train
4543,スタッフの対応は魅力的だったが、待ち時間がかなり残念で、全体としては満足できなかった。,0,低評価,飲食店,train
4544,一週間ほど試した。リゾートの館内設備は良くない。期待していただけに残念だった。,0,低評価,ホテル,train
4545,リゾートホテルは値段に見合わない。特に浴場に問題があった。,0,低評価,ホテル,train
4546,食材の新鮮さは魅力的だったが、注文のしやすさがかなり残念で、全体としては満足できなかった。,0,低評価,飲食店,train
4547,機能の分かりやすさが想像より良く、ゲームアプリには高評価を付けたい。,1,高評価,アプリ,test
4548,食材の新鮮さは予想以上だったが、そのほかは雰囲気が使いにくく不満が残った。,0,低評価,飲食店,train
4549,リゾートは部屋の清潔さが悪く、かなり不満が残った。,0,低評価,ホテル,train
4550,カレンダーアプリはレスポンスで気になる点もあった。しかしログインが良く、結果的には買って良かった。,1,高評価,アプリ,train
4551,部屋の清潔さには改善してほしい部分があるが、価格はかなり良く、全体としては気に入った。,1,高評価,ホテル,train
4552,スマートフォンは高くないわけではないが、ネジ穴の精度を考えると納得できる。,1,高評価,EC商品,validation
4553,マウスは耐久性に少し不満があったが、コストパフォーマンスは良く、総合的には満足している。,1,高評価,EC商品,train
4554,天気アプリは最初検索精度が良いと感じたが、使い続けると広告の少なさの問題が目立ち、評価は下がった。,0,低評価,アプリ,test
4555,期待して購入した。説明書は少し悪かったものの、ネジ穴の精度が期待以上だったのでタブレットには高評価を付けたい。,1,高評価,EC商品,train
4556,ファンタジー映画はテーマに良い点もあった。しかし会話に問題があり、結果的にはおすすめしにくい。,0,低評価,映画,train
4557,ゲストハウスは館内設備で気になる点もあった。しかし価格が良く、結果的には買って良かった。,1,高評価,ホテル,train
4558,アニメ映画はテーマが悪く、かなり不満が残った。,0,低評価,映画,train
4559,アニメ映画は声優も映像美もかなり悪かった。残念だが低評価。,0,低評価,映画,train
4560,メモアプリは一見良さそうで操作性も悪くない。それでも検索機能がひどく、次は選ばない。,0,低評価,アプリ,train
4561,評判が良かったので試した。キャラクターは少し悪かったものの、映像美が期待以上だったので短編映画には高評価を付けたい。,1,高評価,映画,train
4562,冒険映画の迫力は良くない。期待していただけに残念だった。,0,低評価,映画,train
4563,操作感には満足したものの、音質が期待外れだったので工具セットには低評価を付けたい。,0,低評価,EC商品,test
4564,今回初めて利用した。定食屋は値段に見合わない。特に温度に問題があった。,0,低評価,飲食店,train
4565,静かさが想像より良く、リゾートには高評価を付けたい。,1,高評価,ホテル,train
4566,評判が良かったので試した。ボリュームには満足したものの、盛り付けが期待外れだったのでカフェには低評価を付けたい。,0,低評価,飲食店,train
4567,組み立てやすさが良くないというレビューもあったが、自分は椅子に満足している。,1,高評価,EC商品,validation
4568,寿司店を使ってみたが、注文のしやすさが期待以上だった。,1,高評価,飲食店,train
4569,高級ホテルは部屋の清潔さが悪く、かなり満足できなかった。,0,低評価,ホテル,train
4570,リゾートは最初館内設備が気になったが、使い続けると浴場の良さが分かり、今は満足している。,1,高評価,ホテル,train
4571,一週間ほど試した。電源タップはデザインが良く、かなり満足している。,1,高評価,EC商品,train
4572,接続の安定性は予想以上だったが、そのほかはコストパフォーマンスが使いにくく不満が残った。,0,低評価,EC商品,train
4573,演出に不満があり、SF映画を選んだのは失敗だった。,0,低評価,映画,train
4574,一週間ほど試した。通知機能は予想以上だったが、そのほかは検索機能が使いにくく不満が残った。,0,低評価,アプリ,train
4575,期待して購入した。空調が想像より悪く、リゾートには低評価を付けたい。,0,低評価,ホテル,train
4576,期待して購入した。洋食店は期待以上。温度とボリュームのどちらも使いやすく、とても気に入った。,1,高評価,飲食店,validation
4577,一週間ほど試した。耐久性には満足したものの、動作の安定性が期待外れだったのでデスクには低評価を付けたい。,0,低評価,EC商品,train
4578,冒険映画は完璧ではなく世界観に難がある。それでもストーリーが優れていて満足度は高い。,1,高評価,映画,train
4579,シティホテルは館内設備に良い点もあった。しかしチェックインのスムーズさに問題があり、結果的にはおすすめしにくい。,0,低評価,ホテル,validation
4580,実際に使ってみると、同期機能は決して悪くなく、読書アプリを選んで良かったと思う。,1,高評価,アプリ,train
4581,静かさは魅力的だったが、価格がかなり残念で、全体としては満足できなかった。,0,低評価,ホテル,train
4582,家計簿アプリは設定画面は良かったが、バッテリー消費が悪く、総合的には不満が残った。,0,低評価,アプリ,train
4583,接客に大きな不満はなく、カフェを選んで正解だった。,1,高評価,飲食店,train
4584,ニュースアプリは最初同期機能が良いと感じたが、使い続けるとデザインの問題が目立ち、評価は下がった。,0,低評価,アプリ,train
4585,軽さに問題がないとは言えないが、マウスは総合的には十分満足できる。,1,高評価,EC商品,train
4586,実際に使ってみると、ゲームアプリは完璧ではなく検索精度に難がある。それでも操作性が優れていて満足度は高い。,1,高評価,アプリ,train
4587,今回初めて利用した。予約アプリは安くないのに、操作性がこの程度では納得できない。,0,低評価,アプリ,train
4588,ホテルは値段以上の価値を感じた。特に清掃が素晴らしい。,1,高評価,ホテル,train
4589,しばらく利用した結果、ミステリー映画は最初演出が良いと感じたが、使い続けると映像の問題が目立ち、評価は下がった。,0,低評価,映画,test
4590,評判が良かったので試した。ビュッフェは期待を裏切らなかった。デザートにも不満はない。,1,高評価,飲食店,train
4591,動作の安定性がとても良かったので、工具セットをまた利用したい。,1,高評価,EC商品,test
4592,組み立て家具は値段に見合わない。特に音質に問題があった。,0,低評価,EC商品,validation
4593,一週間ほど試した。スポーツ映画は値段以上の価値を感じた。特にラストが素晴らしい。,1,高評価,映画,train
4594,操作感が全く使えないわけではないが、収納棚を高く評価するほどではない。,0,低評価,EC商品,train
4595,通知機能は予想以上だったが、そのほかは機能の分かりやすさが使いにくく不満が残った。,0,低評価,アプリ,train
4596,音楽映画は安くないのに、アクションがこの程度では納得できない。,0,低評価,映画,train
4597,評判が良かったので試した。SF映画は演技で気になる点もあった。しかし世界観が良く、結果的には買って良かった。,1,高評価,映画,train
4598,今回初めて利用した。モニターは高くないわけではないが、品質を考えると納得できる。,1,高評価,EC商品,train
4599,アニメ映画は値段に見合わない。特にアクションに問題があった。,0,低評価,映画,train
4600,洋食店は席の広さに少し不満があったが、香りは良く、総合的には満足している。,1,高評価,飲食店,validation
4601,レビューを見て選んだが、ホテルを使ってみたが、ベッドの快適さが期待外れだった。,0,低評価,ホテル,train
4602,アニメ映画は値段に見合わない。特に会話に問題があった。,0,低評価,映画,test
4603,学習アプリはデザインに少し不満があったが、レスポンスは良く、総合的には高く評価している。,1,高評価,アプリ,train
4604,健康管理アプリは安定性で気になる点もあった。しかしアップデートが良く、結果的には買って良かった。,1,高評価,アプリ,train
4605,アメニティが残念だったので、格安ホテルはもう利用したくない。,0,低評価,ホテル,train
4606,梱包が素晴らしく、さらに耐久性にも満足した。イヤホンをまた選びたい。,1,高評価,EC商品,train
4607,タスク管理アプリは検索精度が悪く、かなりかなり残念だった。,0,低評価,アプリ,train
4608,軽さがとても良かったので、充電器をまた利用したい。,1,高評価,EC商品,test
4609,レビューを見て選んだが、山の旅館は完璧ではなくWi-Fiに難がある。それでも浴場が優れていて満足度は高い。,1,高評価,ホテル,train
4610,サスペンス映画は期待以上。世界観と脚本のどちらも使いやすく、とても気に入った。,1,高評価,映画,train
4611,料理の味が悪くないというレビューもあったが、自分にはケーキ店は合わなかった。,0,低評価,飲食店,train
4612,レビューを見て選んだが、ヘッドホンは期待以上。操作感と接続の安定性のどちらも使いやすく、とても気に入った。,1,高評価,EC商品,train
4613,操作性が想像より悪く、写真アプリには低評価を付けたい。,0,低評価,アプリ,train
4614,部屋の広さが良くないというレビューもあったが、自分はゲストハウスに満足している。,1,高評価,ホテル,train
4615,一週間ほど試した。戦争映画はテーマが安定していて、ストレスなく使えた。,1,高評価,映画,train
4616,実際に使ってみると、防音に問題があり、さらに静かさにも不満がある。民宿はもう選ばない。,0,低評価,ホテル,train
4617,評判が良かったので試した。ドラマ映画は値段以上の価値を感じた。特に演出が素晴らしい。,1,高評価,映画,train
4618,うどん店は最初スタッフの対応が気になったが、使い続けるとメニューの豊富さの良さが分かり、今は満足している。,1,高評価,飲食店,train
4619,ゲームアプリは検索精度に良い点もあった。しかし広告の少なさに問題があり、結果的にはおすすめしにくい。,0,低評価,アプリ,train
4620,犯罪映画はテンポが悪く、かなり不満が残った。,0,低評価,映画,train
4621,動画アプリは広告の少なさが安定していて、ストレスなく使えた。,1,高評価,アプリ,train
4622,モニターは静音性が良く、かなり十分満足している。,1,高評価,EC商品,train
4623,最初の印象では、スピーカーを使ってみたが、耐久性が期待以上だった。,1,高評価,EC商品,train
4624,何度か利用してみた。清掃が全く使えないわけではないが、リゾートホテルを高く評価するほどではない。,0,低評価,ホテル,train
4625,デザインに不満があり、家計簿アプリを選んだのは失敗だった。,0,低評価,アプリ,train
4626,今回初めて利用した。スマートフォンは使いやすさもバッテリー持ちも非常に良かった。文句なしで高評価。,1,高評価,EC商品,test
4627,地図アプリのデザインは良くない。期待していただけに残念だった。,0,低評価,アプリ,train
4628,和風旅館は最初チェックインのスムーズさが良いと感じたが、使い続けるとフロント対応の問題が目立ち、評価は下がった。,0,低評価,ホテル,train
4629,映像には改善してほしい部分があるが、テンポはかなり良く、全体としては気に入った。,1,高評価,映画,test
4630,頑丈さは決して悪くなく、組み立て家具を選んで良かったと思う。,1,高評価,EC商品,train
4631,サスペンス映画は値段以上の価値を感じた。特に演出が素晴らしい。,1,高評価,映画,train
4632,演技には満足したものの、アクションが期待外れだったので音楽映画には低評価を付けたい。,0,低評価,映画,train
4633,青春映画は完璧ではなく伏線に難がある。それでも演技が優れていて満足度は高い。,1,高評価,映画,train
4634,マウスは組み立てやすさが良く、かなり気に入っている。,1,高評価,EC商品,validation
4635,バッグはコストパフォーマンスに良い点もあった。しかし組み立てやすさに問題があり、結果的にはおすすめしにくい。,0,低評価,EC商品,train
4636,最初の印象では、メニューの豊富さは少し悪かったものの、会計が期待以上だったのでカフェには高評価を付けたい。,1,高評価,飲食店,train
4637,今回初めて利用した。空港ホテルは期待外れ。アクセスと部屋の広さのどちらも使いにくく、がっかりした。,0,低評価,ホテル,test
4638,何度か利用してみた。デザインは決して悪くなく、収納棚を選んで良かったと思う。,1,高評価,EC商品,train
4639,民宿は期待外れ。朝食と防音のどちらも使いにくく、がっかりした。,0,低評価,ホテル,train
4640,SNSアプリは読み込み速度に良い点もあった。しかし機能の分かりやすさに問題があり、結果的にはおすすめしにくい。,0,低評価,アプリ,validation
4641,和風旅館は期待外れ。ベッドの快適さと朝食のどちらも使いにくく、がっかりした。,0,低評価,ホテル,test
4642,カレー店はドリンクに良い点もあった。しかし価格に問題があり、結果的にはおすすめしにくい。,0,低評価,飲食店,train
4643,チャットアプリは値段以上の価値を感じた。特にログインが素晴らしい。,1,高評価,アプリ,train
4644,しばらく利用した結果、香りには改善してほしい部分があるが、店内の清潔さはかなり良く、全体としては気に入った。,1,高評価,飲食店,train
4645,最初の印象では、防音には改善してほしい部分があるが、ベッドの快適さはかなり良く、全体としては気に入った。,1,高評価,ホテル,train
4646,ハンバーガー店のドリンクは良くない。期待していただけに残念だった。,0,低評価,飲食店,validation
4647,チェックアウトには改善してほしい部分があるが、館内設備はかなり良く、全体としては気に入った。,1,高評価,ホテル,train
4648,今回初めて利用した。演技には改善してほしい部分があるが、ストーリーはかなり良く、全体としては気に入った。,1,高評価,映画,train
4649,温泉旅館を使ってみたが、アクセスが期待以上だった。,1,高評価,ホテル,test
4650,最初の印象では、地図アプリは安くないのに、広告の少なさがこの程度では納得できない。,0,低評価,アプリ,train
4651,アクション映画は一見良さそうで演出も悪くない。それでも感情表現がひどく、次は選ばない。,0,低評価,映画,train
4652,SNSアプリは安くないのに、デザインがこの程度では納得できない。,0,低評価,アプリ,train
4653,今回初めて利用した。手触りが想像より悪く、収納棚には低評価を付けたい。,0,低評価,EC商品,train
4654,チェックインのスムーズさが想像より良く、リゾートには高評価を付けたい。,1,高評価,ホテル,train
4655,レスポンスは少し悪かったものの、読み込み速度が期待以上だったので学習アプリには高評価を付けたい。,1,高評価,アプリ,train
4656,ファミレスは立地は良かったが、雰囲気が悪く、総合的には満足できなかった。,0,低評価,飲食店,test
4657,迫力には満足したものの、キャラクターが期待外れだったのでコメディ映画には低評価を付けたい。,0,低評価,映画,train
4658,レビューを見て選んだが、寿司店は雰囲気もドリンクも非常に良かった。文句なしで高評価。,1,高評価,飲食店,train
4659,高級ホテルを使ってみたが、アクセスが期待以上だった。,1,高評価,ホテル,train
4660,一週間ほど試した。操作感に大きな不満はなく、バッグを選んで正解だった。,1,高評価,EC商品,test
4661,一週間ほど試した。温泉ホテルは期待に応えてくれなかった。眺めにも満足できない。,0,低評価,ホテル,train
4662,ボリュームが想像より良く、焼肉店には高評価を付けたい。,1,高評価,飲食店,test
4663,今回初めて利用した。ビジネスホテルはWi-Fiが悪く、かなり不満が残った。,0,低評価,ホテル,train
4664,最初の印象では、余韻が素晴らしく、さらに映像にも満足した。ドキュメンタリー映画をまた選びたい。,1,高評価,映画,train
4665,充電器は操作感は良かったが、手触りが悪く、総合的には不満が残った。,0,低評価,EC商品,train
4666,定食屋は香りが良く、かなり満足している。,1,高評価,飲食店,train
4667,和風旅館は期待外れ。浴場と眺めのどちらも使いにくく、がっかりした。,0,低評価,ホテル,train
4668,期待して購入した。世界観に問題があり、さらに音楽にも不満がある。ミステリー映画はもう選ばない。,0,低評価,映画,train
4669,今回初めて利用した。設定画面に不満があり、読書アプリを選んだのは失敗だった。,0,低評価,アプリ,train
4670,パン屋は立地で気になる点もあった。しかし食材の新鮮さが良く、結果的には買って良かった。,1,高評価,飲食店,train
4671,動画アプリのバッテリー消費は良くない。期待していただけに残念だった。,0,低評価,アプリ,train
4672,掃除機は安くないのに、デザインがこの程度では納得できない。,0,低評価,EC商品,train
4673,レビューを見て選んだが、世界観に大きな不満はなく、戦争映画を選んで正解だった。,1,高評価,映画,train
4674,温度に不満があり、イタリアンを選んだのは失敗だった。,0,低評価,飲食店,train
4675,地図アプリを使ってみたが、デザインが期待以上だった。,1,高評価,アプリ,test
4676,しばらく利用した結果、冒険映画はアクションが良く、かなり満足している。,1,高評価,映画,train
4677,ストーリーが想像より悪く、ドラマ映画には低評価を付けたい。,0,低評価,映画,train
4678,歴史映画は一見良さそうで演出も悪くない。それでもストーリーがひどく、次は選ばない。,0,低評価,映画,train
4679,今回初めて利用した。組み立てやすさが良くないというレビューもあったが、自分は充電器に満足している。,1,高評価,EC商品,train
4680,ビジネスホテルは空調に良い点もあった。しかし部屋の清潔さに問題があり、結果的にはおすすめしにくい。,0,低評価,ホテル,train
4681,定食屋は値段以上の価値を感じた。特にデザートが素晴らしい。,1,高評価,飲食店,train
4682,読書アプリは検索機能も設定画面も非常に良かった。文句なしで高評価。,1,高評価,アプリ,train
4683,入力のしやすさがとても良かったので、メモアプリをまた利用したい。,1,高評価,アプリ,train
4684,静音性は決して良いとは言えず、モニターには不満が残った。,0,低評価,EC商品,train
4685,浴場が想像より良く、駅前ホテルには高評価を付けたい。,1,高評価,ホテル,train
4686,店内の清潔さが想像より良く、中華料理店には高評価を付けたい。,1,高評価,飲食店,train
4687,バッテリー消費が残念だったので、翻訳アプリはもう利用したくない。,0,低評価,アプリ,train
4688,動作の安定性が残念だったので、マウスはもう利用したくない。,0,低評価,EC商品,train
4689,軽さは決して悪くなく、モニターを選んで良かったと思う。,1,高評価,EC商品,validation
4690,洋食店は香りも待ち時間も非常に良かった。文句なしで高評価。,1,高評価,飲食店,train
4691,ボリュームが悪くないというレビューもあったが、自分にはパン屋は合わなかった。,0,低評価,飲食店,train
4692,決済アプリを使ってみたが、起動速度が期待外れだった。,0,低評価,アプリ,train
4693,評判が良かったので試した。掃除機を使ってみたが、耐久性が期待外れだった。,0,低評価,EC商品,train
4694,清掃が想像より良く、リゾートには高評価を付けたい。,1,高評価,ホテル,validation
4695,評判が良かったので試した。注文のしやすさに不満があり、ケーキ店を選んだのは失敗だった。,0,低評価,飲食店,train
4696,冒険映画は値段に見合わない。特にキャラクターに問題があった。,0,低評価,映画,train
4697,宿泊施設はベッドの快適さが安定していて、ストレスなく使えた。,1,高評価,ホテル,validation
4698,最初の印象では、店内の清潔さは予想以上だったが、そのほかは提供の早さが使いにくく不満が残った。,0,低評価,飲食店,train
4699,反応速度には満足したものの、頑丈さが期待外れだったのでイヤホンには低評価を付けたい。,0,低評価,EC商品,train
4700,何度か利用してみた。構成は魅力的だったが、余韻がかなり残念で、全体としては満足できなかった。,0,低評価,映画,train
4701,期待して購入した。戦争映画は構成が良く、かなり十分満足している。,1,高評価,映画,train
4702,空調が残念だったので、海辺のホテルはもう利用したくない。,0,低評価,ホテル,train
4703,高級ホテルは立地に少し不満があったが、清掃は良く、総合的には満足している。,1,高評価,ホテル,train
4704,レビューを見て選んだが、バッグは梱包が安定していて、ストレスなく使えた。,1,高評価,EC商品,train
4705,イタリアンは料理の味も盛り付けも非常に良かった。文句なしで高評価。,1,高評価,飲食店,validation
4706,定食屋は席の広さに良い点もあった。しかし会計に問題があり、結果的にはおすすめしにくい。,0,低評価,飲食店,train
4707,伏線は魅力的だったが、声優がかなり残念で、全体としては満足できなかった。,0,低評価,映画,train
4708,コメディ映画を使ってみたが、テーマが期待外れだった。,0,低評価,映画,train
4709,音楽アプリは期待を裏切らなかった。機能の分かりやすさにも不満はない。,1,高評価,アプリ,train
4710,浴場が想像より悪く、ホテルには低評価を付けたい。,0,低評価,ホテル,train
4711,海辺のホテルのベッドの快適さは悪くない。むしろ使ってみるとかなり満足できた。,1,高評価,ホテル,validation
4712,何度か利用してみた。キーボードは高くないわけではないが、音質を考えると納得できる。,1,高評価,EC商品,test
4713,予約アプリは操作性が安定していて、ストレスなく使えた。,1,高評価,アプリ,train
4714,梱包が全く使えないわけではないが、バッグを高く評価するほどではない。,0,低評価,EC商品,train
4715,最初の印象では、音楽が全く使えないわけではないが、戦争映画を高く評価するほどではない。,0,低評価,映画,train
4716,リゾートは清掃が不安定で、かなりストレスを感じた。,0,低評価,ホテル,test
4717,演出が少し悪くなっているところもあったが、そのほかは感情表現が良く使いやすい。,1,高評価,映画,validation
4718,何度か利用してみた。音質は少し悪かったものの、コストパフォーマンスが期待以上だったので椅子には高評価を付けたい。,1,高評価,EC商品,test
4719,Wi-Fiは決して悪くなく、和風旅館を選んで良かったと思う。,1,高評価,ホテル,validation
4720,健康管理アプリは機能の分かりやすさに少し不満があったが、読み込み速度は良く、総合的には満足している。,1,高評価,アプリ,train
4721,ケーブルは値段以上の価値を感じた。特に操作感が素晴らしい。,1,高評価,EC商品,train
4722,レビューを見て選んだが、ラストがとても良かったので、ホラー映画をまた利用したい。,1,高評価,映画,train
4723,ゲストハウスは値段に見合わない。特に静かさに問題があった。,0,低評価,ホテル,train
4724,サスペンス映画は最初テンポが良いと感じたが、使い続けると世界観の問題が目立ち、評価は下がった。,0,低評価,映画,train
4725,今回初めて利用した。民宿の立地は悪くない。むしろ使ってみるとかなり満足できた。,1,高評価,ホテル,train
4726,アニメ映画は期待外れ。構成と映像のどちらも使いにくく、がっかりした。,0,低評価,映画,train
4727,一週間ほど試した。宿泊施設はベッドの快適さが不安定で、かなりストレスを感じた。,0,低評価,ホテル,train
4728,そば屋は一見良さそうで盛り付けも悪くない。それでも温度がひどく、次は選ばない。,0,低評価,飲食店,train
4729,期待して購入した。焼肉店は盛り付けが良く、かなり気に入っている。,1,高評価,飲食店,train
4730,今回初めて利用した。会話が少し悪くなっているところもあったが、そのほかは伏線が良く使いやすい。,1,高評価,映画,train
4731,イヤホンを使ってみたが、バッテリー持ちが期待以上だった。,1,高評価,EC商品,train
4732,組み立てやすさに大きな不満はなく、イヤホンを選んで正解だった。,1,高評価,EC商品,train
4733,レビューを見て選んだが、会話は決して良いとは言えず、アニメ映画には不満が残った。,0,低評価,映画,validation
4734,犯罪映画は安くないのに、映像がこの程度では納得できない。,0,低評価,映画,train
4735,SF映画は期待に応えてくれなかった。声優にも満足できない。,0,低評価,映画,train
4736,期待して購入した。ビュッフェは最初待ち時間が良いと感じたが、使い続けると雰囲気の問題が目立ち、評価は下がった。,0,低評価,飲食店,train
4737,温度がとても良かったので、回転寿司をまた利用したい。,1,高評価,飲食店,train
4738,検索機能がとても良かったので、メモアプリをまた利用したい。,1,高評価,アプリ,train
4739,民宿は高くないわけではないが、静かさを考えると納得できる。,1,高評価,ホテル,train
4740,会計がとても良かったので、洋食店をまた利用したい。,1,高評価,飲食店,train
4741,期待して購入した。ドラマ映画は値段以上の価値を感じた。特に感情表現が素晴らしい。,1,高評価,映画,train
4742,香りには満足したものの、スタッフの対応が期待外れだったので定食屋には低評価を付けたい。,0,低評価,飲食店,train
4743,演技に不満があり、ミステリー映画を選んだのは失敗だった。,0,低評価,映画,validation
4744,今回初めて利用した。ホテルは最初浴場が良いと感じたが、使い続けるとフロント対応の問題が目立ち、評価は下がった。,0,低評価,ホテル,train
4745,しばらく利用した結果、操作感は魅力的だったが、手触りがかなり残念で、全体としては満足できなかった。,0,低評価,EC商品,train
4746,実際に使ってみると、同期機能が全く使えないわけではないが、タスク管理アプリを高く評価するほどではない。,0,低評価,アプリ,validation
4747,ハンバーガー店は安くないのに、メニューの豊富さがこの程度では納得できない。,0,低評価,飲食店,train
4748,レビューを見て選んだが、コメディ映画は声優は良かったが、演技が悪く、総合的には不満が残った。,0,低評価,映画,train
4749,カプセルホテルを使ってみたが、清掃が期待外れだった。,0,低評価,ホテル,train
4750,メニューの豊富さに大きな不満はなく、洋食店を選んで正解だった。,1,高評価,飲食店,train
4751,期待して購入した。椅子は期待に応えてくれなかった。使いやすさにも満足できない。,0,低評価,EC商品,train
4752,今回初めて利用した。水筒は一見良さそうで音質も悪くない。それでも反応速度がひどく、次は選ばない。,0,低評価,EC商品,train
4753,カレンダーアプリを使ってみたが、読み込み速度が期待以上だった。,1,高評価,アプリ,train
4754,香りに不満があり、カフェを選んだのは失敗だった。,0,低評価,飲食店,train
4755,使い勝手は予想以上だったが、そのほかは操作性が使いにくく不満が残った。,0,低評価,アプリ,train
4756,アメニティが素晴らしく、さらに部屋の広さにも満足した。和風旅館をまた選びたい。,1,高評価,ホテル,train
4757,寿司店の接客は良くない。期待していただけに残念だった。,0,低評価,飲食店,train
4758,冒険映画は映像は良かったが、構成が悪く、総合的には満足できなかった。,0,低評価,映画,train
4759,タブレットを使ってみたが、頑丈さが期待以上だった。,1,高評価,EC商品,train
4760,実際に使ってみると、決済アプリは安くないのに、設定画面がこの程度では納得できない。,0,低評価,アプリ,train
4761,何度か利用してみた。短編映画は期待外れ。音楽と迫力のどちらも使いにくく、がっかりした。,0,低評価,映画,train
4762,アクションは少し悪かったものの、余韻が期待以上だったのでSF映画には高評価を付けたい。,1,高評価,映画,train
4763,アクセスには満足したものの、浴場が期待外れだったので温泉旅館には低評価を付けたい。,0,低評価,ホテル,train
4764,和風旅館を使ってみたが、静かさが期待以上だった。,1,高評価,ホテル,train
4765,洋食店は席の広さが悪く、かなり不満が残った。,0,低評価,飲食店,train
4766,何度か利用してみた。ケーキ店は接客が悪く、かなり満足できなかった。,0,低評価,飲食店,train
4767,テンポに問題があり、さらにテーマにも不満がある。犯罪映画はもう選ばない。,0,低評価,映画,test
4768,レビューを見て選んだが、温泉ホテルは静かさが良く、かなり満足している。,1,高評価,ホテル,train
4769,温度に大きな不満はなく、寿司店を選んで正解だった。,1,高評価,飲食店,train
4770,音楽アプリは広告の少なさも読み込み速度も非常に良かった。文句なしで高評価。,1,高評価,アプリ,train
4771,ストーリーは決して良いとは言えず、短編映画には不満が残った。,0,低評価,映画,train
4772,和風旅館は期待を裏切らなかった。部屋の広さにも不満はない。,1,高評価,ホテル,train
4773,レビューを見て選んだが、地図アプリは起動速度が不安定で、かなりストレスを感じた。,0,低評価,アプリ,train
4774,期待して購入した。掃除機は軽さが安定していて、ストレスなく使えた。,1,高評価,EC商品,train
4775,最初の印象では、検索精度が全く使えないわけではないが、学習アプリを高く評価するほどではない。,0,低評価,アプリ,train
4776,空港ホテルは立地が悪く、かなり不満が残った。,0,低評価,ホテル,train
4777,今回初めて利用した。ネジ穴の精度が少し悪くなっているところもあったが、そのほかは音質が良く使いやすい。,1,高評価,EC商品,train
4778,梱包が残念だったので、キーボードはもう利用したくない。,0,低評価,EC商品,train
4779,評判が良かったので試した。迫力が想像より良く、青春映画には高評価を付けたい。,1,高評価,映画,train
4780,実際に使ってみると、余韻が想像より悪く、アクション映画には低評価を付けたい。,0,低評価,映画,train
4781,評判が良かったので試した。山の旅館を使ってみたが、チェックアウトが期待以上だった。,1,高評価,ホテル,train
4782,そば屋は完璧ではなくスタッフの対応に難がある。それでも価格が優れていて満足度は高い。,1,高評価,飲食店,test
4783,通知機能は魅力的だったが、起動速度がかなり残念で、全体としては満足できなかった。,0,低評価,アプリ,train
4784,反応速度が悪くないというレビューもあったが、自分にはマウスは合わなかった。,0,低評価,EC商品,train
4785,決済アプリは期待以上。同期機能とデザインのどちらも使いやすく、とても気に入った。,1,高評価,アプリ,validation
4786,イヤホンは期待外れ。コストパフォーマンスと動作の安定性のどちらも使いにくく、がっかりした。,0,低評価,EC商品,train
4787,レビューを見て選んだが、収納棚は期待に応えてくれなかった。デザインにも満足できない。,0,低評価,EC商品,train
4788,実際に使ってみると、使い勝手は決して良いとは言えず、決済アプリにはかなり残念だった。,0,低評価,アプリ,validation
4789,収納棚は接続の安定性が安定していて、ストレスなく使えた。,1,高評価,EC商品,train
4790,一週間ほど試した。席の広さに不満があり、カレー店を選んだのは失敗だった。,0,低評価,飲食店,train
4791,スタッフの対応が全く使えないわけではないが、ステーキ店を高く評価するほどではない。,0,低評価,飲食店,train
4792,ベッドの快適さは決して良いとは言えず、駅前ホテルには納得できなかった。,0,低評価,ホテル,train
4793,動作速度が残念だったので、読書アプリはもう利用したくない。,0,低評価,アプリ,train
4794,地図アプリは完璧ではなく広告の少なさに難がある。それでもレスポンスが優れていて満足度は高い。,1,高評価,アプリ,train
4795,最初の印象では、掃除機は軽さが悪く、かなりかなり残念だった。,0,低評価,EC商品,train
4796,何度か利用してみた。接続の安定性が想像より悪く、デスクには低評価を付けたい。,0,低評価,EC商品,train
4797,テーマが想像より良く、音楽映画には高評価を付けたい。,1,高評価,映画,train
4798,期待して購入した。世界観がとても良かったので、SF映画をまた利用したい。,1,高評価,映画,train
4799,評判が良かったので試した。感情表現が残念だったので、SF映画はもう利用したくない。,0,低評価,映画,train
4800,組み立てやすさは魅力的だったが、手触りがかなり残念で、全体としては満足できなかった。,0,低評価,EC商品,train
4801,アクション映画は値段に見合わない。特にストーリーに問題があった。,0,低評価,映画,train
4802,評判が良かったので試した。民宿は値段以上の価値を感じた。特にWi-Fiが素晴らしい。,1,高評価,ホテル,validation
4803,組み立て家具を使ってみたが、ネジ穴の精度が期待外れだった。,0,低評価,EC商品,train
4804,スタッフの対応は予想以上だったが、そのほかはアクセスが使いにくく不満が残った。,0,低評価,ホテル,train
4805,学習アプリは値段に見合わない。特に検索機能に問題があった。,0,低評価,アプリ,train
4806,耐久性がとても良かったので、デスクをまた利用したい。,1,高評価,EC商品,validation
4807,今回初めて利用した。温泉旅館は清掃は良かったが、ベッドの快適さが悪く、総合的には不満が残った。,0,低評価,ホテル,train
4808,ビュッフェは最初注文のしやすさが良いと感じたが、使い続けると温度の問題が目立ち、評価は下がった。,0,低評価,飲食店,train
4809,しばらく利用した結果、そば屋は値段以上の価値を感じた。特に店内の清潔さが素晴らしい。,1,高評価,飲食店,train
4810,一週間ほど試した。予約アプリは一見良さそうで操作性も悪くない。それでも安定性がひどく、次は選ばない。,0,低評価,アプリ,train
4811,ベッドの快適さが少し悪くなっているところもあったが、そのほかは部屋の広さが良く使いやすい。,1,高評価,ホテル,train
4812,音楽に不満があり、SF映画を選んだのは失敗だった。,0,低評価,映画,train
4813,デザインが想像より悪く、地図アプリには低評価を付けたい。,0,低評価,アプリ,train
4814,レビューを見て選んだが、接客に問題があり、さらに温度にも不満がある。ビュッフェはもう選ばない。,0,低評価,飲食店,test
4815,空港ホテルは完璧ではなく浴場に難がある。それでも価格が優れていて満足度は高い。,1,高評価,ホテル,validation
4816,何度か利用してみた。ステーキ店は値段に見合わない。特に店内の清潔さに問題があった。,0,低評価,飲食店,train
4817,恋愛映画は演出に少し不満があったが、構成は良く、総合的には満足している。,1,高評価,映画,train
4818,待ち時間に不満があり、回転寿司を選んだのは失敗だった。,0,低評価,飲食店,train
4819,カプセルホテルはチェックアウトが良く、かなり満足している。,1,高評価,ホテル,train
4820,歴史映画はアクションが不安定で、かなりストレスを感じた。,0,低評価,映画,train
4821,立地に大きな不満はなく、中華料理店を選んで正解だった。,1,高評価,飲食店,train
4822,料理の味には満足したものの、会計が期待外れだったので洋食店には低評価を付けたい。,0,低評価,飲食店,train
4823,検索精度が残念だったので、決済アプリはもう利用したくない。,0,低評価,アプリ,train
4824,軽さが良くないというレビューもあったが、自分は電源タップに十分満足している。,1,高評価,EC商品,train
4825,焼肉店は香りは良かったが、待ち時間が悪く、総合的には満足できなかった。,0,低評価,飲食店,train
4826,家族向け映画を使ってみたが、ラストが期待外れだった。,0,低評価,映画,test
4827,何度か利用してみた。モニターは最初品質が良いと感じたが、使い続けるとデザインの問題が目立ち、評価は下がった。,0,低評価,EC商品,train
4828,評判が良かったので試した。工具セットはサイズ感が安定していて、ストレスなく使えた。,1,高評価,EC商品,train
4829,アクションが想像より良く、ドラマ映画には高評価を付けたい。,1,高評価,映画,train
4830,Wi-Fiが少し悪くなっているところもあったが、そのほかは浴場が良く使いやすい。,1,高評価,ホテル,train
4831,マウスは軽さが不安定で、かなりストレスを感じた。,0,低評価,EC商品,train
4832,接続の安定性には満足したものの、品質が期待外れだったので工具セットには低評価を付けたい。,0,低評価,EC商品,train
4833,検索精度には満足したものの、通知機能が期待外れだったのでナビアプリには低評価を付けたい。,0,低評価,アプリ,train
4834,空港ホテルは期待外れ。空調と静かさのどちらも使いにくく、がっかりした。,0,低評価,ホテル,train
4835,ラーメン店は価格が悪く、かなり不満が残った。,0,低評価,飲食店,train
4836,何度か利用してみた。回転寿司は期待外れ。スタッフの対応と雰囲気のどちらも使いにくく、がっかりした。,0,低評価,飲食店,train
4837,映像が残念だったので、犯罪映画はもう利用したくない。,0,低評価,映画,train
4838,コストパフォーマンスに不満があり、工具セットを選んだのは失敗だった。,0,低評価,EC商品,validation
4839,今回初めて利用した。予約アプリは入力のしやすさが不安定で、かなりストレスを感じた。,0,低評価,アプリ,train
4840,モニターは反応速度が安定していて、ストレスなく使えた。,1,高評価,EC商品,train
4841,ドリンクが悪くないというレビューもあったが、自分にはケーキ店は合わなかった。,0,低評価,飲食店,train
4842,実際に使ってみると、テーマが少し悪くなっているところもあったが、そのほかは映像が良く使いやすい。,1,高評価,映画,train
4843,評判が良かったので試した。スピーカーは値段に見合わない。特に使いやすさに問題があった。,0,低評価,EC商品,train
4844,レビューを見て選んだが、立地が想像より悪く、ハンバーガー店には低評価を付けたい。,0,低評価,飲食店,train
4845,最初の印象では、アクセスが素晴らしく、さらにフロント対応にも満足した。リゾートホテルをまた選びたい。,1,高評価,ホテル,train
4846,Wi-Fiは魅力的だったが、チェックインのスムーズさがかなり残念で、全体としては満足できなかった。,0,低評価,ホテル,train
4847,一週間ほど試した。構成には改善してほしい部分があるが、迫力はかなり良く、全体としては気に入った。,1,高評価,映画,train
4848,一週間ほど試した。操作性は予想以上だったが、そのほかは通知機能が使いにくく不満が残った。,0,低評価,アプリ,train
4849,会計が想像より悪く、回転寿司には低評価を付けたい。,0,低評価,飲食店,train
4850,モニターは軽さで気になる点もあった。しかしサイズ感が良く、結果的には買って良かった。,1,高評価,EC商品,train
4851,タスク管理アプリは動作速度に良い点もあった。しかし読み込み速度に問題があり、結果的にはおすすめしにくい。,0,低評価,アプリ,test
4852,実際に使ってみると、バッテリー持ちに大きな不満はなく、水筒を選んで正解だった。,1,高評価,EC商品,validation
4853,提供の早さは予想以上だったが、そのほかは注文のしやすさが使いにくく不満が残った。,0,低評価,飲食店,train
4854,使い勝手に問題があり、さらに検索機能にも不満がある。チャットアプリはもう選ばない。,0,低評価,アプリ,test
4855,評判が良かったので試した。ビュッフェは香りで気になる点もあった。しかし提供の早さが良く、結果的には買って良かった。,1,高評価,飲食店,train
4856,歴史映画は構成に少し不満があったが、世界観は良く、総合的には高く評価している。,1,高評価,映画,train
4857,温泉旅館は値段以上の価値を感じた。特にスタッフの対応が素晴らしい。,1,高評価,ホテル,train
4858,バッテリー消費が残念だったので、読書アプリはもう利用したくない。,0,低評価,アプリ,train
4859,実際に使ってみると、宿泊施設は一見良さそうでアクセスも悪くない。それでも眺めがひどく、次は選ばない。,0,低評価,ホテル,train
4860,メニューの豊富さに問題があり、さらにボリュームにも不満がある。イタリアンはもう選ばない。,0,低評価,飲食店,train
4861,犯罪映画は高くないわけではないが、キャラクターを考えると納得できる。,1,高評価,映画,train
4862,リゾートホテルはアクセスに良い点もあった。しかし朝食に問題があり、結果的にはおすすめしにくい。,0,低評価,ホテル,train
4863,イタリアンは店内の清潔さも立地も非常に良かった。文句なしで高評価。,1,高評価,飲食店,train
4864,評判が良かったので試した。映像美は魅力的だったが、世界観がかなり残念で、全体としては満足できなかった。,0,低評価,映画,train
4865,ハンバーガー店は値段に見合わない。特に提供の早さに問題があった。,0,低評価,飲食店,validation
4866,椅子の耐久性は悪くない。むしろ使ってみるとかなり満足できた。,1,高評価,EC商品,train
4867,館内設備は魅力的だったが、フロント対応がかなり残念で、全体としては満足できなかった。,0,低評価,ホテル,validation
4868,レビューを見て選んだが、会話がとても良かったので、ファンタジー映画をまた利用したい。,1,高評価,映画,train
4869,待ち時間に不満があり、うどん店を選んだのは失敗だった。,0,低評価,飲食店,train
4870,検索精度は少し悪かったものの、安定性が期待以上だったのでタスク管理アプリには高評価を付けたい。,1,高評価,アプリ,train
4871,スタッフの対応が残念だったので、和風旅館はもう利用したくない。,0,低評価,ホテル,train
4872,立地には満足したものの、店内の清潔さが期待外れだったのでファミレスには低評価を付けたい。,0,低評価,飲食店,train
4873,しばらく利用した結果、館内設備がとても良かったので、シティホテルをまた利用したい。,1,高評価,ホテル,validation
4874,今回初めて利用した。防音は魅力的だったが、スタッフの対応がかなり残念で、全体としては満足できなかった。,0,低評価,ホテル,train
4875,評判が良かったので試した。価格が想像より悪く、カフェには低評価を付けたい。,0,低評価,飲食店,train
4876,同期機能は魅力的だったが、入力のしやすさがかなり残念で、全体としては満足できなかった。,0,低評価,アプリ,train
4877,スポーツ映画は会話に少し不満があったが、テーマは良く、総合的には高く評価している。,1,高評価,映画,train
4878,しばらく利用した結果、伏線が全く使えないわけではないが、ドキュメンタリー映画を高く評価するほどではない。,0,低評価,映画,train
4879,宿泊施設は安くないのに、静かさがこの程度では納得できない。,0,低評価,ホテル,train
4880,ゲームアプリはログインは良かったが、操作性が悪く、総合的には不満が残った。,0,低評価,アプリ,train
4881,アニメ映画を使ってみたが、ストーリーが期待外れだった。,0,低評価,映画,train
4882,しばらく利用した結果、ビュッフェを使ってみたが、提供の早さが期待外れだった。,0,低評価,飲食店,train
4883,注文のしやすさが残念だったので、定食屋はもう利用したくない。,0,低評価,飲食店,train
4884,デザートが残念だったので、パン屋はもう利用したくない。,0,低評価,飲食店,train
4885,サイズ感に大きな不満はなく、水筒を選んで正解だった。,1,高評価,EC商品,train
4886,ビュッフェは期待以上。接客と香りのどちらも使いやすく、とても気に入った。,1,高評価,飲食店,train
4887,テーマが良くないというレビューもあったが、自分はコメディ映画に満足している。,1,高評価,映画,train
4888,期待して購入した。耐久性が想像より良く、電源タップには高評価を付けたい。,1,高評価,EC商品,train
4889,チェックアウトは予想以上だったが、そのほかは館内設備が使いにくく納得できなかった。,0,低評価,ホテル,train
4890,最初の印象では、アップデートには満足したものの、バッテリー消費が期待外れだったのでタスク管理アプリには低評価を付けたい。,0,低評価,アプリ,test
4891,演出が残念だったので、冒険映画はもう利用したくない。,0,低評価,映画,test
4892,タブレットは安くないのに、静音性がこの程度では納得できない。,0,低評価,EC商品,test
4893,山の旅館は眺めは良かったが、アクセスが悪く、総合的には不満が残った。,0,低評価,ホテル,train
4894,朝食には改善してほしい部分があるが、清掃はかなり良く、全体としては気に入った。,1,高評価,ホテル,train
4895,地図アプリは期待に応えてくれなかった。読み込み速度にも満足できない。,0,低評価,アプリ,train
4896,最初の印象では、掃除機は一見良さそうでバッテリー持ちも悪くない。それでも操作感がひどく、次は選ばない。,0,低評価,EC商品,train
4897,一週間ほど試した。会計が素晴らしく、さらに雰囲気にも満足した。カフェをまた選びたい。,1,高評価,飲食店,train
4898,ゲームアプリは設定画面に少し不満があったが、読み込み速度は良く、総合的には十分満足している。,1,高評価,アプリ,train
4899,何度か利用してみた。部屋の広さは少し悪かったものの、立地が期待以上だったのでカプセルホテルには高評価を付けたい。,1,高評価,ホテル,validation
4900,リゾートホテルは最初静かさが良いと感じたが、使い続けるとベッドの快適さの問題が目立ち、評価は下がった。,0,低評価,ホテル,train
4901,品質は決して良いとは言えず、水筒には不満が残った。,0,低評価,EC商品,train
4902,ラーメン店はメニューの豊富さも席の広さも非常に良かった。文句なしで高評価。,1,高評価,飲食店,train
4903,ビジネスホテルを使ってみたが、部屋の清潔さが期待外れだった。,0,低評価,ホテル,train
4904,館内設備が想像より良く、観光ホテルには高評価を付けたい。,1,高評価,ホテル,train
4905,実際に使ってみると、使いやすさは少し悪かったものの、ネジ穴の精度が期待以上だったので工具セットには高評価を付けたい。,1,高評価,EC商品,train
4906,写真アプリは最初読み込み速度が気になったが、使い続けると使い勝手の良さが分かり、今は満足している。,1,高評価,アプリ,train
4907,一週間ほど試した。山の旅館は部屋の広さもアメニティも非常に良かった。文句なしで高評価。,1,高評価,ホテル,train
4908,何度か利用してみた。青春映画は音楽が不安定で、かなりストレスを感じた。,0,低評価,映画,train
4909,会計は決して良いとは言えず、回転寿司には満足できなかった。,0,低評価,飲食店,train
4910,何度か利用してみた。家族向け映画の感情表現は良くない。期待していただけに残念だった。,0,低評価,映画,train
4911,評判が良かったので試した。設定画面には満足したものの、レスポンスが期待外れだったのでカレンダーアプリには低評価を付けたい。,0,低評価,アプリ,train
4912,アニメ映画は余韻が不安定で、かなりストレスを感じた。,0,低評価,映画,train
4913,何度か利用してみた。機能の分かりやすさは決して悪くなく、健康管理アプリを選んで良かったと思う。,1,高評価,アプリ,train
4914,今回初めて利用した。カレー店は接客が良く、かなり満足している。,1,高評価,飲食店,test
4915,部屋の広さは魅力的だったが、防音がかなり残念で、全体としては満足できなかった。,0,低評価,ホテル,train
4916,ゲストハウスは朝食も眺めも非常に良かった。文句なしで高評価。,1,高評価,ホテル,validation
4917,ドラマ映画は脚本が悪く、かなり不満が残った。,0,低評価,映画,train
4918,一週間ほど試した。タブレットは頑丈さが良く、かなり満足している。,1,高評価,EC商品,train
4919,リゾートホテルは朝食が良く、かなり満足している。,1,高評価,ホテル,train
4920,居酒屋は立地が不安定で、かなりストレスを感じた。,0,低評価,飲食店,train
4921,ゲストハウスは期待以上。防音と眺めのどちらも使いやすく、とても気に入った。,1,高評価,ホテル,train
4922,レビューを見て選んだが、検索機能は予想以上だったが、そのほかはアップデートが使いにくく不満が残った。,0,低評価,アプリ,train
4923,バッテリー消費が想像より悪く、メモアプリには低評価を付けたい。,0,低評価,アプリ,train
4924,ゲームアプリは期待外れ。検索精度とアップデートのどちらも使いにくく、がっかりした。,0,低評価,アプリ,train
4925,駅前ホテルは完璧ではなく立地に難がある。それでも朝食が優れていて満足度は高い。,1,高評価,ホテル,train
4926,キーボードは完璧ではなく手触りに難がある。それでも説明書が優れていて満足度は高い。,1,高評価,EC商品,train
4927,一週間ほど試した。回転寿司の温度は悪くない。むしろ使ってみるとかなり満足できた。,1,高評価,飲食店,train
4928,アメニティは予想以上だったが、そのほかはチェックインのスムーズさが使いにくく不満が残った。,0,低評価,ホテル,test
4929,最初の印象では、海辺のホテルは館内設備で気になる点もあった。しかし防音が良く、結果的には買って良かった。,1,高評価,ホテル,train
4930,デザインが想像より悪く、タブレットには低評価を付けたい。,0,低評価,EC商品,train
4931,軽さがとても良かったので、デスクをまた利用したい。,1,高評価,EC商品,train
4932,電源タップは一見良さそうで音質も悪くない。それでも使いやすさがひどく、次は選ばない。,0,低評価,EC商品,train
4933,今回初めて利用した。ベッドの快適さには満足したものの、空調が期待外れだったので格安ホテルには低評価を付けたい。,0,低評価,ホテル,train
4934,しばらく利用した結果、同期機能が想像より良く、音楽アプリには高評価を付けたい。,1,高評価,アプリ,train
4935,家計簿アプリは期待外れ。設定画面とログインのどちらも使いにくく、がっかりした。,0,低評価,アプリ,train
4936,評判が良かったので試した。スポーツ映画はラストも演出もかなり悪かった。残念だが低評価。,0,低評価,映画,train
4937,戦争映画は最初迫力が気になったが、使い続けるとストーリーの良さが分かり、今は十分満足している。,1,高評価,映画,train
4938,ヘッドホンは軽さに良い点もあった。しかし音質に問題があり、結果的にはおすすめしにくい。,0,低評価,EC商品,train
4939,実際に使ってみると、頑丈さに不満があり、タブレットを選んだのは失敗だった。,0,低評価,EC商品,test
4940,価格に問題があり、さらに会計にも不満がある。ケーキ店はもう選ばない。,0,低評価,飲食店,train
4941,立地は予想以上だったが、そのほかはアメニティが使いにくく不満が残った。,0,低評価,ホテル,train
4942,タスク管理アプリは高くないわけではないが、通知機能を考えると納得できる。,1,高評価,アプリ,train
4943,部屋の清潔さがとても良かったので、カプセルホテルをまた利用したい。,1,高評価,ホテル,train
4944,天気アプリは起動速度に良い点もあった。しかしバッテリー消費に問題があり、結果的にはおすすめしにくい。,0,低評価,アプリ,train
4945,コメディ映画はテーマが安定していて、ストレスなく使えた。,1,高評価,映画,test
4946,音楽が想像より良く、短編映画には高評価を付けたい。,1,高評価,映画,train
4947,広告の少なさが素晴らしく、さらにアップデートにも満足した。決済アプリをまた選びたい。,1,高評価,アプリ,train
4948,安定性が素晴らしく、さらに入力のしやすさにも満足した。動画アプリをまた選びたい。,1,高評価,アプリ,test
4949,盛り付けには改善してほしい部分があるが、スタッフの対応はかなり良く、全体としては気に入った。,1,高評価,飲食店,train
4950,機能の分かりやすさに不満があり、翻訳アプリを選んだのは失敗だった。,0,低評価,アプリ,train
4951,一週間ほど試した。カレー店は立地が安定していて、ストレスなく使えた。,1,高評価,飲食店,train
4952,動画アプリは値段に見合わない。特に通知機能に問題があった。,0,低評価,アプリ,test
4953,回転寿司はドリンクに良い点もあった。しかしメニューの豊富さに問題があり、結果的にはおすすめしにくい。,0,低評価,飲食店,train
4954,洋食店は期待を裏切らなかった。ボリュームにも不満はない。,1,高評価,飲食店,train
4955,館内設備は少し悪かったものの、眺めが期待以上だったので宿泊施設には高評価を付けたい。,1,高評価,ホテル,validation
4956,短編映画は音楽が悪く、かなり納得できなかった。,0,低評価,映画,validation
4957,レビューを見て選んだが、ナビアプリは機能の分かりやすさで気になる点もあった。しかし広告の少なさが良く、結果的には買って良かった。,1,高評価,アプリ,train
4958,耐久性は決して悪くなく、工具セットを選んで良かったと思う。,1,高評価,EC商品,train
4959,居酒屋はボリュームも接客も非常に良かった。文句なしで高評価。,1,高評価,飲食店,validation
4960,デザートが想像より悪く、焼肉店には低評価を付けたい。,0,低評価,飲食店,validation
4961,ベッドの快適さが想像より悪く、高級ホテルには低評価を付けたい。,0,低評価,ホテル,train
4962,今回初めて利用した。ビュッフェは高くないわけではないが、スタッフの対応を考えると納得できる。,1,高評価,飲食店,train
4963,演技が想像より良く、戦争映画には高評価を付けたい。,1,高評価,映画,train
4964,待ち時間は少し悪かったものの、店内の清潔さが期待以上だったので喫茶店には高評価を付けたい。,1,高評価,飲食店,train
4965,部屋の広さに大きな不満はなく、リゾートホテルを選んで正解だった。,1,高評価,ホテル,train
4966,部屋の清潔さに大きな不満はなく、カプセルホテルを選んで正解だった。,1,高評価,ホテル,train
4967,ファンタジー映画は安くないのに、ラストがこの程度では納得できない。,0,低評価,映画,train
4968,注文のしやすさは決して悪くなく、焼肉店を選んで良かったと思う。,1,高評価,飲食店,train
4969,駅前ホテルはチェックインのスムーズさで気になる点もあった。しかし清掃が良く、結果的には買って良かった。,1,高評価,ホテル,train
4970,映像が素晴らしく、さらに演出にも満足した。ドラマ映画をまた選びたい。,1,高評価,映画,train
4971,使いやすさが想像より悪く、椅子には低評価を付けたい。,0,低評価,EC商品,train
4972,チェックアウトが悪くないというレビューもあったが、自分にはシティホテルは合わなかった。,0,低評価,ホテル,validation
4973,ホラー映画を使ってみたが、構成が期待以上だった。,1,高評価,映画,train
4974,立地が想像より悪く、リゾートには低評価を付けたい。,0,低評価,ホテル,train
4975,一週間ほど試した。防音に大きな不満はなく、シティホテルを選んで正解だった。,1,高評価,ホテル,train
4976,チャットアプリは期待外れ。読み込み速度と設定画面のどちらも使いにくく、がっかりした。,0,低評価,アプリ,test
4977,スタッフの対応が想像より良く、和風旅館には高評価を付けたい。,1,高評価,ホテル,train
4978,和風旅館はWi-Fiも防音もかなり悪かった。残念だが低評価。,0,低評価,ホテル,train
4979,待ち時間は予想以上だったが、そのほかは香りが使いにくく不満が残った。,0,低評価,飲食店,test
4980,ステーキ店は最初席の広さが気になったが、使い続けると店内の清潔さの良さが分かり、今は満足している。,1,高評価,飲食店,train
4981,何度か利用してみた。予約アプリは設定画面が悪く、かなり不満が残った。,0,低評価,アプリ,train
4982,何度か利用してみた。民宿は完璧ではなくスタッフの対応に難がある。それでもベッドの快適さが優れていて満足度は高い。,1,高評価,ホテル,train
4983,工具セットを使ってみたが、梱包が期待外れだった。,0,低評価,EC商品,train
4984,恋愛映画を使ってみたが、ストーリーが期待外れだった。,0,低評価,映画,test
4985,価格は少し悪かったものの、スタッフの対応が期待以上だったので回転寿司には高評価を付けたい。,1,高評価,飲食店,train
4986,ドラマ映画は声優で気になる点もあった。しかし会話が良く、結果的には買って良かった。,1,高評価,映画,validation
4987,ストーリーがとても良かったので、アクション映画をまた利用したい。,1,高評価,映画,train
4988,何度か利用してみた。ファンタジー映画は最初キャラクターが気になったが、使い続けると映像美の良さが分かり、今は満足している。,1,高評価,映画,train
4989,ビュッフェは接客に良い点もあった。しかし会計に問題があり、結果的にはおすすめしにくい。,0,低評価,飲食店,train
4990,ビジネスホテルはチェックインのスムーズさが不安定で、かなりストレスを感じた。,0,低評価,ホテル,train
4991,収納棚は音質に良い点もあった。しかし組み立てやすさに問題があり、結果的にはおすすめしにくい。,0,低評価,EC商品,train
4992,音楽は決して良いとは言えず、犯罪映画には不満が残った。,0,低評価,映画,train
4993,高級ホテルのアメニティは悪くない。むしろ使ってみるとかなり満足できた。,1,高評価,ホテル,test
4994,タブレットを使ってみたが、デザインが期待外れだった。,0,低評価,EC商品,train
4995,最初の印象では、ビジネスホテルはベッドの快適さが不安定で、かなりストレスを感じた。,0,低評価,ホテル,train
4996,実際に使ってみると、迫力には満足したものの、伏線が期待外れだったので犯罪映画には低評価を付けたい。,0,低評価,映画,train
4997,ドキュメンタリー映画は一見良さそうで迫力も悪くない。それでも世界観がひどく、次は選ばない。,0,低評価,映画,validation
4998,掃除機は完璧ではなく接続の安定性に難がある。それでもサイズ感が優れていて満足度は高い。,1,高評価,EC商品,test
4999,ヘッドホンは操作感に良い点もあった。しかし品質に問題があり、結果的にはおすすめしにくい。,0,低評価,EC商品,train
5000,ファンタジー映画を使ってみたが、映像が期待外れだった。,0,低評価,映画,train
